2026-08-05 17:42:04: {
2026-08-05 17:42:04:   records: [
2026-08-05 17:42:04:     {
2026-08-05 17:42:04:       employeeId: '01345',
2026-08-05 17:42:04:       timestamp: '2026-08-05T09:09:00',
2026-08-05 17:42:04:       serialNumber: '28065',
2026-08-05 17:42:04:       cardNumber: '01345'
2026-08-05 17:42:04:     },
2026-08-05 17:42:04:     {
2026-08-05 17:42:04:       employeeId: '01345',
2026-08-05 17:42:04:       timestamp: '2026-08-05T09:08:58',
2026-08-05 17:42:04:       serialNumber: '28064',
2026-08-05 17:42:04:       cardNumber: '01345'
2026-08-05 17:42:04:     },
2026-08-05 17:42:04:     {
2026-08-05 17:42:04:       employeeId: '01042',
2026-08-05 17:42:04:       timestamp: '2026-08-05T09:08:24',
2026-08-05 17:42:04:       serialNumber: '28061',
2026-08-05 17:42:04:       cardNumber: '01042'
2026-08-05 17:42:04:     },
2026-08-05 17:42:04:     {
2026-08-05 17:42:04:       employeeId: '01042',
2026-08-05 17:42:04:       timestamp: '2026-08-05T09:08:22',
2026-08-05 17:42:04:       serialNumber: '28060',
2026-08-05 17:42:04:       cardNumber: '01042'
2026-08-05 17:42:04:     },
2026-08-05 17:42:04:     {
2026-08-05 17:42:04:       employeeId: '01042',
2026-08-05 17:42:04:       timestamp: '2026-08-05T09:08:21',
2026-08-05 17:42:04:       serialNumber: '28059',
2026-08-05 17:42:04:       cardNumber: '01042'
2026-08-05 17:42:04:     },
2026-08-05 17:42:04:     {
2026-08-05 17:42:04:       employeeId: '01042',
2026-08-05 17:42:04:       timestamp: '2026-08-05T09:08:19',
2026-08-05 17:42:04:       serialNumber: '28058',
2026-08-05 17:42:04:       cardNumber: '01042'
2026-08-05 17:42:04:     },
2026-08-05 17:42:04:     {
2026-08-05 17:42:04:       employeeId: '01042',
2026-08-05 17:42:04:       timestamp: '2026-08-05T09:08:17',
2026-08-05 17:42:04:       serialNumber: '28056',
2026-08-05 17:42:04:       cardNumber: '01042'
2026-08-05 17:42:04:     },
2026-08-05 17:42:04:     {
2026-08-05 17:42:04:       employeeId: '0121',
2026-08-05 17:42:04:       timestamp: '2026-08-05T09:01:37',
2026-08-05 17:42:04:       serialNumber: '28053',
2026-08-05 17:42:04:       cardNumber: '0121'
2026-08-05 17:42:04:     },
2026-08-05 17:42:04:     {
2026-08-05 17:42:04:       employeeId: '0121',
2026-08-05 17:42:04:       timestamp: '2026-08-05T09:01:33',
2026-08-05 17:42:04:       serialNumber: '28052',
2026-08-05 17:42:04:       cardNumber: '0121'
2026-08-05 17:42:04:     },
2026-08-05 17:42:04:     {
2026-08-05 17:42:04:       employeeId: '3043',
2026-08-05 17:42:04:       timestamp: '2026-08-05T09:01:22',
2026-08-05 17:42:04:       serialNumber: '28049',
2026-08-05 17:42:04:       cardNumber: '3043'
2026-08-05 17:42:04:     },
2026-08-05 17:42:04:     {
2026-08-05 17:42:04:       employeeId: '3043',
2026-08-05 17:42:04:       timestamp: '2026-08-05T09:01:20',
2026-08-05 17:42:04:       serialNumber: '28048',
2026-08-05 17:42:04:       cardNumber: '3043'
2026-08-05 17:42:04:     },
2026-08-05 17:42:04:     {
2026-08-05 17:42:04:       employeeId: '3043',
2026-08-05 17:42:04:       timestamp: '2026-08-05T09:01:18',
2026-08-05 17:42:04:       serialNumber: '28047',
2026-08-05 17:42:04:       cardNumber: '3043'
2026-08-05 17:42:04:     },
2026-08-05 17:42:04:     {
2026-08-05 17:42:04:       employeeId: '01100',
2026-08-05 17:42:04:       timestamp: '2026-08-05T08:59:07',
2026-08-05 17:42:04:       serialNumber: '28044',
2026-08-05 17:42:04:       cardNumber: ''
2026-08-05 17:42:04:     },
2026-08-05 17:42:04:     {
2026-08-05 17:42:04:       employeeId: '01100',
2026-08-05 17:42:04:       timestamp: '2026-08-05T08:59:05',
2026-08-05 17:42:04:       serialNumber: '28043',
2026-08-05 17:42:04:       cardNumber: ''
2026-08-05 17:42:04:     },
2026-08-05 17:42:04:     {
2026-08-05 17:42:04:       employeeId: '3042',
2026-08-05 17:42:04:       timestamp: '2026-08-05T08:45:54',
2026-08-05 17:42:04:       serialNumber: '28040',
2026-08-05 17:42:04:       cardNumber: '3042'
2026-08-05 17:42:04:     },
2026-08-05 17:42:04:     {
2026-08-05 17:42:04:       employeeId: '3273',
2026-08-05 17:42:04:       timestamp: '2026-08-05T08:31:05',
2026-08-05 17:42:04:       serialNumber: '28037',
2026-08-05 17:42:04:       cardNumber: '3273'
2026-08-05 17:42:04:     },
2026-08-05 17:42:04:     {
2026-08-05 17:42:04:       employeeId: '3273',
2026-08-05 17:42:04:       timestamp: '2026-08-05T08:30:59',
2026-08-05 17:42:04:       serialNumber: '28034',
2026-08-05 17:42:04:       cardNumber: '3273'
2026-08-05 17:42:04:     },
2026-08-05 17:42:04:     {
2026-08-05 17:42:04:       employeeId: '3273',
2026-08-05 17:42:04:       timestamp: '2026-08-05T08:30:58',
2026-08-05 17:42:04:       serialNumber: '28033',
2026-08-05 17:42:04:       cardNumber: '3273'
2026-08-05 17:42:04:     },
2026-08-05 17:42:04:     {
2026-08-05 17:42:04:       employeeId: '01100',
2026-08-05 17:42:04:       timestamp: '2026-08-04T18:27:31',
2026-08-05 17:42:04:       serialNumber: '28030',
2026-08-05 17:42:04:       cardNumber: ''
2026-08-05 17:42:04:     },
2026-08-05 17:42:04:     {
2026-08-05 17:42:04:       employeeId: '01100',
2026-08-05 17:42:04:       timestamp: '2026-08-04T18:27:29',
2026-08-05 17:42:04:       serialNumber: '28029',
2026-08-05 17:42:04:       cardNumber: ''
2026-08-05 17:42:04:     },
2026-08-05 17:42:04:     {
2026-08-05 17:42:04:       employeeId: '01345',
2026-08-05 17:42:04:       timestamp: '2026-08-04T18:11:43',
2026-08-05 17:42:04:       serialNumber: '28026',
2026-08-05 17:42:04:       cardNumber: '01345'
2026-08-05 17:42:04:     },
2026-08-05 17:42:04:     {
2026-08-05 17:42:04:       employeeId: '01345',
2026-08-05 17:42:04:       timestamp: '2026-08-04T18:11:42',
2026-08-05 17:42:04:       serialNumber: '28025',
2026-08-05 17:42:04:       cardNumber: '01345'
2026-08-05 17:42:04:     },
2026-08-05 17:42:04:     {
2026-08-05 17:42:04:       employeeId: '01042',
2026-08-05 17:42:04:       timestamp: '2026-08-04T18:04:22',
2026-08-05 17:42:04:       serialNumber: '28022',
2026-08-05 17:42:04:       cardNumber: '01042'
2026-08-05 17:42:04:     },
2026-08-05 17:42:04:     {
2026-08-05 17:42:04:       employeeId: '01042',
2026-08-05 17:42:04:       timestamp: '2026-08-04T18:04:21',
2026-08-05 17:42:04:       serialNumber: '28021',
2026-08-05 17:42:04:       cardNumber: '01042'
2026-08-05 17:42:04:     },
2026-08-05 17:42:04:     {
2026-08-05 17:42:04:       employeeId: '01042',
2026-08-05 17:42:04:       timestamp: '2026-08-04T18:04:20',
2026-08-05 17:42:04:       serialNumber: '28020',
2026-08-05 17:42:04:       cardNumber: '01042'
2026-08-05 17:42:04:     },
2026-08-05 17:42:04:     {
2026-08-05 17:42:04:       employeeId: '01042',
2026-08-05 17:42:04:       timestamp: '2026-08-04T18:04:18',
2026-08-05 17:42:04:       serialNumber: '28019',
2026-08-05 17:42:04:       cardNumber: '01042'
2026-08-05 17:42:04:     },
2026-08-05 17:42:04:     {
2026-08-05 17:42:04:       employeeId: '3042',
2026-08-05 17:42:04:       timestamp: '2026-08-04T18:04:15',
2026-08-05 17:42:04:       serialNumber: '28018',
2026-08-05 17:42:04:       cardNumber: '3042'
2026-08-05 17:42:04:     },
2026-08-05 17:42:04:     {
2026-08-05 17:42:04:       employeeId: '0121',
2026-08-05 17:42:04:       timestamp: '2026-08-04T18:03:26',
2026-08-05 17:42:04:       serialNumber: '28013',
2026-08-05 17:42:04:       cardNumber: '0121'
2026-08-05 17:42:04:     },
2026-08-05 17:42:04:     {
2026-08-05 17:42:04:       employeeId: '0121',
2026-08-05 17:42:04:       timestamp: '2026-08-04T18:03:23',
2026-08-05 17:42:04:       serialNumber: '28012',
2026-08-05 17:42:04:       cardNumber: '0121'
2026-08-05 17:42:04:     },
2026-08-05 17:42:04:     {
2026-08-05 17:42:04:       employeeId: '3273',
2026-08-05 17:42:04:       timestamp: '2026-08-04T18:01:51',
2026-08-05 17:42:04:       serialNumber: '28009',
2026-08-05 17:42:04:       cardNumber: '3273'
2026-08-05 17:42:04:     },
2026-08-05 17:42:04:     {
2026-08-05 17:42:04:       employeeId: '01100',
2026-08-05 17:42:04:       timestamp: '2026-08-04T09:20:08',
2026-08-05 17:42:04:       serialNumber: '27994',
2026-08-05 17:42:04:       cardNumber: ''
2026-08-05 17:42:04:     },
2026-08-05 17:42:04:     {
2026-08-05 17:42:04:       employeeId: '01100',
2026-08-05 17:42:04:       timestamp: '2026-08-04T09:20:06',
2026-08-05 17:42:04:       serialNumber: '27993',
2026-08-05 17:42:04:       cardNumber: ''
2026-08-05 17:42:04:     },
2026-08-05 17:42:04:     {
2026-08-05 17:42:04:       employeeId: '01345',
2026-08-05 17:42:04:       timestamp: '2026-08-04T09:09:06',
2026-08-05 17:42:04:       serialNumber: '27990',
2026-08-05 17:42:04:       cardNumber: '01345'
2026-08-05 17:42:04:     },
2026-08-05 17:42:04:     {
2026-08-05 17:42:04:       employeeId: '01345',
2026-08-05 17:42:04:       timestamp: '2026-08-04T09:09:03',
2026-08-05 17:42:04:       serialNumber: '27989',
2026-08-05 17:42:04:       cardNumber: '01345'
2026-08-05 17:42:04:     },
2026-08-05 17:42:04:     {
2026-08-05 17:42:04:       employeeId: '01042',
2026-08-05 17:42:04:       timestamp: '2026-08-04T09:06:27',
2026-08-05 17:42:04:       serialNumber: '27986',
2026-08-05 17:42:04:       cardNumber: '01042'
2026-08-05 17:42:04:     },
2026-08-05 17:42:04:     {
2026-08-05 17:42:04:       employeeId: '01042',
2026-08-05 17:42:04:       timestamp: '2026-08-04T09:06:25',
2026-08-05 17:42:04:       serialNumber: '27985',
2026-08-05 17:42:04:       cardNumber: '01042'
2026-08-05 17:42:04:     },
2026-08-05 17:42:04:     {
2026-08-05 17:42:04:       employeeId: '01042',
2026-08-05 17:42:04:       timestamp: '2026-08-04T09:06:23',
2026-08-05 17:42:04:       serialNumber: '27984',
2026-08-05 17:42:04:       cardNumber: '01042'
2026-08-05 17:42:04:     },
2026-08-05 17:42:04:     {
2026-08-05 17:42:04:       employeeId: '01042',
2026-08-05 17:42:04:       timestamp: '2026-08-04T09:06:22',
2026-08-05 17:42:04:       serialNumber: '27983',
2026-08-05 17:42:04:       cardNumber: '01042'
2026-08-05 17:42:04:     },
2026-08-05 17:42:04:     {
2026-08-05 17:42:04:       employeeId: '0121',
2026-08-05 17:42:04:       timestamp: '2026-08-04T08:53:05',
2026-08-05 17:42:04:       serialNumber: '27980',
2026-08-05 17:42:04:       cardNumber: '0121'
2026-08-05 17:42:04:     },
2026-08-05 17:42:04:     {
2026-08-05 17:42:04:       employeeId: '0121',
2026-08-05 17:42:04:       timestamp: '2026-08-04T08:53:01',
2026-08-05 17:42:04:       serialNumber: '27979',
2026-08-05 17:42:04:       cardNumber: '0121'
2026-08-05 17:42:04:     },
2026-08-05 17:42:04:     {
2026-08-05 17:42:04:       employeeId: '3043',
2026-08-05 17:42:04:       timestamp: '2026-08-04T08:52:44',
2026-08-05 17:42:04:       serialNumber: '27976',
2026-08-05 17:42:04:       cardNumber: '3043'
2026-08-05 17:42:04:     },
2026-08-05 17:42:04:     {
2026-08-05 17:42:04:       employeeId: '3043',
2026-08-05 17:42:04:       timestamp: '2026-08-04T08:52:41',
2026-08-05 17:42:04:       serialNumber: '27975',
2026-08-05 17:42:04:       cardNumber: '3043'
2026-08-05 17:42:04:     },
2026-08-05 17:42:04:     {
2026-08-05 17:42:04:       employeeId: '3043',
2026-08-05 17:42:04:       timestamp: '2026-08-04T08:52:39',
2026-08-05 17:42:04:       serialNumber: '27974',
2026-08-05 17:42:04:       cardNumber: '3043'
2026-08-05 17:42:04:     },
2026-08-05 17:42:04:     {
2026-08-05 17:42:04:       employeeId: '3273',
2026-08-05 17:42:04:       timestamp: '2026-08-04T08:35:20',
2026-08-05 17:42:04:       serialNumber: '27971',
2026-08-05 17:42:04:       cardNumber: '3273'
2026-08-05 17:42:04:     },
2026-08-05 17:42:04:     {
2026-08-05 17:42:04:       employeeId: '3273',
2026-08-05 17:42:04:       timestamp: '2026-08-04T08:35:19',
2026-08-05 17:42:04:       serialNumber: '27970',
2026-08-05 17:42:04:       cardNumber: '3273'
2026-08-05 17:42:04:     },
2026-08-05 17:42:04:     {
2026-08-05 17:42:04:       employeeId: '3042',
2026-08-05 17:42:04:       timestamp: '2026-08-04T08:35:00',
2026-08-05 17:42:04:       serialNumber: '27967',
2026-08-05 17:42:04:       cardNumber: '3042'
2026-08-05 17:42:04:     },
2026-08-05 17:42:04:     {
2026-08-05 17:42:04:       employeeId: '01100',
2026-08-05 17:42:04:       timestamp: '2026-08-03T18:22:50',
2026-08-05 17:42:04:       serialNumber: '27964',
2026-08-05 17:42:04:       cardNumber: ''
2026-08-05 17:42:04:     },
2026-08-05 17:42:04:     {
2026-08-05 17:42:04:       employeeId: '01100',
2026-08-05 17:42:04:       timestamp: '2026-08-03T18:22:48',
2026-08-05 17:42:04:       serialNumber: '27963',
2026-08-05 17:42:04:       cardNumber: ''
2026-08-05 17:42:04:     },
2026-08-05 17:42:04:     {
2026-08-05 17:42:04:       employeeId: '3042',
2026-08-05 17:42:04:       timestamp: '2026-08-03T18:03:32',
2026-08-05 17:42:04:       serialNumber: '27959',
2026-08-05 17:42:04:       cardNumber: '3042'
2026-08-05 17:42:04:     },
2026-08-05 17:42:04:     {
2026-08-05 17:42:04:       employeeId: '01042',
2026-08-05 17:42:04:       timestamp: '2026-08-03T18:03:21',
2026-08-05 17:42:04:       serialNumber: '27956',
2026-08-05 17:42:04:       cardNumber: '01042'
2026-08-05 17:42:04:     },
2026-08-05 17:42:04:     {
2026-08-05 17:42:04:       employeeId: '01042',
2026-08-05 17:42:04:       timestamp: '2026-08-03T18:03:20',
2026-08-05 17:42:04:       serialNumber: '27955',
2026-08-05 17:42:04:       cardNumber: '01042'
2026-08-05 17:42:04:     },
2026-08-05 17:42:04:     {
2026-08-05 17:42:04:       employeeId: '01042',
2026-08-05 17:42:04:       timestamp: '2026-08-03T18:03:18',
2026-08-05 17:42:04:       serialNumber: '27954',
2026-08-05 17:42:04:       cardNumber: '01042'
2026-08-05 17:42:04:     },
2026-08-05 17:42:04:     {
2026-08-05 17:42:04:       employeeId: '3043',
2026-08-05 17:42:04:       timestamp: '2026-08-03T18:03:15',
2026-08-05 17:42:04:       serialNumber: '27953',
2026-08-05 17:42:04:       cardNumber: '3043'
2026-08-05 17:42:04:     },
2026-08-05 17:42:04:     {
2026-08-05 17:42:04:       employeeId: '3043',
2026-08-05 17:42:04:       timestamp: '2026-08-03T18:03:13',
2026-08-05 17:42:04:       serialNumber: '27952',
2026-08-05 17:42:04:       cardNumber: '3043'
2026-08-05 17:42:04:     },
2026-08-05 17:42:04:     {
2026-08-05 17:42:04:       employeeId: '3043',
2026-08-05 17:42:04:       timestamp: '2026-08-03T18:03:11',
2026-08-05 17:42:04:       serialNumber: '27951',
2026-08-05 17:42:04:       cardNumber: '3043'
2026-08-05 17:42:04:     },
2026-08-05 17:42:04:     {
2026-08-05 17:42:04:       employeeId: '0121',
2026-08-05 17:42:04:       timestamp: '2026-08-03T18:03:08',
2026-08-05 17:42:04:       serialNumber: '27950',
2026-08-05 17:42:04:       cardNumber: '0121'
2026-08-05 17:42:04:     },
2026-08-05 17:42:04:     {
2026-08-05 17:42:04:       employeeId: '0121',
2026-08-05 17:42:04:       timestamp: '2026-08-03T18:03:05',
2026-08-05 17:42:04:       serialNumber: '27949',
2026-08-05 17:42:04:       cardNumber: '0121'
2026-08-05 17:42:04:     },
2026-08-05 17:42:04:     {
2026-08-05 17:42:04:       employeeId: '01345',
2026-08-05 17:42:04:       timestamp: '2026-08-03T18:02:59',
2026-08-05 17:42:04:       serialNumber: '27946',
2026-08-05 17:42:04:       cardNumber: '01345'
2026-08-05 17:42:04:     },
2026-08-05 17:42:04:     {
2026-08-05 17:42:04:       employeeId: '01345',
2026-08-05 17:42:04:       timestamp: '2026-08-03T18:02:58',
2026-08-05 17:42:04:       serialNumber: '27945',
2026-08-05 17:42:04:       cardNumber: '01345'
2026-08-05 17:42:04:     },
2026-08-05 17:42:04:     {
2026-08-05 17:42:04:       employeeId: '3273',
2026-08-05 17:42:04:       timestamp: '2026-08-03T18:02:32',
2026-08-05 17:42:04:       serialNumber: '27942',
2026-08-05 17:42:04:       cardNumber: '3273'
2026-08-05 17:42:04:     },
2026-08-05 17:42:04:     {
2026-08-05 17:42:04:       employeeId: '01100',
2026-08-05 17:42:04:       timestamp: '2026-08-03T09:10:16',
2026-08-05 17:42:04:       serialNumber: '27917',
2026-08-05 17:42:04:       cardNumber: ''
2026-08-05 17:42:04:     },
2026-08-05 17:42:04:     {
2026-08-05 17:42:04:       employeeId: '0121',
2026-08-05 17:42:04:       timestamp: '2026-08-03T09:06:37',
2026-08-05 17:42:04:       serialNumber: '27914',
2026-08-05 17:42:04:       cardNumber: '0121'
2026-08-05 17:42:04:     },
2026-08-05 17:42:04:     {
2026-08-05 17:42:04:       employeeId: '0121',
2026-08-05 17:42:04:       timestamp: '2026-08-03T09:06:34',
2026-08-05 17:42:04:       serialNumber: '27913',
2026-08-05 17:42:04:       cardNumber: '0121'
2026-08-05 17:42:04:     },
2026-08-05 17:42:04:     {
2026-08-05 17:42:04:       employeeId: '01345',
2026-08-05 17:42:04:       timestamp: '2026-08-03T09:01:30',
2026-08-05 17:42:04:       serialNumber: '27910',
2026-08-05 17:42:04:       cardNumber: '01345'
2026-08-05 17:42:04:     },
2026-08-05 17:42:04:     {
2026-08-05 17:42:04:       employeeId: '3043',
2026-08-05 17:42:04:       timestamp: '2026-08-03T09:00:02',
2026-08-05 17:42:04:       serialNumber: '27907',
2026-08-05 17:42:04:       cardNumber: '3043'
2026-08-05 17:42:04:     },
2026-08-05 17:42:04:     {
2026-08-05 17:42:04:       employeeId: '3043',
2026-08-05 17:42:04:       timestamp: '2026-08-03T08:59:36',
2026-08-05 17:42:04:       serialNumber: '27904',
2026-08-05 17:42:04:       cardNumber: '3043'
2026-08-05 17:42:04:     },
2026-08-05 17:42:04:     {
2026-08-05 17:42:04:       employeeId: '3043',
2026-08-05 17:42:04:       timestamp: '2026-08-03T08:59:33',
2026-08-05 17:42:04:       serialNumber: '27903',
2026-08-05 17:42:04:       cardNumber: '3043'
2026-08-05 17:42:04:     },
2026-08-05 17:42:04:     {
2026-08-05 17:42:04:       employeeId: '01042',
2026-08-05 17:42:04:       timestamp: '2026-08-03T08:59:32',
2026-08-05 17:42:04:       serialNumber: '27902',
2026-08-05 17:42:04:       cardNumber: '01042'
2026-08-05 17:42:04:     },
2026-08-05 17:42:04:     {
2026-08-05 17:42:04:       employeeId: '01042',
2026-08-05 17:42:04:       timestamp: '2026-08-03T08:59:31',
2026-08-05 17:42:04:       serialNumber: '27901',
2026-08-05 17:42:04:       cardNumber: '01042'
2026-08-05 17:42:04:     },
2026-08-05 17:42:04:     {
2026-08-05 17:42:04:       employeeId: '01042',
2026-08-05 17:42:04:       timestamp: '2026-08-03T08:59:30',
2026-08-05 17:42:04:       serialNumber: '27900',
2026-08-05 17:42:04:       cardNumber: '01042'
2026-08-05 17:42:04:     },
2026-08-05 17:42:04:     {
2026-08-05 17:42:04:       employeeId: '01042',
2026-08-05 17:42:04:       timestamp: '2026-08-03T08:59:29',
2026-08-05 17:42:04:       serialNumber: '27899',
2026-08-05 17:42:04:       cardNumber: '01042'
2026-08-05 17:42:04:     },
2026-08-05 17:42:04:     {
2026-08-05 17:42:04:       employeeId: '01042',
2026-08-05 17:42:04:       timestamp: '2026-08-03T08:59:26',
2026-08-05 17:42:04:       serialNumber: '27897',
2026-08-05 17:42:04:       cardNumber: '01042'
2026-08-05 17:42:04:     },
2026-08-05 17:42:04:     {
2026-08-05 17:42:04:       employeeId: '3273',
2026-08-05 17:42:04:       timestamp: '2026-08-03T08:31:42',
2026-08-05 17:42:04:       serialNumber: '27894',
2026-08-05 17:42:04:       cardNumber: '3273'
2026-08-05 17:42:04:     },
2026-08-05 17:42:04:     {
2026-08-05 17:42:04:       employeeId: '3273',
2026-08-05 17:42:04:       timestamp: '2026-08-03T08:31:31',
2026-08-05 17:42:04:       serialNumber: '27890',
2026-08-05 17:42:04:       cardNumber: '3273'
2026-08-05 17:42:04:     },
2026-08-05 17:42:04:     {
2026-08-05 17:42:04:       employeeId: '3042',
2026-08-05 17:42:04:       timestamp: '2026-08-03T08:22:17',
2026-08-05 17:42:04:       serialNumber: '27887',
2026-08-05 17:42:04:       cardNumber: '3042'
2026-08-05 17:42:04:     }
2026-08-05 17:42:04:   ],
2026-08-05 17:42:04:   source: 'app-manual',
2026-08-05 17:42:04:   clockIp: '172.17.102.31',
2026-08-05 17:42:04:   clockName: 'TECNOLOGIAS',
2026-08-05 17:42:04:   syncDate: '2026-08-05T23:42:04.246Z'
2026-08-05 17:42:04: }
2026-08-05 17:45:34: {
2026-08-05 17:45:34:   records: [
2026-08-05 17:45:34:     {
2026-08-05 17:45:34:       employeeId: '2332',
2026-08-05 17:45:34:       timestamp: '2026-08-05T17:08:35',
2026-08-05 17:45:34:       serialNumber: '60253',
2026-08-05 17:45:34:       cardNumber: '2332'
2026-08-05 17:45:34:     },
2026-08-05 17:45:34:     {
2026-08-05 17:45:34:       employeeId: '2332',
2026-08-05 17:45:34:       timestamp: '2026-08-05T17:08:15',
2026-08-05 17:45:34:       serialNumber: '60250',
2026-08-05 17:45:34:       cardNumber: '2332'
2026-08-05 17:45:34:     },
2026-08-05 17:45:34:     {
2026-08-05 17:45:34:       employeeId: '2332',
2026-08-05 17:45:34:       timestamp: '2026-08-05T09:04:25',
2026-08-05 17:45:34:       serialNumber: '60210',
2026-08-05 17:45:34:       cardNumber: '2332'
2026-08-05 17:45:34:     },
2026-08-05 17:45:34:     {
2026-08-05 17:45:34:       employeeId: '3542',
2026-08-05 17:45:34:       timestamp: '2026-08-05T09:01:30',
2026-08-05 17:45:34:       serialNumber: '60207',
2026-08-05 17:45:34:       cardNumber: '3542'
2026-08-05 17:45:34:     },
2026-08-05 17:45:34:     {
2026-08-05 17:45:34:       employeeId: '3542',
2026-08-05 17:45:34:       timestamp: '2026-08-05T09:01:28',
2026-08-05 17:45:34:       serialNumber: '60206',
2026-08-05 17:45:34:       cardNumber: '3542'
2026-08-05 17:45:34:     },
2026-08-05 17:45:34:     {
2026-08-05 17:45:34:       employeeId: '3788',
2026-08-05 17:45:34:       timestamp: '2026-08-05T08:59:19',
2026-08-05 17:45:34:       serialNumber: '60201',
2026-08-05 17:45:34:       cardNumber: ''
2026-08-05 17:45:34:     },
2026-08-05 17:45:34:     {
2026-08-05 17:45:34:       employeeId: '3704',
2026-08-05 17:45:34:       timestamp: '2026-08-05T08:58:15',
2026-08-05 17:45:34:       serialNumber: '60198',
2026-08-05 17:45:34:       cardNumber: ''
2026-08-05 17:45:34:     },
2026-08-05 17:45:34:     {
2026-08-05 17:45:34:       employeeId: '2332',
2026-08-05 17:45:34:       timestamp: '2026-08-05T08:55:25',
2026-08-05 17:45:34:       serialNumber: '60195',
2026-08-05 17:45:34:       cardNumber: '2332'
2026-08-05 17:45:34:     },
2026-08-05 17:45:34:     {
2026-08-05 17:45:34:       employeeId: '3752',
2026-08-05 17:45:34:       timestamp: '2026-08-05T08:48:03',
2026-08-05 17:45:34:       serialNumber: '60192',
2026-08-05 17:45:34:       cardNumber: ''
2026-08-05 17:45:34:     },
2026-08-05 17:45:34:     {
2026-08-05 17:45:34:       employeeId: '3752',
2026-08-05 17:45:34:       timestamp: '2026-08-05T08:48:01',
2026-08-05 17:45:34:       serialNumber: '60191',
2026-08-05 17:45:34:       cardNumber: ''
2026-08-05 17:45:34:     },
2026-08-05 17:45:34:     {
2026-08-05 17:45:34:       employeeId: '1062',
2026-08-05 17:45:34:       timestamp: '2026-08-05T08:43:10',
2026-08-05 17:45:34:       serialNumber: '60188',
2026-08-05 17:45:34:       cardNumber: '1062'
2026-08-05 17:45:34:     },
2026-08-05 17:45:34:     {
2026-08-05 17:45:34:       employeeId: '3694',
2026-08-05 17:45:34:       timestamp: '2026-08-05T08:43:04',
2026-08-05 17:45:34:       serialNumber: '60185',
2026-08-05 17:45:34:       cardNumber: ''
2026-08-05 17:45:34:     },
2026-08-05 17:45:34:     {
2026-08-05 17:45:34:       employeeId: '1062',
2026-08-05 17:45:34:       timestamp: '2026-08-05T08:42:32',
2026-08-05 17:45:34:       serialNumber: '60182',
2026-08-05 17:45:34:       cardNumber: '1062'
2026-08-05 17:45:34:     },
2026-08-05 17:45:34:     {
2026-08-05 17:45:34:       employeeId: '1411',
2026-08-05 17:45:34:       timestamp: '2026-08-05T08:42:23',
2026-08-05 17:45:34:       serialNumber: '60179',
2026-08-05 17:45:34:       cardNumber: '1411'
2026-08-05 17:45:34:     },
2026-08-05 17:45:34:     {
2026-08-05 17:45:34:       employeeId: '2562',
2026-08-05 17:45:34:       timestamp: '2026-08-05T08:40:46',
2026-08-05 17:45:34:       serialNumber: '60176',
2026-08-05 17:45:34:       cardNumber: '2562'
2026-08-05 17:45:34:     },
2026-08-05 17:45:34:     {
2026-08-05 17:45:34:       employeeId: '2562',
2026-08-05 17:45:34:       timestamp: '2026-08-05T08:40:40',
2026-08-05 17:45:34:       serialNumber: '60173',
2026-08-05 17:45:34:       cardNumber: '2562'
2026-08-05 17:45:34:     },
2026-08-05 17:45:34:     {
2026-08-05 17:45:34:       employeeId: '3789',
2026-08-05 17:45:34:       timestamp: '2026-08-05T08:04:56',
2026-08-05 17:45:34:       serialNumber: '60170',
2026-08-05 17:45:34:       cardNumber: ''
2026-08-05 17:45:34:     },
2026-08-05 17:45:34:     {
2026-08-05 17:45:34:       employeeId: '3789',
2026-08-05 17:45:34:       timestamp: '2026-08-05T08:04:52',
2026-08-05 17:45:34:       serialNumber: '60169',
2026-08-05 17:45:34:       cardNumber: ''
2026-08-05 17:45:34:     },
2026-08-05 17:45:34:     {
2026-08-05 17:45:34:       employeeId: '3788',
2026-08-05 17:45:34:       timestamp: '2026-08-04T19:11:43',
2026-08-05 17:45:34:       serialNumber: '60166',
2026-08-05 17:45:34:       cardNumber: ''
2026-08-05 17:45:34:     },
2026-08-05 17:45:34:     {
2026-08-05 17:45:34:       employeeId: '3788',
2026-08-05 17:45:34:       timestamp: '2026-08-04T19:11:40',
2026-08-05 17:45:34:       serialNumber: '60165',
2026-08-05 17:45:34:       cardNumber: ''
2026-08-05 17:45:34:     },
2026-08-05 17:45:34:     {
2026-08-05 17:45:34:       employeeId: '3789',
2026-08-05 17:45:34:       timestamp: '2026-08-04T18:53:28',
2026-08-05 17:45:34:       serialNumber: '60162',
2026-08-05 17:45:34:       cardNumber: ''
2026-08-05 17:45:34:     },
2026-08-05 17:45:34:     {
2026-08-05 17:45:34:       employeeId: '3789',
2026-08-05 17:45:34:       timestamp: '2026-08-04T18:53:25',
2026-08-05 17:45:34:       serialNumber: '60161',
2026-08-05 17:45:34:       cardNumber: ''
2026-08-05 17:45:34:     },
2026-08-05 17:45:34:     {
2026-08-05 17:45:34:       employeeId: '3704',
2026-08-05 17:45:34:       timestamp: '2026-08-04T18:20:17',
2026-08-05 17:45:34:       serialNumber: '60158',
2026-08-05 17:45:34:       cardNumber: ''
2026-08-05 17:45:34:     },
2026-08-05 17:45:34:     {
2026-08-05 17:45:34:       employeeId: '1411',
2026-08-05 17:45:34:       timestamp: '2026-08-04T18:17:25',
2026-08-05 17:45:34:       serialNumber: '60155',
2026-08-05 17:45:34:       cardNumber: '1411'
2026-08-05 17:45:34:     },
2026-08-05 17:45:34:     {
2026-08-05 17:45:34:       employeeId: '2562',
2026-08-05 17:45:34:       timestamp: '2026-08-04T18:16:36',
2026-08-05 17:45:34:       serialNumber: '60152',
2026-08-05 17:45:34:       cardNumber: '2562'
2026-08-05 17:45:34:     },
2026-08-05 17:45:34:     {
2026-08-05 17:45:34:       employeeId: '2562',
2026-08-05 17:45:34:       timestamp: '2026-08-04T18:16:32',
2026-08-05 17:45:34:       serialNumber: '60151',
2026-08-05 17:45:34:       cardNumber: '2562'
2026-08-05 17:45:34:     },
2026-08-05 17:45:34:     {
2026-08-05 17:45:34:       employeeId: '1062',
2026-08-05 17:45:34:       timestamp: '2026-08-04T18:16:19',
2026-08-05 17:45:34:       serialNumber: '60148',
2026-08-05 17:45:34:       cardNumber: '1062'
2026-08-05 17:45:34:     },
2026-08-05 17:45:34:     {
2026-08-05 17:45:34:       employeeId: '1062',
2026-08-05 17:45:34:       timestamp: '2026-08-04T18:14:57',
2026-08-05 17:45:34:       serialNumber: '60145',
2026-08-05 17:45:34:       cardNumber: '1062'
2026-08-05 17:45:34:     },
2026-08-05 17:45:34:     {
2026-08-05 17:45:34:       employeeId: '3542',
2026-08-05 17:45:34:       timestamp: '2026-08-04T18:14:32',
2026-08-05 17:45:34:       serialNumber: '60142',
2026-08-05 17:45:34:       cardNumber: '3542'
2026-08-05 17:45:34:     },
2026-08-05 17:45:34:     {
2026-08-05 17:45:34:       employeeId: '3752',
2026-08-05 17:45:34:       timestamp: '2026-08-04T18:13:05',
2026-08-05 17:45:34:       serialNumber: '60139',
2026-08-05 17:45:34:       cardNumber: ''
2026-08-05 17:45:34:     },
2026-08-05 17:45:34:     {
2026-08-05 17:45:34:       employeeId: '3752',
2026-08-05 17:45:34:       timestamp: '2026-08-04T18:13:03',
2026-08-05 17:45:34:       serialNumber: '60138',
2026-08-05 17:45:34:       cardNumber: ''
2026-08-05 17:45:34:     },
2026-08-05 17:45:34:     {
2026-08-05 17:45:34:       employeeId: '3694',
2026-08-05 17:45:34:       timestamp: '2026-08-04T18:08:22',
2026-08-05 17:45:34:       serialNumber: '60135',
2026-08-05 17:45:34:       cardNumber: ''
2026-08-05 17:45:34:     },
2026-08-05 17:45:34:     {
2026-08-05 17:45:34:       employeeId: '2332',
2026-08-05 17:45:34:       timestamp: '2026-08-04T17:07:07',
2026-08-05 17:45:34:       serialNumber: '60123',
2026-08-05 17:45:34:       cardNumber: '2332'
2026-08-05 17:45:34:     },
2026-08-05 17:45:34:     {
2026-08-05 17:45:34:       employeeId: '1062',
2026-08-05 17:45:34:       timestamp: '2026-08-04T09:14:26',
2026-08-05 17:45:34:       serialNumber: '60101',
2026-08-05 17:45:34:       cardNumber: '1062'
2026-08-05 17:45:34:     },
2026-08-05 17:45:34:     {
2026-08-05 17:45:34:       employeeId: '1062',
2026-08-05 17:45:34:       timestamp: '2026-08-04T09:13:34',
2026-08-05 17:45:34:       serialNumber: '60098',
2026-08-05 17:45:34:       cardNumber: '1062'
2026-08-05 17:45:34:     },
2026-08-05 17:45:34:     {
2026-08-05 17:45:34:       employeeId: '1411',
2026-08-05 17:45:34:       timestamp: '2026-08-04T09:13:24',
2026-08-05 17:45:34:       serialNumber: '60095',
2026-08-05 17:45:34:       cardNumber: '1411'
2026-08-05 17:45:34:     },
2026-08-05 17:45:34:     {
2026-08-05 17:45:34:       employeeId: '2332',
2026-08-05 17:45:34:       timestamp: '2026-08-04T09:03:17',
2026-08-05 17:45:34:       serialNumber: '60090',
2026-08-05 17:45:34:       cardNumber: '2332'
2026-08-05 17:45:34:     },
2026-08-05 17:45:34:     {
2026-08-05 17:45:34:       employeeId: '3704',
2026-08-05 17:45:34:       timestamp: '2026-08-04T08:58:35',
2026-08-05 17:45:34:       serialNumber: '60087',
2026-08-05 17:45:34:       cardNumber: ''
2026-08-05 17:45:34:     },
2026-08-05 17:45:34:     {
2026-08-05 17:45:34:       employeeId: '3752',
2026-08-05 17:45:34:       timestamp: '2026-08-04T08:57:30',
2026-08-05 17:45:34:       serialNumber: '60084',
2026-08-05 17:45:34:       cardNumber: ''
2026-08-05 17:45:34:     },
2026-08-05 17:45:34:     {
2026-08-05 17:45:34:       employeeId: '3752',
2026-08-05 17:45:34:       timestamp: '2026-08-04T08:57:27',
2026-08-05 17:45:34:       serialNumber: '60083',
2026-08-05 17:45:34:       cardNumber: ''
2026-08-05 17:45:34:     },
2026-08-05 17:45:34:     {
2026-08-05 17:45:34:       employeeId: '3542',
2026-08-05 17:45:34:       timestamp: '2026-08-04T08:54:12',
2026-08-05 17:45:34:       serialNumber: '60080',
2026-08-05 17:45:34:       cardNumber: '3542'
2026-08-05 17:45:34:     },
2026-08-05 17:45:34:     {
2026-08-05 17:45:34:       employeeId: '3542',
2026-08-05 17:45:34:       timestamp: '2026-08-04T08:54:10',
2026-08-05 17:45:34:       serialNumber: '60079',
2026-08-05 17:45:34:       cardNumber: '3542'
2026-08-05 17:45:34:     },
2026-08-05 17:45:34:     {
2026-08-05 17:45:34:       employeeId: '2562',
2026-08-05 17:45:34:       timestamp: '2026-08-04T08:50:44',
2026-08-05 17:45:34:       serialNumber: '60076',
2026-08-05 17:45:34:       cardNumber: '2562'
2026-08-05 17:45:34:     },
2026-08-05 17:45:34:     {
2026-08-05 17:45:34:       employeeId: '2562',
2026-08-05 17:45:34:       timestamp: '2026-08-04T08:50:43',
2026-08-05 17:45:34:       serialNumber: '60075',
2026-08-05 17:45:34:       cardNumber: '2562'
2026-08-05 17:45:34:     },
2026-08-05 17:45:34:     {
2026-08-05 17:45:34:       employeeId: '3694',
2026-08-05 17:45:34:       timestamp: '2026-08-04T08:37:08',
2026-08-05 17:45:34:       serialNumber: '60072',
2026-08-05 17:45:34:       cardNumber: ''
2026-08-05 17:45:34:     },
2026-08-05 17:45:34:     {
2026-08-05 17:45:34:       employeeId: '3789',
2026-08-05 17:45:34:       timestamp: '2026-08-04T08:36:28',
2026-08-05 17:45:34:       serialNumber: '60069',
2026-08-05 17:45:34:       cardNumber: ''
2026-08-05 17:45:34:     },
2026-08-05 17:45:34:     {
2026-08-05 17:45:34:       employeeId: '3789',
2026-08-05 17:45:34:       timestamp: '2026-08-04T08:36:24',
2026-08-05 17:45:34:       serialNumber: '60068',
2026-08-05 17:45:34:       cardNumber: ''
2026-08-05 17:45:34:     },
2026-08-05 17:45:34:     {
2026-08-05 17:45:34:       employeeId: '3752',
2026-08-05 17:45:34:       timestamp: '2026-08-03T19:00:01',
2026-08-05 17:45:34:       serialNumber: '60065',
2026-08-05 17:45:34:       cardNumber: ''
2026-08-05 17:45:34:     },
2026-08-05 17:45:34:     {
2026-08-05 17:45:34:       employeeId: '3542',
2026-08-05 17:45:34:       timestamp: '2026-08-03T18:28:28',
2026-08-05 17:45:34:       serialNumber: '60062',
2026-08-05 17:45:34:       cardNumber: '3542'
2026-08-05 17:45:34:     },
2026-08-05 17:45:34:     {
2026-08-05 17:45:34:       employeeId: '3542',
2026-08-05 17:45:34:       timestamp: '2026-08-03T18:28:26',
2026-08-05 17:45:34:       serialNumber: '60061',
2026-08-05 17:45:34:       cardNumber: '3542'
2026-08-05 17:45:34:     },
2026-08-05 17:45:34:     {
2026-08-05 17:45:34:       employeeId: '3704',
2026-08-05 17:45:34:       timestamp: '2026-08-03T18:28:19',
2026-08-05 17:45:34:       serialNumber: '60058',
2026-08-05 17:45:34:       cardNumber: ''
2026-08-05 17:45:34:     },
2026-08-05 17:45:34:     {
2026-08-05 17:45:34:       employeeId: '1411',
2026-08-05 17:45:34:       timestamp: '2026-08-03T18:28:08',
2026-08-05 17:45:34:       serialNumber: '60054',
2026-08-05 17:45:34:       cardNumber: '1411'
2026-08-05 17:45:34:     },
2026-08-05 17:45:34:     {
2026-08-05 17:45:34:       employeeId: '1062',
2026-08-05 17:45:34:       timestamp: '2026-08-03T18:27:56',
2026-08-05 17:45:34:       serialNumber: '60051',
2026-08-05 17:45:34:       cardNumber: '1062'
2026-08-05 17:45:34:     },
2026-08-05 17:45:34:     {
2026-08-05 17:45:34:       employeeId: '3788',
2026-08-05 17:45:34:       timestamp: '2026-08-03T18:26:43',
2026-08-05 17:45:34:       serialNumber: '60048',
2026-08-05 17:45:34:       cardNumber: ''
2026-08-05 17:45:34:     },
2026-08-05 17:45:34:     {
2026-08-05 17:45:34:       employeeId: '3788',
2026-08-05 17:45:34:       timestamp: '2026-08-03T18:26:40',
2026-08-05 17:45:34:       serialNumber: '60047',
2026-08-05 17:45:34:       cardNumber: ''
2026-08-05 17:45:34:     },
2026-08-05 17:45:34:     {
2026-08-05 17:45:34:       employeeId: '1062',
2026-08-05 17:45:34:       timestamp: '2026-08-03T18:24:45',
2026-08-05 17:45:34:       serialNumber: '60044',
2026-08-05 17:45:34:       cardNumber: '1062'
2026-08-05 17:45:34:     },
2026-08-05 17:45:34:     {
2026-08-05 17:45:34:       employeeId: '2562',
2026-08-05 17:45:34:       timestamp: '2026-08-03T18:14:59',
2026-08-05 17:45:34:       serialNumber: '60041',
2026-08-05 17:45:34:       cardNumber: '2562'
2026-08-05 17:45:34:     },
2026-08-05 17:45:34:     {
2026-08-05 17:45:34:       employeeId: '2562',
2026-08-05 17:45:34:       timestamp: '2026-08-03T18:14:57',
2026-08-05 17:45:34:       serialNumber: '60040',
2026-08-05 17:45:34:       cardNumber: '2562'
2026-08-05 17:45:34:     },
2026-08-05 17:45:34:     {
2026-08-05 17:45:34:       employeeId: '3752',
2026-08-05 17:45:34:       timestamp: '2026-08-03T18:13:24',
2026-08-05 17:45:34:       serialNumber: '60037',
2026-08-05 17:45:34:       cardNumber: ''
2026-08-05 17:45:34:     },
2026-08-05 17:45:34:     {
2026-08-05 17:45:34:       employeeId: '3694',
2026-08-05 17:45:34:       timestamp: '2026-08-03T18:10:51',
2026-08-05 17:45:34:       serialNumber: '60034',
2026-08-05 17:45:34:       cardNumber: ''
2026-08-05 17:45:34:     },
2026-08-05 17:45:34:     {
2026-08-05 17:45:34:       employeeId: '3789',
2026-08-05 17:45:34:       timestamp: '2026-08-03T18:09:52',
2026-08-05 17:45:34:       serialNumber: '60031',
2026-08-05 17:45:34:       cardNumber: ''
2026-08-05 17:45:34:     },
2026-08-05 17:45:34:     {
2026-08-05 17:45:34:       employeeId: '3789',
2026-08-05 17:45:34:       timestamp: '2026-08-03T18:09:49',
2026-08-05 17:45:34:       serialNumber: '60030',
2026-08-05 17:45:34:       cardNumber: ''
2026-08-05 17:45:34:     },
2026-08-05 17:45:34:     {
2026-08-05 17:45:34:       employeeId: '2332',
2026-08-05 17:45:34:       timestamp: '2026-08-03T17:10:42',
2026-08-05 17:45:34:       serialNumber: '60027',
2026-08-05 17:45:34:       cardNumber: '2332'
2026-08-05 17:45:34:     },
2026-08-05 17:45:34:     {
2026-08-05 17:45:34:       employeeId: '1062',
2026-08-05 17:45:34:       timestamp: '2026-08-03T09:06:28',
2026-08-05 17:45:34:       serialNumber: '59956',
2026-08-05 17:45:34:       cardNumber: '1062'
2026-08-05 17:45:34:     },
2026-08-05 17:45:34:     {
2026-08-05 17:45:34:       employeeId: '1411',
2026-08-05 17:45:34:       timestamp: '2026-08-03T09:05:36',
2026-08-05 17:45:34:       serialNumber: '59953',
2026-08-05 17:45:34:       cardNumber: '1411'
2026-08-05 17:45:34:     },
2026-08-05 17:45:34:     {
2026-08-05 17:45:34:       employeeId: '3788',
2026-08-05 17:45:34:       timestamp: '2026-08-03T08:58:27',
2026-08-05 17:45:34:       serialNumber: '59950',
2026-08-05 17:45:34:       cardNumber: ''
2026-08-05 17:45:34:     },
2026-08-05 17:45:34:     {
2026-08-05 17:45:34:       employeeId: '3542',
2026-08-05 17:45:34:       timestamp: '2026-08-03T08:57:44',
2026-08-05 17:45:34:       serialNumber: '59947',
2026-08-05 17:45:34:       cardNumber: '3542'
2026-08-05 17:45:34:     },
2026-08-05 17:45:34:     {
2026-08-05 17:45:34:       employeeId: '3542',
2026-08-05 17:45:34:       timestamp: '2026-08-03T08:57:40',
2026-08-05 17:45:34:       serialNumber: '59946',
2026-08-05 17:45:34:       cardNumber: '3542'
2026-08-05 17:45:34:     },
2026-08-05 17:45:34:     {
2026-08-05 17:45:34:       employeeId: '3704',
2026-08-05 17:45:34:       timestamp: '2026-08-03T08:56:13',
2026-08-05 17:45:34:       serialNumber: '59941',
2026-08-05 17:45:34:       cardNumber: ''
2026-08-05 17:45:34:     },
2026-08-05 17:45:34:     {
2026-08-05 17:45:34:       employeeId: '3752',
2026-08-05 17:45:34:       timestamp: '2026-08-03T08:51:23',
2026-08-05 17:45:34:       serialNumber: '59932',
2026-08-05 17:45:34:       cardNumber: ''
2026-08-05 17:45:34:     },
2026-08-05 17:45:34:     {
2026-08-05 17:45:34:       employeeId: '3752',
2026-08-05 17:45:34:       timestamp: '2026-08-03T08:51:18',
2026-08-05 17:45:34:       serialNumber: '59929',
2026-08-05 17:45:34:       cardNumber: ''
2026-08-05 17:45:34:     },
2026-08-05 17:45:34:     {
2026-08-05 17:45:34:       employeeId: '2332',
2026-08-05 17:45:34:       timestamp: '2026-08-03T08:44:45',
2026-08-05 17:45:34:       serialNumber: '59926',
2026-08-05 17:45:34:       cardNumber: '2332'
2026-08-05 17:45:34:     },
2026-08-05 17:45:34:     {
2026-08-05 17:45:34:       employeeId: '2332',
2026-08-05 17:45:34:       timestamp: '2026-08-03T08:44:39',
2026-08-05 17:45:34:       serialNumber: '59923',
2026-08-05 17:45:34:       cardNumber: '2332'
2026-08-05 17:45:34:     },
2026-08-05 17:45:34:     {
2026-08-05 17:45:34:       employeeId: '3694',
2026-08-05 17:45:34:       timestamp: '2026-08-03T08:41:29',
2026-08-05 17:45:34:       serialNumber: '59920',
2026-08-05 17:45:34:       cardNumber: ''
2026-08-05 17:45:34:     },
2026-08-05 17:45:34:     {
2026-08-05 17:45:34:       employeeId: '3694',
2026-08-05 17:45:34:       timestamp: '2026-08-03T08:41:22',
2026-08-05 17:45:34:       serialNumber: '59917',
2026-08-05 17:45:34:       cardNumber: ''
2026-08-05 17:45:34:     },
2026-08-05 17:45:34:     {
2026-08-05 17:45:34:       employeeId: '3789',
2026-08-05 17:45:34:       timestamp: '2026-08-03T08:39:45',
2026-08-05 17:45:34:       serialNumber: '59914',
2026-08-05 17:45:34:       cardNumber: ''
2026-08-05 17:45:34:     },
2026-08-05 17:45:34:     {
2026-08-05 17:45:34:       employeeId: '3789',
2026-08-05 17:45:34:       timestamp: '2026-08-03T08:39:40',
2026-08-05 17:45:34:       serialNumber: '59911',
2026-08-05 17:45:34:       cardNumber: ''
2026-08-05 17:45:34:     },
2026-08-05 17:45:34:     {
2026-08-05 17:45:34:       employeeId: '2562',
2026-08-05 17:45:34:       timestamp: '2026-08-03T08:38:47',
2026-08-05 17:45:34:       serialNumber: '59908',
2026-08-05 17:45:34:       cardNumber: '2562'
2026-08-05 17:45:34:     },
2026-08-05 17:45:34:     {
2026-08-05 17:45:34:       employeeId: '2562',
2026-08-05 17:45:34:       timestamp: '2026-08-03T08:38:41',
2026-08-05 17:45:34:       serialNumber: '59905',
2026-08-05 17:45:34:       cardNumber: '2562'
2026-08-05 17:45:34:     }
2026-08-05 17:45:34:   ],
2026-08-05 17:45:34:   source: 'app-manual',
2026-08-05 17:45:34:   clockIp: '172.17.102.37',
2026-08-05 17:45:34:   clockName: 'OIC',
2026-08-05 17:45:34:   syncDate: '2026-08-05T23:45:34.244Z'
2026-08-05 17:45:34: }
2026-08-06 12:12:01: ◇ injected env (3) from .env // tip: ⌘ override existing { override: true }
2026-08-06 12:12:30: Servidor corriendo sin problemas en el puerto 5176
2026-08-07 18:53:45: ◇ injected env (3) from .env // tip: ◈ encrypted .env [www.dotenvx.com]
2026-08-07 18:54:10: Servidor corriendo sin problemas en el puerto 5176
2026-08-11 15:17:12: ◇ injected env (3) from .env // tip: ⌘ custom filepath { path: '/custom/path/.env' }
2026-08-11 15:17:41: Servidor corriendo sin problemas en el puerto 5176
2026-08-13 12:38:55: ◇ injected env (3) from .env // tip: ⌘ enable debugging { debug: true }
2026-08-13 12:39:37: Servidor corriendo sin problemas en el puerto 5176
2026-08-13 17:25:03: ◇ injected env (3) from .env // tip: ◈ secrets for agents [www.dotenvx.com]
2026-08-13 17:25:24: Servidor corriendo sin problemas en el puerto 5176
2026-08-14 13:41:28: {
2026-08-14 13:41:28:   records: [
2026-08-14 13:41:28:     {
2026-08-14 13:41:28:       employeeId: '01100',
2026-08-14 13:41:28:       timestamp: '2026-07-15T18:45:39',
2026-08-14 13:41:28:       serialNumber: '27764',
2026-08-14 13:41:28:       cardNumber: ''
2026-08-14 13:41:28:     },
2026-08-14 13:41:28:     {
2026-08-14 13:41:28:       employeeId: '01100',
2026-08-14 13:41:28:       timestamp: '2026-07-15T18:45:38',
2026-08-14 13:41:28:       serialNumber: '27763',
2026-08-14 13:41:28:       cardNumber: ''
2026-08-14 13:41:28:     },
2026-08-14 13:41:28:     {
2026-08-14 13:41:28:       employeeId: '01345',
2026-08-14 13:41:28:       timestamp: '2026-07-15T18:10:51',
2026-08-14 13:41:28:       serialNumber: '27760',
2026-08-14 13:41:28:       cardNumber: '01345'
2026-08-14 13:41:28:     },
2026-08-14 13:41:28:     {
2026-08-14 13:41:28:       employeeId: '01345',
2026-08-14 13:41:28:       timestamp: '2026-07-15T18:10:48',
2026-08-14 13:41:28:       serialNumber: '27759',
2026-08-14 13:41:28:       cardNumber: '01345'
2026-08-14 13:41:28:     },
2026-08-14 13:41:28:     {
2026-08-14 13:41:28:       employeeId: '3042',
2026-08-14 13:41:28:       timestamp: '2026-07-15T18:07:54',
2026-08-14 13:41:28:       serialNumber: '27756',
2026-08-14 13:41:28:       cardNumber: '3042'
2026-08-14 13:41:28:     },
2026-08-14 13:41:28:     {
2026-08-14 13:41:28:       employeeId: '0121',
2026-08-14 13:41:28:       timestamp: '2026-07-15T18:02:19',
2026-08-14 13:41:28:       serialNumber: '27753',
2026-08-14 13:41:28:       cardNumber: '0121'
2026-08-14 13:41:28:     },
2026-08-14 13:41:28:     {
2026-08-14 13:41:28:       employeeId: '0121',
2026-08-14 13:41:28:       timestamp: '2026-07-15T18:02:16',
2026-08-14 13:41:28:       serialNumber: '27752',
2026-08-14 13:41:28:       cardNumber: '0121'
2026-08-14 13:41:28:     },
2026-08-14 13:41:28:     {
2026-08-14 13:41:28:       employeeId: '3273',
2026-08-14 13:41:28:       timestamp: '2026-07-15T18:02:11',
2026-08-14 13:41:28:       serialNumber: '27749',
2026-08-14 13:41:28:       cardNumber: '3273'
2026-08-14 13:41:28:     },
2026-08-14 13:41:28:     {
2026-08-14 13:41:28:       employeeId: '3273',
2026-08-14 13:41:28:       timestamp: '2026-07-15T18:02:09',
2026-08-14 13:41:28:       serialNumber: '27748',
2026-08-14 13:41:28:       cardNumber: '3273'
2026-08-14 13:41:28:     },
2026-08-14 13:41:28:     {
2026-08-14 13:41:28:       employeeId: '01100',
2026-08-14 13:41:28:       timestamp: '2026-07-15T09:10:05',
2026-08-14 13:41:28:       serialNumber: '27686',
2026-08-14 13:41:28:       cardNumber: ''
2026-08-14 13:41:28:     },
2026-08-14 13:41:28:     {
2026-08-14 13:41:28:       employeeId: '01345',
2026-08-14 13:41:28:       timestamp: '2026-07-15T09:08:54',
2026-08-14 13:41:28:       serialNumber: '27683',
2026-08-14 13:41:28:       cardNumber: '01345'
2026-08-14 13:41:28:     },
2026-08-14 13:41:28:     {
2026-08-14 13:41:28:       employeeId: '01345',
2026-08-14 13:41:28:       timestamp: '2026-07-15T09:08:53',
2026-08-14 13:41:28:       serialNumber: '27682',
2026-08-14 13:41:28:       cardNumber: '01345'
2026-08-14 13:41:28:     },
2026-08-14 13:41:28:     {
2026-08-14 13:41:28:       employeeId: '0121',
2026-08-14 13:41:28:       timestamp: '2026-07-15T09:01:10',
2026-08-14 13:41:28:       serialNumber: '27679',
2026-08-14 13:41:28:       cardNumber: '0121'
2026-08-14 13:41:28:     },
2026-08-14 13:41:28:     {
2026-08-14 13:41:28:       employeeId: '0121',
2026-08-14 13:41:28:       timestamp: '2026-07-15T09:01:08',
2026-08-14 13:41:28:       serialNumber: '27678',
2026-08-14 13:41:28:       cardNumber: '0121'
2026-08-14 13:41:28:     },
2026-08-14 13:41:28:     {
2026-08-14 13:41:28:       employeeId: '3043',
2026-08-14 13:41:28:       timestamp: '2026-07-15T08:59:05',
2026-08-14 13:41:28:       serialNumber: '27675',
2026-08-14 13:41:28:       cardNumber: '3043'
2026-08-14 13:41:28:     },
2026-08-14 13:41:28:     {
2026-08-14 13:41:28:       employeeId: '3042',
2026-08-14 13:41:28:       timestamp: '2026-07-15T08:57:15',
2026-08-14 13:41:28:       serialNumber: '27672',
2026-08-14 13:41:28:       cardNumber: '3042'
2026-08-14 13:41:28:     },
2026-08-14 13:41:28:     {
2026-08-14 13:41:28:       employeeId: '3043',
2026-08-14 13:41:28:       timestamp: '2026-07-15T08:57:02',
2026-08-14 13:41:28:       serialNumber: '27669',
2026-08-14 13:41:28:       cardNumber: '3043'
2026-08-14 13:41:28:     },
2026-08-14 13:41:28:     {
2026-08-14 13:41:28:       employeeId: '3043',
2026-08-14 13:41:28:       timestamp: '2026-07-15T08:57:00',
2026-08-14 13:41:28:       serialNumber: '27668',
2026-08-14 13:41:28:       cardNumber: '3043'
2026-08-14 13:41:28:     },
2026-08-14 13:41:28:     {
2026-08-14 13:41:28:       employeeId: '3042',
2026-08-14 13:41:28:       timestamp: '2026-07-15T08:47:51',
2026-08-14 13:41:28:       serialNumber: '27665',
2026-08-14 13:41:28:       cardNumber: '3042'
2026-08-14 13:41:28:     },
2026-08-14 13:41:28:     {
2026-08-14 13:41:28:       employeeId: '3273',
2026-08-14 13:41:28:       timestamp: '2026-07-15T08:32:03',
2026-08-14 13:41:28:       serialNumber: '27662',
2026-08-14 13:41:28:       cardNumber: '3273'
2026-08-14 13:41:28:     }
2026-08-14 13:41:28:   ],
2026-08-14 13:41:28:   source: 'app-manual',
2026-08-14 13:41:28:   clockIp: '172.17.102.31',
2026-08-14 13:41:28:   clockName: 'TECNOLOGIAS',
2026-08-14 13:41:28:   syncDate: '2026-08-14T19:41:28.067Z'
2026-08-14 13:41:28: }
2026-08-14 13:41:39: {
2026-08-14 13:41:39:   records: [
2026-08-14 13:41:39:     {
2026-08-14 13:41:39:       employeeId: '01042',
2026-08-14 13:41:39:       timestamp: '2026-07-02T18:24:45',
2026-08-14 13:41:39:       serialNumber: '27143',
2026-08-14 13:41:39:       cardNumber: '01042'
2026-08-14 13:41:39:     },
2026-08-14 13:41:39:     {
2026-08-14 13:41:39:       employeeId: '01042',
2026-08-14 13:41:39:       timestamp: '2026-07-02T18:24:44',
2026-08-14 13:41:39:       serialNumber: '27142',
2026-08-14 13:41:39:       cardNumber: '01042'
2026-08-14 13:41:39:     },
2026-08-14 13:41:39:     {
2026-08-14 13:41:39:       employeeId: '01100',
2026-08-14 13:41:39:       timestamp: '2026-07-02T18:06:18',
2026-08-14 13:41:39:       serialNumber: '27139',
2026-08-14 13:41:39:       cardNumber: ''
2026-08-14 13:41:39:     },
2026-08-14 13:41:39:     {
2026-08-14 13:41:39:       employeeId: '01100',
2026-08-14 13:41:39:       timestamp: '2026-07-02T18:06:16',
2026-08-14 13:41:39:       serialNumber: '27138',
2026-08-14 13:41:39:       cardNumber: ''
2026-08-14 13:41:39:     },
2026-08-14 13:41:39:     {
2026-08-14 13:41:39:       employeeId: '3042',
2026-08-14 13:41:39:       timestamp: '2026-07-02T18:05:55',
2026-08-14 13:41:39:       serialNumber: '27135',
2026-08-14 13:41:39:       cardNumber: '3042'
2026-08-14 13:41:39:     },
2026-08-14 13:41:39:     {
2026-08-14 13:41:39:       employeeId: '01345',
2026-08-14 13:41:39:       timestamp: '2026-07-02T18:05:28',
2026-08-14 13:41:39:       serialNumber: '27132',
2026-08-14 13:41:39:       cardNumber: '01345'
2026-08-14 13:41:39:     },
2026-08-14 13:41:39:     {
2026-08-14 13:41:39:       employeeId: '01345',
2026-08-14 13:41:39:       timestamp: '2026-07-02T18:05:26',
2026-08-14 13:41:39:       serialNumber: '27131',
2026-08-14 13:41:39:       cardNumber: '01345'
2026-08-14 13:41:39:     },
2026-08-14 13:41:39:     {
2026-08-14 13:41:39:       employeeId: '3043',
2026-08-14 13:41:39:       timestamp: '2026-07-02T18:03:50',
2026-08-14 13:41:39:       serialNumber: '27128',
2026-08-14 13:41:39:       cardNumber: '3043'
2026-08-14 13:41:39:     },
2026-08-14 13:41:39:     {
2026-08-14 13:41:39:       employeeId: '0121',
2026-08-14 13:41:39:       timestamp: '2026-07-02T18:03:25',
2026-08-14 13:41:39:       serialNumber: '27125',
2026-08-14 13:41:39:       cardNumber: '0121'
2026-08-14 13:41:39:     },
2026-08-14 13:41:39:     {
2026-08-14 13:41:39:       employeeId: '0121',
2026-08-14 13:41:39:       timestamp: '2026-07-02T18:03:22',
2026-08-14 13:41:39:       serialNumber: '27124',
2026-08-14 13:41:39:       cardNumber: '0121'
2026-08-14 13:41:39:     },
2026-08-14 13:41:39:     {
2026-08-14 13:41:39:       employeeId: '3273',
2026-08-14 13:41:39:       timestamp: '2026-07-02T18:03:17',
2026-08-14 13:41:39:       serialNumber: '27123',
2026-08-14 13:41:39:       cardNumber: '3273'
2026-08-14 13:41:39:     },
2026-08-14 13:41:39:     {
2026-08-14 13:41:39:       employeeId: '3273',
2026-08-14 13:41:39:       timestamp: '2026-07-02T18:03:16',
2026-08-14 13:41:39:       serialNumber: '27122',
2026-08-14 13:41:39:       cardNumber: '3273'
2026-08-14 13:41:39:     },
2026-08-14 13:41:39:     {
2026-08-14 13:41:39:       employeeId: '01100',
2026-08-14 13:41:39:       timestamp: '2026-07-02T09:09:53',
2026-08-14 13:41:39:       serialNumber: '27119',
2026-08-14 13:41:39:       cardNumber: ''
2026-08-14 13:41:39:     },
2026-08-14 13:41:39:     {
2026-08-14 13:41:39:       employeeId: '01100',
2026-08-14 13:41:39:       timestamp: '2026-07-02T09:09:51',
2026-08-14 13:41:39:       serialNumber: '27118',
2026-08-14 13:41:39:       cardNumber: ''
2026-08-14 13:41:39:     },
2026-08-14 13:41:39:     {
2026-08-14 13:41:39:       employeeId: '01345',
2026-08-14 13:41:39:       timestamp: '2026-07-02T09:05:21',
2026-08-14 13:41:39:       serialNumber: '27115',
2026-08-14 13:41:39:       cardNumber: '01345'
2026-08-14 13:41:39:     },
2026-08-14 13:41:39:     {
2026-08-14 13:41:39:       employeeId: '0121',
2026-08-14 13:41:39:       timestamp: '2026-07-02T09:01:09',
2026-08-14 13:41:39:       serialNumber: '27112',
2026-08-14 13:41:39:       cardNumber: '0121'
2026-08-14 13:41:39:     },
2026-08-14 13:41:39:     {
2026-08-14 13:41:39:       employeeId: '0121',
2026-08-14 13:41:39:       timestamp: '2026-07-02T09:01:05',
2026-08-14 13:41:39:       serialNumber: '27111',
2026-08-14 13:41:39:       cardNumber: '0121'
2026-08-14 13:41:39:     },
2026-08-14 13:41:39:     {
2026-08-14 13:41:39:       employeeId: '0121',
2026-08-14 13:41:39:       timestamp: '2026-07-02T09:01:03',
2026-08-14 13:41:39:       serialNumber: '27110',
2026-08-14 13:41:39:       cardNumber: '0121'
2026-08-14 13:41:39:     },
2026-08-14 13:41:39:     {
2026-08-14 13:41:39:       employeeId: '01042',
2026-08-14 13:41:39:       timestamp: '2026-07-02T09:00:56',
2026-08-14 13:41:39:       serialNumber: '27107',
2026-08-14 13:41:39:       cardNumber: '01042'
2026-08-14 13:41:39:     },
2026-08-14 13:41:39:     {
2026-08-14 13:41:39:       employeeId: '01042',
2026-08-14 13:41:39:       timestamp: '2026-07-02T09:00:55',
2026-08-14 13:41:39:       serialNumber: '27106',
2026-08-14 13:41:39:       cardNumber: '01042'
2026-08-14 13:41:39:     }
2026-08-14 13:41:39:   ],
2026-08-14 13:41:39:   source: 'app-manual',
2026-08-14 13:41:39:   clockIp: '172.17.102.31',
2026-08-14 13:41:39:   clockName: 'TECNOLOGIAS',
2026-08-14 13:41:39:   syncDate: '2026-08-14T19:41:39.186Z'
2026-08-14 13:41:39: }
2026-08-14 13:41:44: {
2026-08-14 13:41:44:   records: [
2026-08-14 13:41:44:     {
2026-08-14 13:41:44:       employeeId: '01042',
2026-08-14 13:41:44:       timestamp: '2026-07-02T09:00:53',
2026-08-14 13:41:44:       serialNumber: '27105',
2026-08-14 13:41:44:       cardNumber: '01042'
2026-08-14 13:41:44:     },
2026-08-14 13:41:44:     {
2026-08-14 13:41:44:       employeeId: '01042',
2026-08-14 13:41:44:       timestamp: '2026-07-02T09:00:52',
2026-08-14 13:41:44:       serialNumber: '27104',
2026-08-14 13:41:44:       cardNumber: '01042'
2026-08-14 13:41:44:     },
2026-08-14 13:41:44:     {
2026-08-14 13:41:44:       employeeId: '3042',
2026-08-14 13:41:44:       timestamp: '2026-07-02T08:58:11',
2026-08-14 13:41:44:       serialNumber: '27100',
2026-08-14 13:41:44:       cardNumber: '3042'
2026-08-14 13:41:44:     },
2026-08-14 13:41:44:     {
2026-08-14 13:41:44:       employeeId: '3043',
2026-08-14 13:41:44:       timestamp: '2026-07-02T08:50:36',
2026-08-14 13:41:44:       serialNumber: '27096',
2026-08-14 13:41:44:       cardNumber: '3043'
2026-08-14 13:41:44:     },
2026-08-14 13:41:44:     {
2026-08-14 13:41:44:       employeeId: '3273',
2026-08-14 13:41:44:       timestamp: '2026-07-02T08:33:49',
2026-08-14 13:41:44:       serialNumber: '27093',
2026-08-14 13:41:44:       cardNumber: '3273'
2026-08-14 13:41:44:     },
2026-08-14 13:41:44:     {
2026-08-14 13:41:44:       employeeId: '3273',
2026-08-14 13:41:44:       timestamp: '2026-07-02T08:33:48',
2026-08-14 13:41:44:       serialNumber: '27092',
2026-08-14 13:41:44:       cardNumber: '3273'
2026-08-14 13:41:44:     },
2026-08-14 13:41:44:     {
2026-08-14 13:41:44:       employeeId: '3273',
2026-08-14 13:41:44:       timestamp: '2026-07-02T08:14:02',
2026-08-14 13:41:44:       serialNumber: '27089',
2026-08-14 13:41:44:       cardNumber: '3273'
2026-08-14 13:41:44:     },
2026-08-14 13:41:44:     {
2026-08-14 13:41:44:       employeeId: '3043',
2026-08-14 13:41:44:       timestamp: '2026-07-01T18:02:03',
2026-08-14 13:41:44:       serialNumber: '27086',
2026-08-14 13:41:44:       cardNumber: '3043'
2026-08-14 13:41:44:     },
2026-08-14 13:41:44:     {
2026-08-14 13:41:44:       employeeId: '3273',
2026-08-14 13:41:44:       timestamp: '2026-07-01T18:01:26',
2026-08-14 13:41:44:       serialNumber: '27083',
2026-08-14 13:41:44:       cardNumber: '3273'
2026-08-14 13:41:44:     },
2026-08-14 13:41:44:     {
2026-08-14 13:41:44:       employeeId: '3273',
2026-08-14 13:41:44:       timestamp: '2026-07-01T18:01:24',
2026-08-14 13:41:44:       serialNumber: '27082',
2026-08-14 13:41:44:       cardNumber: '3273'
2026-08-14 13:41:44:     },
2026-08-14 13:41:44:     {
2026-08-14 13:41:44:       employeeId: '0121',
2026-08-14 13:41:44:       timestamp: '2026-07-01T09:03:47',
2026-08-14 13:41:44:       serialNumber: '27076',
2026-08-14 13:41:44:       cardNumber: '0121'
2026-08-14 13:41:44:     },
2026-08-14 13:41:44:     {
2026-08-14 13:41:44:       employeeId: '0121',
2026-08-14 13:41:44:       timestamp: '2026-07-01T09:03:45',
2026-08-14 13:41:44:       serialNumber: '27075',
2026-08-14 13:41:44:       cardNumber: '0121'
2026-08-14 13:41:44:     },
2026-08-14 13:41:44:     {
2026-08-14 13:41:44:       employeeId: '3043',
2026-08-14 13:41:44:       timestamp: '2026-07-01T08:54:54',
2026-08-14 13:41:44:       serialNumber: '27072',
2026-08-14 13:41:44:       cardNumber: '3043'
2026-08-14 13:41:44:     },
2026-08-14 13:41:44:     {
2026-08-14 13:41:44:       employeeId: '3273',
2026-08-14 13:41:44:       timestamp: '2026-07-01T08:38:51',
2026-08-14 13:41:44:       serialNumber: '27069',
2026-08-14 13:41:44:       cardNumber: '3273'
2026-08-14 13:41:44:     },
2026-08-14 13:41:44:     {
2026-08-14 13:41:44:       employeeId: '3273',
2026-08-14 13:41:44:       timestamp: '2026-07-01T08:31:43',
2026-08-14 13:41:44:       serialNumber: '27065',
2026-08-14 13:41:44:       cardNumber: '3273'
2026-08-14 13:41:44:     },
2026-08-14 13:41:44:     {
2026-08-14 13:41:44:       employeeId: '3273',
2026-08-14 13:41:44:       timestamp: '2026-07-01T08:31:41',
2026-08-14 13:41:44:       serialNumber: '27064',
2026-08-14 13:41:44:       cardNumber: '3273'
2026-08-14 13:41:44:     },
2026-08-14 13:41:44:     {
2026-08-14 13:41:44:       employeeId: '3273',
2026-08-14 13:41:44:       timestamp: '2026-07-01T08:08:02',
2026-08-14 13:41:44:       serialNumber: '27060',
2026-08-14 13:41:44:       cardNumber: '3273'
2026-08-14 13:41:44:     }
2026-08-14 13:41:44:   ],
2026-08-14 13:41:44:   source: 'app-manual',
2026-08-14 13:41:44:   clockIp: '172.17.102.31',
2026-08-14 13:41:44:   clockName: 'TECNOLOGIAS',
2026-08-14 13:41:44:   syncDate: '2026-08-14T19:41:43.853Z'
2026-08-14 13:41:44: }
2026-08-14 13:41:48: {
2026-08-14 13:41:48:   records: [
2026-08-14 13:41:48:     {
2026-08-14 13:41:48:       employeeId: '3042',
2026-08-14 13:41:48:       timestamp: '2026-07-03T18:07:46',
2026-08-14 13:41:48:       serialNumber: '27233',
2026-08-14 13:41:48:       cardNumber: '3042'
2026-08-14 13:41:48:     },
2026-08-14 13:41:48:     {
2026-08-14 13:41:48:       employeeId: '3043',
2026-08-14 13:41:48:       timestamp: '2026-07-03T18:07:09',
2026-08-14 13:41:48:       serialNumber: '27229',
2026-08-14 13:41:48:       cardNumber: '3043'
2026-08-14 13:41:48:     },
2026-08-14 13:41:48:     {
2026-08-14 13:41:48:       employeeId: '0121',
2026-08-14 13:41:48:       timestamp: '2026-07-03T18:03:07',
2026-08-14 13:41:48:       serialNumber: '27226',
2026-08-14 13:41:48:       cardNumber: '0121'
2026-08-14 13:41:48:     },
2026-08-14 13:41:48:     {
2026-08-14 13:41:48:       employeeId: '0121',
2026-08-14 13:41:48:       timestamp: '2026-07-03T18:03:04',
2026-08-14 13:41:48:       serialNumber: '27225',
2026-08-14 13:41:48:       cardNumber: '0121'
2026-08-14 13:41:48:     },
2026-08-14 13:41:48:     {
2026-08-14 13:41:48:       employeeId: '3043',
2026-08-14 13:41:48:       timestamp: '2026-07-03T18:03:01',
2026-08-14 13:41:48:       serialNumber: '27224',
2026-08-14 13:41:48:       cardNumber: '3043'
2026-08-14 13:41:48:     },
2026-08-14 13:41:48:     {
2026-08-14 13:41:48:       employeeId: '3273',
2026-08-14 13:41:48:       timestamp: '2026-07-03T18:02:37',
2026-08-14 13:41:48:       serialNumber: '27221',
2026-08-14 13:41:48:       cardNumber: '3273'
2026-08-14 13:41:48:     },
2026-08-14 13:41:48:     {
2026-08-14 13:41:48:       employeeId: '3273',
2026-08-14 13:41:48:       timestamp: '2026-07-03T18:02:35',
2026-08-14 13:41:48:       serialNumber: '27220',
2026-08-14 13:41:48:       cardNumber: '3273'
2026-08-14 13:41:48:     },
2026-08-14 13:41:48:     {
2026-08-14 13:41:48:       employeeId: '01042',
2026-08-14 13:41:48:       timestamp: '2026-07-03T09:09:49',
2026-08-14 13:41:48:       serialNumber: '27169',
2026-08-14 13:41:48:       cardNumber: '01042'
2026-08-14 13:41:48:     },
2026-08-14 13:41:48:     {
2026-08-14 13:41:48:       employeeId: '01042',
2026-08-14 13:41:48:       timestamp: '2026-07-03T09:09:47',
2026-08-14 13:41:48:       serialNumber: '27168',
2026-08-14 13:41:48:       cardNumber: '01042'
2026-08-14 13:41:48:     },
2026-08-14 13:41:48:     {
2026-08-14 13:41:48:       employeeId: '01042',
2026-08-14 13:41:48:       timestamp: '2026-07-03T09:09:46',
2026-08-14 13:41:48:       serialNumber: '27167',
2026-08-14 13:41:48:       cardNumber: '01042'
2026-08-14 13:41:48:     },
2026-08-14 13:41:48:     {
2026-08-14 13:41:48:       employeeId: '01042',
2026-08-14 13:41:48:       timestamp: '2026-07-03T09:09:45',
2026-08-14 13:41:48:       serialNumber: '27166',
2026-08-14 13:41:48:       cardNumber: '01042'
2026-08-14 13:41:48:     },
2026-08-14 13:41:48:     {
2026-08-14 13:41:48:       employeeId: '0121',
2026-08-14 13:41:48:       timestamp: '2026-07-03T09:05:19',
2026-08-14 13:41:48:       serialNumber: '27163',
2026-08-14 13:41:48:       cardNumber: '0121'
2026-08-14 13:41:48:     },
2026-08-14 13:41:48:     {
2026-08-14 13:41:48:       employeeId: '0121',
2026-08-14 13:41:48:       timestamp: '2026-07-03T09:05:17',
2026-08-14 13:41:48:       serialNumber: '27162',
2026-08-14 13:41:48:       cardNumber: '0121'
2026-08-14 13:41:48:     },
2026-08-14 13:41:48:     {
2026-08-14 13:41:48:       employeeId: '01100',
2026-08-14 13:41:48:       timestamp: '2026-07-03T09:03:17',
2026-08-14 13:41:48:       serialNumber: '27159',
2026-08-14 13:41:48:       cardNumber: ''
2026-08-14 13:41:48:     },
2026-08-14 13:41:48:     {
2026-08-14 13:41:48:       employeeId: '01100',
2026-08-14 13:41:48:       timestamp: '2026-07-03T09:03:16',
2026-08-14 13:41:48:       serialNumber: '27158',
2026-08-14 13:41:48:       cardNumber: ''
2026-08-14 13:41:48:     },
2026-08-14 13:41:48:     {
2026-08-14 13:41:48:       employeeId: '01100',
2026-08-14 13:41:48:       timestamp: '2026-07-03T09:03:15',
2026-08-14 13:41:48:       serialNumber: '27157',
2026-08-14 13:41:48:       cardNumber: ''
2026-08-14 13:41:48:     },
2026-08-14 13:41:48:     {
2026-08-14 13:41:48:       employeeId: '3042',
2026-08-14 13:41:48:       timestamp: '2026-07-03T08:54:37',
2026-08-14 13:41:48:       serialNumber: '27153',
2026-08-14 13:41:48:       cardNumber: '3042'
2026-08-14 13:41:48:     },
2026-08-14 13:41:48:     {
2026-08-14 13:41:48:       employeeId: '3043',
2026-08-14 13:41:48:       timestamp: '2026-07-03T08:53:12',
2026-08-14 13:41:48:       serialNumber: '27150',
2026-08-14 13:41:48:       cardNumber: '3043'
2026-08-14 13:41:48:     },
2026-08-14 13:41:48:     {
2026-08-14 13:41:48:       employeeId: '3273',
2026-08-14 13:41:48:       timestamp: '2026-07-03T08:35:20',
2026-08-14 13:41:48:       serialNumber: '27147',
2026-08-14 13:41:48:       cardNumber: '3273'
2026-08-14 13:41:48:     },
2026-08-14 13:41:48:     {
2026-08-14 13:41:48:       employeeId: '3273',
2026-08-14 13:41:48:       timestamp: '2026-07-03T08:35:18',
2026-08-14 13:41:48:       serialNumber: '27146',
2026-08-14 13:41:48:       cardNumber: '3273'
2026-08-14 13:41:48:     }
2026-08-14 13:41:48:   ],
2026-08-14 13:41:48:   source: 'app-manual',
2026-08-14 13:41:48:   clockIp: '172.17.102.31',
2026-08-14 13:41:48:   clockName: 'TECNOLOGIAS',
2026-08-14 13:41:48:   syncDate: '2026-08-14T19:41:48.496Z'
2026-08-14 13:41:48: }
2026-08-14 13:41:54: {
2026-08-14 13:41:54:   records: [
2026-08-14 13:41:54:     {
2026-08-14 13:41:54:       employeeId: '3042',
2026-08-14 13:41:54:       timestamp: '2026-07-06T18:03:31',
2026-08-14 13:41:54:       serialNumber: '27298',
2026-08-14 13:41:54:       cardNumber: '3042'
2026-08-14 13:41:54:     },
2026-08-14 13:41:54:     {
2026-08-14 13:41:54:       employeeId: '3273',
2026-08-14 13:41:54:       timestamp: '2026-07-06T18:03:29',
2026-08-14 13:41:54:       serialNumber: '27297',
2026-08-14 13:41:54:       cardNumber: '3273'
2026-08-14 13:41:54:     },
2026-08-14 13:41:54:     {
2026-08-14 13:41:54:       employeeId: '01345',
2026-08-14 13:41:54:       timestamp: '2026-07-06T18:03:08',
2026-08-14 13:41:54:       serialNumber: '27294',
2026-08-14 13:41:54:       cardNumber: '01345'
2026-08-14 13:41:54:     },
2026-08-14 13:41:54:     {
2026-08-14 13:41:54:       employeeId: '01345',
2026-08-14 13:41:54:       timestamp: '2026-07-06T18:03:05',
2026-08-14 13:41:54:       serialNumber: '27293',
2026-08-14 13:41:54:       cardNumber: '01345'
2026-08-14 13:41:54:     },
2026-08-14 13:41:54:     {
2026-08-14 13:41:54:       employeeId: '3273',
2026-08-14 13:41:54:       timestamp: '2026-07-06T18:03:01',
2026-08-14 13:41:54:       serialNumber: '27292',
2026-08-14 13:41:54:       cardNumber: '3273'
2026-08-14 13:41:54:     },
2026-08-14 13:41:54:     {
2026-08-14 13:41:54:       employeeId: '0121',
2026-08-14 13:41:54:       timestamp: '2026-07-06T18:02:53',
2026-08-14 13:41:54:       serialNumber: '27288',
2026-08-14 13:41:54:       cardNumber: '0121'
2026-08-14 13:41:54:     },
2026-08-14 13:41:54:     {
2026-08-14 13:41:54:       employeeId: '0121',
2026-08-14 13:41:54:       timestamp: '2026-07-06T18:02:50',
2026-08-14 13:41:54:       serialNumber: '27287',
2026-08-14 13:41:54:       cardNumber: '0121'
2026-08-14 13:41:54:     },
2026-08-14 13:41:54:     {
2026-08-14 13:41:54:       employeeId: '01042',
2026-08-14 13:41:54:       timestamp: '2026-07-06T18:02:45',
2026-08-14 13:41:54:       serialNumber: '27284',
2026-08-14 13:41:54:       cardNumber: '01042'
2026-08-14 13:41:54:     },
2026-08-14 13:41:54:     {
2026-08-14 13:41:54:       employeeId: '01042',
2026-08-14 13:41:54:       timestamp: '2026-07-06T18:02:44',
2026-08-14 13:41:54:       serialNumber: '27283',
2026-08-14 13:41:54:       cardNumber: '01042'
2026-08-14 13:41:54:     },
2026-08-14 13:41:54:     {
2026-08-14 13:41:54:       employeeId: '01042',
2026-08-14 13:41:54:       timestamp: '2026-07-06T18:02:42',
2026-08-14 13:41:54:       serialNumber: '27282',
2026-08-14 13:41:54:       cardNumber: '01042'
2026-08-14 13:41:54:     },
2026-08-14 13:41:54:     {
2026-08-14 13:41:54:       employeeId: '01100',
2026-08-14 13:41:54:       timestamp: '2026-07-06T09:25:49',
2026-08-14 13:41:54:       serialNumber: '27255',
2026-08-14 13:41:54:       cardNumber: ''
2026-08-14 13:41:54:     },
2026-08-14 13:41:54:     {
2026-08-14 13:41:54:       employeeId: '01100',
2026-08-14 13:41:54:       timestamp: '2026-07-06T09:25:48',
2026-08-14 13:41:54:       serialNumber: '27254',
2026-08-14 13:41:54:       cardNumber: ''
2026-08-14 13:41:54:     },
2026-08-14 13:41:54:     {
2026-08-14 13:41:54:       employeeId: '0121',
2026-08-14 13:41:54:       timestamp: '2026-07-06T09:07:20',
2026-08-14 13:41:54:       serialNumber: '27251',
2026-08-14 13:41:54:       cardNumber: '0121'
2026-08-14 13:41:54:     },
2026-08-14 13:41:54:     {
2026-08-14 13:41:54:       employeeId: '0121',
2026-08-14 13:41:54:       timestamp: '2026-07-06T09:07:17',
2026-08-14 13:41:54:       serialNumber: '27250',
2026-08-14 13:41:54:       cardNumber: '0121'
2026-08-14 13:41:54:     },
2026-08-14 13:41:54:     {
2026-08-14 13:41:54:       employeeId: '01345',
2026-08-14 13:41:54:       timestamp: '2026-07-06T09:02:06',
2026-08-14 13:41:54:       serialNumber: '27247',
2026-08-14 13:41:54:       cardNumber: '01345'
2026-08-14 13:41:54:     },
2026-08-14 13:41:54:     {
2026-08-14 13:41:54:       employeeId: '01345',
2026-08-14 13:41:54:       timestamp: '2026-07-06T09:02:03',
2026-08-14 13:41:54:       serialNumber: '27246',
2026-08-14 13:41:54:       cardNumber: '01345'
2026-08-14 13:41:54:     },
2026-08-14 13:41:54:     {
2026-08-14 13:41:54:       employeeId: '3043',
2026-08-14 13:41:54:       timestamp: '2026-07-06T08:55:19',
2026-08-14 13:41:54:       serialNumber: '27243',
2026-08-14 13:41:54:       cardNumber: '3043'
2026-08-14 13:41:54:     },
2026-08-14 13:41:54:     {
2026-08-14 13:41:54:       employeeId: '3042',
2026-08-14 13:41:54:       timestamp: '2026-07-06T08:50:06',
2026-08-14 13:41:54:       serialNumber: '27240',
2026-08-14 13:41:54:       cardNumber: '3042'
2026-08-14 13:41:54:     },
2026-08-14 13:41:54:     {
2026-08-14 13:41:54:       employeeId: '3273',
2026-08-14 13:41:54:       timestamp: '2026-07-06T08:31:15',
2026-08-14 13:41:54:       serialNumber: '27237',
2026-08-14 13:41:54:       cardNumber: '3273'
2026-08-14 13:41:54:     },
2026-08-14 13:41:54:     {
2026-08-14 13:41:54:       employeeId: '3273',
2026-08-14 13:41:54:       timestamp: '2026-07-06T08:31:14',
2026-08-14 13:41:54:       serialNumber: '27236',
2026-08-14 13:41:54:       cardNumber: '3273'
2026-08-14 13:41:54:     }
2026-08-14 13:41:54:   ],
2026-08-14 13:41:54:   source: 'app-manual',
2026-08-14 13:41:54:   clockIp: '172.17.102.31',
2026-08-14 13:41:54:   clockName: 'TECNOLOGIAS',
2026-08-14 13:41:54:   syncDate: '2026-08-14T19:41:54.061Z'
2026-08-14 13:41:54: }
2026-08-14 13:41:58: {
2026-08-14 13:41:58:   records: [
2026-08-14 13:41:58:     {
2026-08-14 13:41:58:       employeeId: '0121',
2026-08-14 13:41:58:       timestamp: '2026-07-07T18:04:25',
2026-08-14 13:41:58:       serialNumber: '27340',
2026-08-14 13:41:58:       cardNumber: '0121'
2026-08-14 13:41:58:     },
2026-08-14 13:41:58:     {
2026-08-14 13:41:58:       employeeId: '3273',
2026-08-14 13:41:58:       timestamp: '2026-07-07T18:03:18',
2026-08-14 13:41:58:       serialNumber: '27337',
2026-08-14 13:41:58:       cardNumber: '3273'
2026-08-14 13:41:58:     },
2026-08-14 13:41:58:     {
2026-08-14 13:41:58:       employeeId: '3273',
2026-08-14 13:41:58:       timestamp: '2026-07-07T18:03:16',
2026-08-14 13:41:58:       serialNumber: '27336',
2026-08-14 13:41:58:       cardNumber: '3273'
2026-08-14 13:41:58:     },
2026-08-14 13:41:58:     {
2026-08-14 13:41:58:       employeeId: '01100',
2026-08-14 13:41:58:       timestamp: '2026-07-07T09:10:34',
2026-08-14 13:41:58:       serialNumber: '27333',
2026-08-14 13:41:58:       cardNumber: ''
2026-08-14 13:41:58:     },
2026-08-14 13:41:58:     {
2026-08-14 13:41:58:       employeeId: '01100',
2026-08-14 13:41:58:       timestamp: '2026-07-07T09:10:33',
2026-08-14 13:41:58:       serialNumber: '27332',
2026-08-14 13:41:58:       cardNumber: ''
2026-08-14 13:41:58:     },
2026-08-14 13:41:58:     {
2026-08-14 13:41:58:       employeeId: '01042',
2026-08-14 13:41:58:       timestamp: '2026-07-07T09:06:44',
2026-08-14 13:41:58:       serialNumber: '27329',
2026-08-14 13:41:58:       cardNumber: '01042'
2026-08-14 13:41:58:     },
2026-08-14 13:41:58:     {
2026-08-14 13:41:58:       employeeId: '01042',
2026-08-14 13:41:58:       timestamp: '2026-07-07T09:06:43',
2026-08-14 13:41:58:       serialNumber: '27328',
2026-08-14 13:41:58:       cardNumber: '01042'
2026-08-14 13:41:58:     },
2026-08-14 13:41:58:     {
2026-08-14 13:41:58:       employeeId: '01042',
2026-08-14 13:41:58:       timestamp: '2026-07-07T09:06:41',
2026-08-14 13:41:58:       serialNumber: '27327',
2026-08-14 13:41:58:       cardNumber: '01042'
2026-08-14 13:41:58:     },
2026-08-14 13:41:58:     {
2026-08-14 13:41:58:       employeeId: '01042',
2026-08-14 13:41:58:       timestamp: '2026-07-07T09:06:40',
2026-08-14 13:41:58:       serialNumber: '27326',
2026-08-14 13:41:58:       cardNumber: '01042'
2026-08-14 13:41:58:     },
2026-08-14 13:41:58:     {
2026-08-14 13:41:58:       employeeId: '0121',
2026-08-14 13:41:58:       timestamp: '2026-07-07T09:02:28',
2026-08-14 13:41:58:       serialNumber: '27323',
2026-08-14 13:41:58:       cardNumber: '0121'
2026-08-14 13:41:58:     },
2026-08-14 13:41:58:     {
2026-08-14 13:41:58:       employeeId: '0121',
2026-08-14 13:41:58:       timestamp: '2026-07-07T09:02:25',
2026-08-14 13:41:58:       serialNumber: '27322',
2026-08-14 13:41:58:       cardNumber: '0121'
2026-08-14 13:41:58:     },
2026-08-14 13:41:58:     {
2026-08-14 13:41:58:       employeeId: '3043',
2026-08-14 13:41:58:       timestamp: '2026-07-07T09:01:07',
2026-08-14 13:41:58:       serialNumber: '27319',
2026-08-14 13:41:58:       cardNumber: '3043'
2026-08-14 13:41:58:     },
2026-08-14 13:41:58:     {
2026-08-14 13:41:58:       employeeId: '3043',
2026-08-14 13:41:58:       timestamp: '2026-07-07T09:00:55',
2026-08-14 13:41:58:       serialNumber: '27316',
2026-08-14 13:41:58:       cardNumber: '3043'
2026-08-14 13:41:58:     },
2026-08-14 13:41:58:     {
2026-08-14 13:41:58:       employeeId: '3042',
2026-08-14 13:41:58:       timestamp: '2026-07-07T09:00:39',
2026-08-14 13:41:58:       serialNumber: '27313',
2026-08-14 13:41:58:       cardNumber: '3042'
2026-08-14 13:41:58:     },
2026-08-14 13:41:58:     {
2026-08-14 13:41:58:       employeeId: '3273',
2026-08-14 13:41:58:       timestamp: '2026-07-07T08:31:54',
2026-08-14 13:41:58:       serialNumber: '27310',
2026-08-14 13:41:58:       cardNumber: '3273'
2026-08-14 13:41:58:     },
2026-08-14 13:41:58:     {
2026-08-14 13:41:58:       employeeId: '3273',
2026-08-14 13:41:58:       timestamp: '2026-07-07T08:31:52',
2026-08-14 13:41:58:       serialNumber: '27309',
2026-08-14 13:41:58:       cardNumber: '3273'
2026-08-14 13:41:58:     },
2026-08-14 13:41:58:     {
2026-08-14 13:41:58:       employeeId: '3273',
2026-08-14 13:41:58:       timestamp: '2026-07-07T08:22:28',
2026-08-14 13:41:58:       serialNumber: '27306',
2026-08-14 13:41:58:       cardNumber: '3273'
2026-08-14 13:41:58:     },
2026-08-14 13:41:58:     {
2026-08-14 13:41:58:       employeeId: '01100',
2026-08-14 13:41:58:       timestamp: '2026-07-06T18:42:12',
2026-08-14 13:41:58:       serialNumber: '27303',
2026-08-14 13:41:58:       cardNumber: ''
2026-08-14 13:41:58:     },
2026-08-14 13:41:58:     {
2026-08-14 13:41:58:       employeeId: '01100',
2026-08-14 13:41:58:       timestamp: '2026-07-06T18:42:11',
2026-08-14 13:41:58:       serialNumber: '27302',
2026-08-14 13:41:58:       cardNumber: ''
2026-08-14 13:41:58:     },
2026-08-14 13:41:58:     {
2026-08-14 13:41:58:       employeeId: '3043',
2026-08-14 13:41:58:       timestamp: '2026-07-06T18:03:34',
2026-08-14 13:41:58:       serialNumber: '27299',
2026-08-14 13:41:58:       cardNumber: '3043'
2026-08-14 13:41:58:     }
2026-08-14 13:41:58:   ],
2026-08-14 13:41:58:   source: 'app-manual',
2026-08-14 13:41:58:   clockIp: '172.17.102.31',
2026-08-14 13:41:58:   clockName: 'TECNOLOGIAS',
2026-08-14 13:41:58:   syncDate: '2026-08-14T19:41:58.099Z'
2026-08-14 13:41:58: }
2026-08-14 13:42:06: {
2026-08-14 13:42:06:   records: [
2026-08-14 13:42:06:     {
2026-08-14 13:42:06:       employeeId: '01042',
2026-08-14 13:42:06:       timestamp: '2026-07-08T09:07:01',
2026-08-14 13:42:06:       serialNumber: '27383',
2026-08-14 13:42:06:       cardNumber: '01042'
2026-08-14 13:42:06:     },
2026-08-14 13:42:06:     {
2026-08-14 13:42:06:       employeeId: '01345',
2026-08-14 13:42:06:       timestamp: '2026-07-08T09:05:06',
2026-08-14 13:42:06:       serialNumber: '27380',
2026-08-14 13:42:06:       cardNumber: '01345'
2026-08-14 13:42:06:     },
2026-08-14 13:42:06:     {
2026-08-14 13:42:06:       employeeId: '01345',
2026-08-14 13:42:06:       timestamp: '2026-07-08T09:05:05',
2026-08-14 13:42:06:       serialNumber: '27379',
2026-08-14 13:42:06:       cardNumber: '01345'
2026-08-14 13:42:06:     },
2026-08-14 13:42:06:     {
2026-08-14 13:42:06:       employeeId: '3042',
2026-08-14 13:42:06:       timestamp: '2026-07-08T08:51:05',
2026-08-14 13:42:06:       serialNumber: '27376',
2026-08-14 13:42:06:       cardNumber: '3042'
2026-08-14 13:42:06:     },
2026-08-14 13:42:06:     {
2026-08-14 13:42:06:       employeeId: '3043',
2026-08-14 13:42:06:       timestamp: '2026-07-08T08:49:06',
2026-08-14 13:42:06:       serialNumber: '27373',
2026-08-14 13:42:06:       cardNumber: '3043'
2026-08-14 13:42:06:     },
2026-08-14 13:42:06:     {
2026-08-14 13:42:06:       employeeId: '3273',
2026-08-14 13:42:06:       timestamp: '2026-07-08T08:30:50',
2026-08-14 13:42:06:       serialNumber: '27370',
2026-08-14 13:42:06:       cardNumber: '3273'
2026-08-14 13:42:06:     },
2026-08-14 13:42:06:     {
2026-08-14 13:42:06:       employeeId: '3273',
2026-08-14 13:42:06:       timestamp: '2026-07-08T08:30:48',
2026-08-14 13:42:06:       serialNumber: '27369',
2026-08-14 13:42:06:       cardNumber: '3273'
2026-08-14 13:42:06:     },
2026-08-14 13:42:06:     {
2026-08-14 13:42:06:       employeeId: '01100',
2026-08-14 13:42:06:       timestamp: '2026-07-07T18:25:12',
2026-08-14 13:42:06:       serialNumber: '27366',
2026-08-14 13:42:06:       cardNumber: ''
2026-08-14 13:42:06:     },
2026-08-14 13:42:06:     {
2026-08-14 13:42:06:       employeeId: '01100',
2026-08-14 13:42:06:       timestamp: '2026-07-07T18:25:11',
2026-08-14 13:42:06:       serialNumber: '27365',
2026-08-14 13:42:06:       cardNumber: ''
2026-08-14 13:42:06:     },
2026-08-14 13:42:06:     {
2026-08-14 13:42:06:       employeeId: '3043',
2026-08-14 13:42:06:       timestamp: '2026-07-07T18:06:05',
2026-08-14 13:42:06:       serialNumber: '27362',
2026-08-14 13:42:06:       cardNumber: '3043'
2026-08-14 13:42:06:     },
2026-08-14 13:42:06:     {
2026-08-14 13:42:06:       employeeId: '3043',
2026-08-14 13:42:06:       timestamp: '2026-07-07T18:06:03',
2026-08-14 13:42:06:       serialNumber: '27361',
2026-08-14 13:42:06:       cardNumber: '3043'
2026-08-14 13:42:06:     },
2026-08-14 13:42:06:     {
2026-08-14 13:42:06:       employeeId: '01042',
2026-08-14 13:42:06:       timestamp: '2026-07-07T18:05:57',
2026-08-14 13:42:06:       serialNumber: '27358',
2026-08-14 13:42:06:       cardNumber: '01042'
2026-08-14 13:42:06:     },
2026-08-14 13:42:06:     {
2026-08-14 13:42:06:       employeeId: '01042',
2026-08-14 13:42:06:       timestamp: '2026-07-07T18:05:55',
2026-08-14 13:42:06:       serialNumber: '27357',
2026-08-14 13:42:06:       cardNumber: '01042'
2026-08-14 13:42:06:     },
2026-08-14 13:42:06:     {
2026-08-14 13:42:06:       employeeId: '01042',
2026-08-14 13:42:06:       timestamp: '2026-07-07T18:05:51',
2026-08-14 13:42:06:       serialNumber: '27355',
2026-08-14 13:42:06:       cardNumber: '01042'
2026-08-14 13:42:06:     },
2026-08-14 13:42:06:     {
2026-08-14 13:42:06:       employeeId: '01042',
2026-08-14 13:42:06:       timestamp: '2026-07-07T18:05:49',
2026-08-14 13:42:06:       serialNumber: '27354',
2026-08-14 13:42:06:       cardNumber: '01042'
2026-08-14 13:42:06:     },
2026-08-14 13:42:06:     {
2026-08-14 13:42:06:       employeeId: '01345',
2026-08-14 13:42:06:       timestamp: '2026-07-07T18:05:43',
2026-08-14 13:42:06:       serialNumber: '27351',
2026-08-14 13:42:06:       cardNumber: '01345'
2026-08-14 13:42:06:     },
2026-08-14 13:42:06:     {
2026-08-14 13:42:06:       employeeId: '01345',
2026-08-14 13:42:06:       timestamp: '2026-07-07T18:05:40',
2026-08-14 13:42:06:       serialNumber: '27350',
2026-08-14 13:42:06:       cardNumber: '01345'
2026-08-14 13:42:06:     },
2026-08-14 13:42:06:     {
2026-08-14 13:42:06:       employeeId: '3043',
2026-08-14 13:42:06:       timestamp: '2026-07-07T18:04:46',
2026-08-14 13:42:06:       serialNumber: '27347',
2026-08-14 13:42:06:       cardNumber: '3043'
2026-08-14 13:42:06:     },
2026-08-14 13:42:06:     {
2026-08-14 13:42:06:       employeeId: '3042',
2026-08-14 13:42:06:       timestamp: '2026-07-07T18:04:37',
2026-08-14 13:42:06:       serialNumber: '27344',
2026-08-14 13:42:06:       cardNumber: '3042'
2026-08-14 13:42:06:     },
2026-08-14 13:42:06:     {
2026-08-14 13:42:06:       employeeId: '0121',
2026-08-14 13:42:06:       timestamp: '2026-07-07T18:04:28',
2026-08-14 13:42:06:       serialNumber: '27341',
2026-08-14 13:42:06:       cardNumber: '0121'
2026-08-14 13:42:06:     }
2026-08-14 13:42:06:   ],
2026-08-14 13:42:06:   source: 'app-manual',
2026-08-14 13:42:06:   clockIp: '172.17.102.31',
2026-08-14 13:42:06:   clockName: 'TECNOLOGIAS',
2026-08-14 13:42:06:   syncDate: '2026-08-14T19:42:06.753Z'
2026-08-14 13:42:06: }
2026-08-14 13:42:11: {
2026-08-14 13:42:11:   records: [
2026-08-14 13:42:11:     {
2026-08-14 13:42:11:       employeeId: '01042',
2026-08-14 13:42:11:       timestamp: '2026-07-08T18:05:27',
2026-08-14 13:42:11:       serialNumber: '27419',
2026-08-14 13:42:11:       cardNumber: '01042'
2026-08-14 13:42:11:     },
2026-08-14 13:42:11:     {
2026-08-14 13:42:11:       employeeId: '01042',
2026-08-14 13:42:11:       timestamp: '2026-07-08T18:05:26',
2026-08-14 13:42:11:       serialNumber: '27418',
2026-08-14 13:42:11:       cardNumber: '01042'
2026-08-14 13:42:11:     },
2026-08-14 13:42:11:     {
2026-08-14 13:42:11:       employeeId: '01345',
2026-08-14 13:42:11:       timestamp: '2026-07-08T18:04:41',
2026-08-14 13:42:11:       serialNumber: '27415',
2026-08-14 13:42:11:       cardNumber: '01345'
2026-08-14 13:42:11:     },
2026-08-14 13:42:11:     {
2026-08-14 13:42:11:       employeeId: '01345',
2026-08-14 13:42:11:       timestamp: '2026-07-08T18:04:39',
2026-08-14 13:42:11:       serialNumber: '27414',
2026-08-14 13:42:11:       cardNumber: '01345'
2026-08-14 13:42:11:     },
2026-08-14 13:42:11:     {
2026-08-14 13:42:11:       employeeId: '3042',
2026-08-14 13:42:11:       timestamp: '2026-07-08T18:03:57',
2026-08-14 13:42:11:       serialNumber: '27411',
2026-08-14 13:42:11:       cardNumber: '3042'
2026-08-14 13:42:11:     },
2026-08-14 13:42:11:     {
2026-08-14 13:42:11:       employeeId: '3043',
2026-08-14 13:42:11:       timestamp: '2026-07-08T18:03:48',
2026-08-14 13:42:11:       serialNumber: '27408',
2026-08-14 13:42:11:       cardNumber: '3043'
2026-08-14 13:42:11:     },
2026-08-14 13:42:11:     {
2026-08-14 13:42:11:       employeeId: '0121',
2026-08-14 13:42:11:       timestamp: '2026-07-08T18:03:40',
2026-08-14 13:42:11:       serialNumber: '27405',
2026-08-14 13:42:11:       cardNumber: '0121'
2026-08-14 13:42:11:     },
2026-08-14 13:42:11:     {
2026-08-14 13:42:11:       employeeId: '0121',
2026-08-14 13:42:11:       timestamp: '2026-07-08T18:03:36',
2026-08-14 13:42:11:       serialNumber: '27404',
2026-08-14 13:42:11:       cardNumber: '0121'
2026-08-14 13:42:11:     },
2026-08-14 13:42:11:     {
2026-08-14 13:42:11:       employeeId: '0121',
2026-08-14 13:42:11:       timestamp: '2026-07-08T18:03:33',
2026-08-14 13:42:11:       serialNumber: '27403',
2026-08-14 13:42:11:       cardNumber: '0121'
2026-08-14 13:42:11:     },
2026-08-14 13:42:11:     {
2026-08-14 13:42:11:       employeeId: '3273',
2026-08-14 13:42:11:       timestamp: '2026-07-08T18:03:30',
2026-08-14 13:42:11:       serialNumber: '27402',
2026-08-14 13:42:11:       cardNumber: '3273'
2026-08-14 13:42:11:     },
2026-08-14 13:42:11:     {
2026-08-14 13:42:11:       employeeId: '3273',
2026-08-14 13:42:11:       timestamp: '2026-07-08T18:03:29',
2026-08-14 13:42:11:       serialNumber: '27401',
2026-08-14 13:42:11:       cardNumber: '3273'
2026-08-14 13:42:11:     },
2026-08-14 13:42:11:     {
2026-08-14 13:42:11:       employeeId: '01100',
2026-08-14 13:42:11:       timestamp: '2026-07-08T09:08:05',
2026-08-14 13:42:11:       serialNumber: '27398',
2026-08-14 13:42:11:       cardNumber: ''
2026-08-14 13:42:11:     },
2026-08-14 13:42:11:     {
2026-08-14 13:42:11:       employeeId: '01100',
2026-08-14 13:42:11:       timestamp: '2026-07-08T09:08:02',
2026-08-14 13:42:11:       serialNumber: '27397',
2026-08-14 13:42:11:       cardNumber: ''
2026-08-14 13:42:11:     },
2026-08-14 13:42:11:     {
2026-08-14 13:42:11:       employeeId: '01100',
2026-08-14 13:42:11:       timestamp: '2026-07-08T09:08:01',
2026-08-14 13:42:11:       serialNumber: '27396',
2026-08-14 13:42:11:       cardNumber: ''
2026-08-14 13:42:11:     },
2026-08-14 13:42:11:     {
2026-08-14 13:42:11:       employeeId: '0121',
2026-08-14 13:42:11:       timestamp: '2026-07-08T09:07:24',
2026-08-14 13:42:11:       serialNumber: '27393',
2026-08-14 13:42:11:       cardNumber: '0121'
2026-08-14 13:42:11:     },
2026-08-14 13:42:11:     {
2026-08-14 13:42:11:       employeeId: '0121',
2026-08-14 13:42:11:       timestamp: '2026-07-08T09:07:19',
2026-08-14 13:42:11:       serialNumber: '27392',
2026-08-14 13:42:11:       cardNumber: '0121'
2026-08-14 13:42:11:     },
2026-08-14 13:42:11:     {
2026-08-14 13:42:11:       employeeId: '01042',
2026-08-14 13:42:11:       timestamp: '2026-07-08T09:07:08',
2026-08-14 13:42:11:       serialNumber: '27388',
2026-08-14 13:42:11:       cardNumber: '01042'
2026-08-14 13:42:11:     },
2026-08-14 13:42:11:     {
2026-08-14 13:42:11:       employeeId: '01042',
2026-08-14 13:42:11:       timestamp: '2026-07-08T09:07:06',
2026-08-14 13:42:11:       serialNumber: '27387',
2026-08-14 13:42:11:       cardNumber: '01042'
2026-08-14 13:42:11:     },
2026-08-14 13:42:11:     {
2026-08-14 13:42:11:       employeeId: '01042',
2026-08-14 13:42:11:       timestamp: '2026-07-08T09:07:05',
2026-08-14 13:42:11:       serialNumber: '27386',
2026-08-14 13:42:11:       cardNumber: '01042'
2026-08-14 13:42:11:     },
2026-08-14 13:42:11:     {
2026-08-14 13:42:11:       employeeId: '01042',
2026-08-14 13:42:11:       timestamp: '2026-07-08T09:07:02',
2026-08-14 13:42:11:       serialNumber: '27384',
2026-08-14 13:42:11:       cardNumber: '01042'
2026-08-14 13:42:11:     }
2026-08-14 13:42:11:   ],
2026-08-14 13:42:11:   source: 'app-manual',
2026-08-14 13:42:11:   clockIp: '172.17.102.31',
2026-08-14 13:42:11:   clockName: 'TECNOLOGIAS',
2026-08-14 13:42:11:   syncDate: '2026-08-14T19:42:11.203Z'
2026-08-14 13:42:11: }
2026-08-14 13:42:15: {
2026-08-14 13:42:15:   records: [
2026-08-14 13:42:15:     {
2026-08-14 13:42:15:       employeeId: '01100',
2026-08-14 13:42:15:       timestamp: '2026-07-09T09:07:59',
2026-08-14 13:42:15:       serialNumber: '27455',
2026-08-14 13:42:15:       cardNumber: ''
2026-08-14 13:42:15:     },
2026-08-14 13:42:15:     {
2026-08-14 13:42:15:       employeeId: '01100',
2026-08-14 13:42:15:       timestamp: '2026-07-09T09:07:57',
2026-08-14 13:42:15:       serialNumber: '27454',
2026-08-14 13:42:15:       cardNumber: ''
2026-08-14 13:42:15:     },
2026-08-14 13:42:15:     {
2026-08-14 13:42:15:       employeeId: '01345',
2026-08-14 13:42:15:       timestamp: '2026-07-09T09:05:54',
2026-08-14 13:42:15:       serialNumber: '27451',
2026-08-14 13:42:15:       cardNumber: '01345'
2026-08-14 13:42:15:     },
2026-08-14 13:42:15:     {
2026-08-14 13:42:15:       employeeId: '01345',
2026-08-14 13:42:15:       timestamp: '2026-07-09T09:05:44',
2026-08-14 13:42:15:       serialNumber: '27448',
2026-08-14 13:42:15:       cardNumber: '01345'
2026-08-14 13:42:15:     },
2026-08-14 13:42:15:     {
2026-08-14 13:42:15:       employeeId: '0121',
2026-08-14 13:42:15:       timestamp: '2026-07-09T09:05:40',
2026-08-14 13:42:15:       serialNumber: '27447',
2026-08-14 13:42:15:       cardNumber: '0121'
2026-08-14 13:42:15:     },
2026-08-14 13:42:15:     {
2026-08-14 13:42:15:       employeeId: '0121',
2026-08-14 13:42:15:       timestamp: '2026-07-09T09:05:37',
2026-08-14 13:42:15:       serialNumber: '27446',
2026-08-14 13:42:15:       cardNumber: '0121'
2026-08-14 13:42:15:     },
2026-08-14 13:42:15:     {
2026-08-14 13:42:15:       employeeId: '01042',
2026-08-14 13:42:15:       timestamp: '2026-07-09T09:05:03',
2026-08-14 13:42:15:       serialNumber: '27443',
2026-08-14 13:42:15:       cardNumber: '01042'
2026-08-14 13:42:15:     },
2026-08-14 13:42:15:     {
2026-08-14 13:42:15:       employeeId: '01042',
2026-08-14 13:42:15:       timestamp: '2026-07-09T09:05:01',
2026-08-14 13:42:15:       serialNumber: '27442',
2026-08-14 13:42:15:       cardNumber: '01042'
2026-08-14 13:42:15:     },
2026-08-14 13:42:15:     {
2026-08-14 13:42:15:       employeeId: '01042',
2026-08-14 13:42:15:       timestamp: '2026-07-09T09:04:59',
2026-08-14 13:42:15:       serialNumber: '27441',
2026-08-14 13:42:15:       cardNumber: '01042'
2026-08-14 13:42:15:     },
2026-08-14 13:42:15:     {
2026-08-14 13:42:15:       employeeId: '01042',
2026-08-14 13:42:15:       timestamp: '2026-07-09T09:04:58',
2026-08-14 13:42:15:       serialNumber: '27440',
2026-08-14 13:42:15:       cardNumber: '01042'
2026-08-14 13:42:15:     },
2026-08-14 13:42:15:     {
2026-08-14 13:42:15:       employeeId: '01042',
2026-08-14 13:42:15:       timestamp: '2026-07-09T09:04:57',
2026-08-14 13:42:15:       serialNumber: '27439',
2026-08-14 13:42:15:       cardNumber: '01042'
2026-08-14 13:42:15:     },
2026-08-14 13:42:15:     {
2026-08-14 13:42:15:       employeeId: '3043',
2026-08-14 13:42:15:       timestamp: '2026-07-09T09:01:05',
2026-08-14 13:42:15:       serialNumber: '27436',
2026-08-14 13:42:15:       cardNumber: '3043'
2026-08-14 13:42:15:     },
2026-08-14 13:42:15:     {
2026-08-14 13:42:15:       employeeId: '3042',
2026-08-14 13:42:15:       timestamp: '2026-07-09T08:54:15',
2026-08-14 13:42:15:       serialNumber: '27433',
2026-08-14 13:42:15:       cardNumber: '3042'
2026-08-14 13:42:15:     },
2026-08-14 13:42:15:     {
2026-08-14 13:42:15:       employeeId: '3273',
2026-08-14 13:42:15:       timestamp: '2026-07-09T08:31:20',
2026-08-14 13:42:15:       serialNumber: '27430',
2026-08-14 13:42:15:       cardNumber: '3273'
2026-08-14 13:42:15:     },
2026-08-14 13:42:15:     {
2026-08-14 13:42:15:       employeeId: '3273',
2026-08-14 13:42:15:       timestamp: '2026-07-09T08:31:19',
2026-08-14 13:42:15:       serialNumber: '27429',
2026-08-14 13:42:15:       cardNumber: '3273'
2026-08-14 13:42:15:     },
2026-08-14 13:42:15:     {
2026-08-14 13:42:15:       employeeId: '01100',
2026-08-14 13:42:15:       timestamp: '2026-07-08T18:27:35',
2026-08-14 13:42:15:       serialNumber: '27426',
2026-08-14 13:42:15:       cardNumber: ''
2026-08-14 13:42:15:     },
2026-08-14 13:42:15:     {
2026-08-14 13:42:15:       employeeId: '01100',
2026-08-14 13:42:15:       timestamp: '2026-07-08T18:27:34',
2026-08-14 13:42:15:       serialNumber: '27425',
2026-08-14 13:42:15:       cardNumber: ''
2026-08-14 13:42:15:     },
2026-08-14 13:42:15:     {
2026-08-14 13:42:15:       employeeId: '01042',
2026-08-14 13:42:15:       timestamp: '2026-07-08T18:05:33',
2026-08-14 13:42:15:       serialNumber: '27422',
2026-08-14 13:42:15:       cardNumber: '01042'
2026-08-14 13:42:15:     },
2026-08-14 13:42:15:     {
2026-08-14 13:42:15:       employeeId: '01042',
2026-08-14 13:42:15:       timestamp: '2026-07-08T18:05:32',
2026-08-14 13:42:15:       serialNumber: '27421',
2026-08-14 13:42:15:       cardNumber: '01042'
2026-08-14 13:42:15:     },
2026-08-14 13:42:15:     {
2026-08-14 13:42:15:       employeeId: '01042',
2026-08-14 13:42:15:       timestamp: '2026-07-08T18:05:29',
2026-08-14 13:42:15:       serialNumber: '27420',
2026-08-14 13:42:15:       cardNumber: '01042'
2026-08-14 13:42:15:     }
2026-08-14 13:42:15:   ],
2026-08-14 13:42:15:   source: 'app-manual',
2026-08-14 13:42:15:   clockIp: '172.17.102.31',
2026-08-14 13:42:15:   clockName: 'TECNOLOGIAS',
2026-08-14 13:42:15:   syncDate: '2026-08-14T19:42:15.136Z'
2026-08-14 13:42:15: }
2026-08-14 13:42:19: {
2026-08-14 13:42:19:   records: [
2026-08-14 13:42:19:     {
2026-08-14 13:42:19:       employeeId: '3042',
2026-08-14 13:42:19:       timestamp: '2026-07-10T09:02:22',
2026-08-14 13:42:19:       serialNumber: '27495',
2026-08-14 13:42:19:       cardNumber: '3042'
2026-08-14 13:42:19:     },
2026-08-14 13:42:19:     {
2026-08-14 13:42:19:       employeeId: '3273',
2026-08-14 13:42:19:       timestamp: '2026-07-10T08:32:08',
2026-08-14 13:42:19:       serialNumber: '27492',
2026-08-14 13:42:19:       cardNumber: '3273'
2026-08-14 13:42:19:     },
2026-08-14 13:42:19:     {
2026-08-14 13:42:19:       employeeId: '3273',
2026-08-14 13:42:19:       timestamp: '2026-07-10T08:32:06',
2026-08-14 13:42:19:       serialNumber: '27491',
2026-08-14 13:42:19:       cardNumber: '3273'
2026-08-14 13:42:19:     },
2026-08-14 13:42:19:     {
2026-08-14 13:42:19:       employeeId: '3273',
2026-08-14 13:42:19:       timestamp: '2026-07-10T08:28:57',
2026-08-14 13:42:19:       serialNumber: '27488',
2026-08-14 13:42:19:       cardNumber: '3273'
2026-08-14 13:42:19:     },
2026-08-14 13:42:19:     {
2026-08-14 13:42:19:       employeeId: '01100',
2026-08-14 13:42:19:       timestamp: '2026-07-09T18:20:53',
2026-08-14 13:42:19:       serialNumber: '27484',
2026-08-14 13:42:19:       cardNumber: ''
2026-08-14 13:42:19:     },
2026-08-14 13:42:19:     {
2026-08-14 13:42:19:       employeeId: '01100',
2026-08-14 13:42:19:       timestamp: '2026-07-09T18:20:51',
2026-08-14 13:42:19:       serialNumber: '27483',
2026-08-14 13:42:19:       cardNumber: ''
2026-08-14 13:42:19:     },
2026-08-14 13:42:19:     {
2026-08-14 13:42:19:       employeeId: '01042',
2026-08-14 13:42:19:       timestamp: '2026-07-09T18:07:06',
2026-08-14 13:42:19:       serialNumber: '27480',
2026-08-14 13:42:19:       cardNumber: '01042'
2026-08-14 13:42:19:     },
2026-08-14 13:42:19:     {
2026-08-14 13:42:19:       employeeId: '01042',
2026-08-14 13:42:19:       timestamp: '2026-07-09T18:07:04',
2026-08-14 13:42:19:       serialNumber: '27479',
2026-08-14 13:42:19:       cardNumber: '01042'
2026-08-14 13:42:19:     },
2026-08-14 13:42:19:     {
2026-08-14 13:42:19:       employeeId: '01042',
2026-08-14 13:42:19:       timestamp: '2026-07-09T18:07:03',
2026-08-14 13:42:19:       serialNumber: '27478',
2026-08-14 13:42:19:       cardNumber: '01042'
2026-08-14 13:42:19:     },
2026-08-14 13:42:19:     {
2026-08-14 13:42:19:       employeeId: '01042',
2026-08-14 13:42:19:       timestamp: '2026-07-09T18:06:59',
2026-08-14 13:42:19:       serialNumber: '27477',
2026-08-14 13:42:19:       cardNumber: '01042'
2026-08-14 13:42:19:     },
2026-08-14 13:42:19:     {
2026-08-14 13:42:19:       employeeId: '01345',
2026-08-14 13:42:19:       timestamp: '2026-07-09T18:06:09',
2026-08-14 13:42:19:       serialNumber: '27474',
2026-08-14 13:42:19:       cardNumber: '01345'
2026-08-14 13:42:19:     },
2026-08-14 13:42:19:     {
2026-08-14 13:42:19:       employeeId: '3043',
2026-08-14 13:42:19:       timestamp: '2026-07-09T18:04:32',
2026-08-14 13:42:19:       serialNumber: '27470',
2026-08-14 13:42:19:       cardNumber: '3043'
2026-08-14 13:42:19:     },
2026-08-14 13:42:19:     {
2026-08-14 13:42:19:       employeeId: '3043',
2026-08-14 13:42:19:       timestamp: '2026-07-09T18:04:29',
2026-08-14 13:42:19:       serialNumber: '27469',
2026-08-14 13:42:19:       cardNumber: '3043'
2026-08-14 13:42:19:     },
2026-08-14 13:42:19:     {
2026-08-14 13:42:19:       employeeId: '3273',
2026-08-14 13:42:19:       timestamp: '2026-07-09T18:04:25',
2026-08-14 13:42:19:       serialNumber: '27468',
2026-08-14 13:42:19:       cardNumber: '3273'
2026-08-14 13:42:19:     },
2026-08-14 13:42:19:     {
2026-08-14 13:42:19:       employeeId: '3273',
2026-08-14 13:42:19:       timestamp: '2026-07-09T18:04:24',
2026-08-14 13:42:19:       serialNumber: '27467',
2026-08-14 13:42:19:       cardNumber: '3273'
2026-08-14 13:42:19:     },
2026-08-14 13:42:19:     {
2026-08-14 13:42:19:       employeeId: '3273',
2026-08-14 13:42:19:       timestamp: '2026-07-09T18:04:22',
2026-08-14 13:42:19:       serialNumber: '27466',
2026-08-14 13:42:19:       cardNumber: '3273'
2026-08-14 13:42:19:     },
2026-08-14 13:42:19:     {
2026-08-14 13:42:19:       employeeId: '0121',
2026-08-14 13:42:19:       timestamp: '2026-07-09T18:04:17',
2026-08-14 13:42:19:       serialNumber: '27465',
2026-08-14 13:42:19:       cardNumber: '0121'
2026-08-14 13:42:19:     },
2026-08-14 13:42:19:     {
2026-08-14 13:42:19:       employeeId: '0121',
2026-08-14 13:42:19:       timestamp: '2026-07-09T18:04:14',
2026-08-14 13:42:19:       serialNumber: '27464',
2026-08-14 13:42:19:       cardNumber: '0121'
2026-08-14 13:42:19:     },
2026-08-14 13:42:19:     {
2026-08-14 13:42:19:       employeeId: '3042',
2026-08-14 13:42:19:       timestamp: '2026-07-09T18:04:10',
2026-08-14 13:42:19:       serialNumber: '27463',
2026-08-14 13:42:19:       cardNumber: '3042'
2026-08-14 13:42:19:     },
2026-08-14 13:42:19:     {
2026-08-14 13:42:19:       employeeId: '3042',
2026-08-14 13:42:19:       timestamp: '2026-07-09T18:04:05',
2026-08-14 13:42:19:       serialNumber: '27460',
2026-08-14 13:42:19:       cardNumber: '3042'
2026-08-14 13:42:19:     }
2026-08-14 13:42:19:   ],
2026-08-14 13:42:19:   source: 'app-manual',
2026-08-14 13:42:19:   clockIp: '172.17.102.31',
2026-08-14 13:42:19:   clockName: 'TECNOLOGIAS',
2026-08-14 13:42:19:   syncDate: '2026-08-14T19:42:19.052Z'
2026-08-14 13:42:19: }
2026-08-14 13:42:22: {
2026-08-14 13:42:22:   records: [
2026-08-14 13:42:22:     {
2026-08-14 13:42:22:       employeeId: '01042',
2026-08-14 13:42:22:       timestamp: '2026-07-10T18:03:36',
2026-08-14 13:42:22:       serialNumber: '27532',
2026-08-14 13:42:22:       cardNumber: '01042'
2026-08-14 13:42:22:     },
2026-08-14 13:42:22:     {
2026-08-14 13:42:22:       employeeId: '01042',
2026-08-14 13:42:22:       timestamp: '2026-07-10T18:03:35',
2026-08-14 13:42:22:       serialNumber: '27531',
2026-08-14 13:42:22:       cardNumber: '01042'
2026-08-14 13:42:22:     },
2026-08-14 13:42:22:     {
2026-08-14 13:42:22:       employeeId: '01042',
2026-08-14 13:42:22:       timestamp: '2026-07-10T18:03:34',
2026-08-14 13:42:22:       serialNumber: '27530',
2026-08-14 13:42:22:       cardNumber: '01042'
2026-08-14 13:42:22:     },
2026-08-14 13:42:22:     {
2026-08-14 13:42:22:       employeeId: '01042',
2026-08-14 13:42:22:       timestamp: '2026-07-10T18:03:33',
2026-08-14 13:42:22:       serialNumber: '27529',
2026-08-14 13:42:22:       cardNumber: '01042'
2026-08-14 13:42:22:     },
2026-08-14 13:42:22:     {
2026-08-14 13:42:22:       employeeId: '3043',
2026-08-14 13:42:22:       timestamp: '2026-07-10T18:02:07',
2026-08-14 13:42:22:       serialNumber: '27526',
2026-08-14 13:42:22:       cardNumber: '3043'
2026-08-14 13:42:22:     },
2026-08-14 13:42:22:     {
2026-08-14 13:42:22:       employeeId: '3042',
2026-08-14 13:42:22:       timestamp: '2026-07-10T18:01:48',
2026-08-14 13:42:22:       serialNumber: '27523',
2026-08-14 13:42:22:       cardNumber: '3042'
2026-08-14 13:42:22:     },
2026-08-14 13:42:22:     {
2026-08-14 13:42:22:       employeeId: '3043',
2026-08-14 13:42:22:       timestamp: '2026-07-10T18:01:41',
2026-08-14 13:42:22:       serialNumber: '27520',
2026-08-14 13:42:22:       cardNumber: '3043'
2026-08-14 13:42:22:     },
2026-08-14 13:42:22:     {
2026-08-14 13:42:22:       employeeId: '3273',
2026-08-14 13:42:22:       timestamp: '2026-07-10T18:00:59',
2026-08-14 13:42:22:       serialNumber: '27517',
2026-08-14 13:42:22:       cardNumber: '3273'
2026-08-14 13:42:22:     },
2026-08-14 13:42:22:     {
2026-08-14 13:42:22:       employeeId: '3273',
2026-08-14 13:42:22:       timestamp: '2026-07-10T18:00:57',
2026-08-14 13:42:22:       serialNumber: '27516',
2026-08-14 13:42:22:       cardNumber: '3273'
2026-08-14 13:42:22:     },
2026-08-14 13:42:22:     {
2026-08-14 13:42:22:       employeeId: '0121',
2026-08-14 13:42:22:       timestamp: '2026-07-10T09:11:02',
2026-08-14 13:42:22:       serialNumber: '27513',
2026-08-14 13:42:22:       cardNumber: '0121'
2026-08-14 13:42:22:     },
2026-08-14 13:42:22:     {
2026-08-14 13:42:22:       employeeId: '0121',
2026-08-14 13:42:22:       timestamp: '2026-07-10T09:10:59',
2026-08-14 13:42:22:       serialNumber: '27512',
2026-08-14 13:42:22:       cardNumber: '0121'
2026-08-14 13:42:22:     },
2026-08-14 13:42:22:     {
2026-08-14 13:42:22:       employeeId: '01100',
2026-08-14 13:42:22:       timestamp: '2026-07-10T09:08:10',
2026-08-14 13:42:22:       serialNumber: '27509',
2026-08-14 13:42:22:       cardNumber: ''
2026-08-14 13:42:22:     },
2026-08-14 13:42:22:     {
2026-08-14 13:42:22:       employeeId: '3043',
2026-08-14 13:42:22:       timestamp: '2026-07-10T09:06:57',
2026-08-14 13:42:22:       serialNumber: '27505',
2026-08-14 13:42:22:       cardNumber: '3043'
2026-08-14 13:42:22:     },
2026-08-14 13:42:22:     {
2026-08-14 13:42:22:       employeeId: '3043',
2026-08-14 13:42:22:       timestamp: '2026-07-10T09:06:56',
2026-08-14 13:42:22:       serialNumber: '27504',
2026-08-14 13:42:22:       cardNumber: '3043'
2026-08-14 13:42:22:     },
2026-08-14 13:42:22:     {
2026-08-14 13:42:22:       employeeId: '01345',
2026-08-14 13:42:22:       timestamp: '2026-07-10T09:06:54',
2026-08-14 13:42:22:       serialNumber: '27503',
2026-08-14 13:42:22:       cardNumber: '01345'
2026-08-14 13:42:22:     },
2026-08-14 13:42:22:     {
2026-08-14 13:42:22:       employeeId: '01345',
2026-08-14 13:42:22:       timestamp: '2026-07-10T09:06:53',
2026-08-14 13:42:22:       serialNumber: '27502',
2026-08-14 13:42:22:       cardNumber: '01345'
2026-08-14 13:42:22:     },
2026-08-14 13:42:22:     {
2026-08-14 13:42:22:       employeeId: '01042',
2026-08-14 13:42:22:       timestamp: '2026-07-10T09:06:49',
2026-08-14 13:42:22:       serialNumber: '27501',
2026-08-14 13:42:22:       cardNumber: '01042'
2026-08-14 13:42:22:     },
2026-08-14 13:42:22:     {
2026-08-14 13:42:22:       employeeId: '01042',
2026-08-14 13:42:22:       timestamp: '2026-07-10T09:06:47',
2026-08-14 13:42:22:       serialNumber: '27500',
2026-08-14 13:42:22:       cardNumber: '01042'
2026-08-14 13:42:22:     },
2026-08-14 13:42:22:     {
2026-08-14 13:42:22:       employeeId: '01042',
2026-08-14 13:42:22:       timestamp: '2026-07-10T09:06:46',
2026-08-14 13:42:22:       serialNumber: '27499',
2026-08-14 13:42:22:       cardNumber: '01042'
2026-08-14 13:42:22:     },
2026-08-14 13:42:22:     {
2026-08-14 13:42:22:       employeeId: '01042',
2026-08-14 13:42:22:       timestamp: '2026-07-10T09:06:42',
2026-08-14 13:42:22:       serialNumber: '27498',
2026-08-14 13:42:22:       cardNumber: '01042'
2026-08-14 13:42:22:     }
2026-08-14 13:42:22:   ],
2026-08-14 13:42:22:   source: 'app-manual',
2026-08-14 13:42:22:   clockIp: '172.17.102.31',
2026-08-14 13:42:22:   clockName: 'TECNOLOGIAS',
2026-08-14 13:42:22:   syncDate: '2026-08-14T19:42:22.608Z'
2026-08-14 13:42:22: }
2026-08-14 13:42:26: {
2026-08-14 13:42:26:   records: [
2026-08-14 13:42:26:     {
2026-08-14 13:42:26:       employeeId: '01042',
2026-08-14 13:42:26:       timestamp: '2026-07-13T09:09:14',
2026-08-14 13:42:26:       serialNumber: '27572',
2026-08-14 13:42:26:       cardNumber: '01042'
2026-08-14 13:42:26:     },
2026-08-14 13:42:26:     {
2026-08-14 13:42:26:       employeeId: '01042',
2026-08-14 13:42:26:       timestamp: '2026-07-13T09:09:12',
2026-08-14 13:42:26:       serialNumber: '27571',
2026-08-14 13:42:26:       cardNumber: '01042'
2026-08-14 13:42:26:     },
2026-08-14 13:42:26:     {
2026-08-14 13:42:26:       employeeId: '01042',
2026-08-14 13:42:26:       timestamp: '2026-07-13T09:09:09',
2026-08-14 13:42:26:       serialNumber: '27570',
2026-08-14 13:42:26:       cardNumber: '01042'
2026-08-14 13:42:26:     },
2026-08-14 13:42:26:     {
2026-08-14 13:42:26:       employeeId: '01042',
2026-08-14 13:42:26:       timestamp: '2026-07-13T09:09:08',
2026-08-14 13:42:26:       serialNumber: '27569',
2026-08-14 13:42:26:       cardNumber: '01042'
2026-08-14 13:42:26:     },
2026-08-14 13:42:26:     {
2026-08-14 13:42:26:       employeeId: '01042',
2026-08-14 13:42:26:       timestamp: '2026-07-13T09:09:07',
2026-08-14 13:42:26:       serialNumber: '27568',
2026-08-14 13:42:26:       cardNumber: '01042'
2026-08-14 13:42:26:     },
2026-08-14 13:42:26:     {
2026-08-14 13:42:26:       employeeId: '01100',
2026-08-14 13:42:26:       timestamp: '2026-07-13T09:07:56',
2026-08-14 13:42:26:       serialNumber: '27564',
2026-08-14 13:42:26:       cardNumber: ''
2026-08-14 13:42:26:     },
2026-08-14 13:42:26:     {
2026-08-14 13:42:26:       employeeId: '01100',
2026-08-14 13:42:26:       timestamp: '2026-07-13T09:07:53',
2026-08-14 13:42:26:       serialNumber: '27563',
2026-08-14 13:42:26:       cardNumber: ''
2026-08-14 13:42:26:     },
2026-08-14 13:42:26:     {
2026-08-14 13:42:26:       employeeId: '0121',
2026-08-14 13:42:26:       timestamp: '2026-07-13T09:05:07',
2026-08-14 13:42:26:       serialNumber: '27560',
2026-08-14 13:42:26:       cardNumber: '0121'
2026-08-14 13:42:26:     },
2026-08-14 13:42:26:     {
2026-08-14 13:42:26:       employeeId: '0121',
2026-08-14 13:42:26:       timestamp: '2026-07-13T09:05:04',
2026-08-14 13:42:26:       serialNumber: '27559',
2026-08-14 13:42:26:       cardNumber: '0121'
2026-08-14 13:42:26:     },
2026-08-14 13:42:26:     {
2026-08-14 13:42:26:       employeeId: '3042',
2026-08-14 13:42:26:       timestamp: '2026-07-13T09:00:07',
2026-08-14 13:42:26:       serialNumber: '27555',
2026-08-14 13:42:26:       cardNumber: '3042'
2026-08-14 13:42:26:     },
2026-08-14 13:42:26:     {
2026-08-14 13:42:26:       employeeId: '01345',
2026-08-14 13:42:26:       timestamp: '2026-07-13T08:59:11',
2026-08-14 13:42:26:       serialNumber: '27552',
2026-08-14 13:42:26:       cardNumber: '01345'
2026-08-14 13:42:26:     },
2026-08-14 13:42:26:     {
2026-08-14 13:42:26:       employeeId: '01345',
2026-08-14 13:42:26:       timestamp: '2026-07-13T08:59:06',
2026-08-14 13:42:26:       serialNumber: '27551',
2026-08-14 13:42:26:       cardNumber: '01345'
2026-08-14 13:42:26:     },
2026-08-14 13:42:26:     {
2026-08-14 13:42:26:       employeeId: '3043',
2026-08-14 13:42:26:       timestamp: '2026-07-13T08:52:52',
2026-08-14 13:42:26:       serialNumber: '27548',
2026-08-14 13:42:26:       cardNumber: '3043'
2026-08-14 13:42:26:     },
2026-08-14 13:42:26:     {
2026-08-14 13:42:26:       employeeId: '3043',
2026-08-14 13:42:26:       timestamp: '2026-07-13T08:52:49',
2026-08-14 13:42:26:       serialNumber: '27547',
2026-08-14 13:42:26:       cardNumber: '3043'
2026-08-14 13:42:26:     },
2026-08-14 13:42:26:     {
2026-08-14 13:42:26:       employeeId: '3273',
2026-08-14 13:42:26:       timestamp: '2026-07-13T08:35:50',
2026-08-14 13:42:26:       serialNumber: '27544',
2026-08-14 13:42:26:       cardNumber: '3273'
2026-08-14 13:42:26:     },
2026-08-14 13:42:26:     {
2026-08-14 13:42:26:       employeeId: '3273',
2026-08-14 13:42:26:       timestamp: '2026-07-13T08:35:48',
2026-08-14 13:42:26:       serialNumber: '27543',
2026-08-14 13:42:26:       cardNumber: '3273'
2026-08-14 13:42:26:     },
2026-08-14 13:42:26:     {
2026-08-14 13:42:26:       employeeId: '01100',
2026-08-14 13:42:26:       timestamp: '2026-07-10T18:38:54',
2026-08-14 13:42:26:       serialNumber: '27540',
2026-08-14 13:42:26:       cardNumber: ''
2026-08-14 13:42:26:     },
2026-08-14 13:42:26:     {
2026-08-14 13:42:26:       employeeId: '01100',
2026-08-14 13:42:26:       timestamp: '2026-07-10T18:38:53',
2026-08-14 13:42:26:       serialNumber: '27539',
2026-08-14 13:42:26:       cardNumber: ''
2026-08-14 13:42:26:     },
2026-08-14 13:42:26:     {
2026-08-14 13:42:26:       employeeId: '01345',
2026-08-14 13:42:26:       timestamp: '2026-07-10T18:03:54',
2026-08-14 13:42:26:       serialNumber: '27536',
2026-08-14 13:42:26:       cardNumber: '01345'
2026-08-14 13:42:26:     },
2026-08-14 13:42:26:     {
2026-08-14 13:42:26:       employeeId: '01345',
2026-08-14 13:42:26:       timestamp: '2026-07-10T18:03:53',
2026-08-14 13:42:26:       serialNumber: '27535',
2026-08-14 13:42:26:       cardNumber: '01345'
2026-08-14 13:42:26:     }
2026-08-14 13:42:26:   ],
2026-08-14 13:42:26:   source: 'app-manual',
2026-08-14 13:42:26:   clockIp: '172.17.102.31',
2026-08-14 13:42:26:   clockName: 'TECNOLOGIAS',
2026-08-14 13:42:26:   syncDate: '2026-08-14T19:42:26.461Z'
2026-08-14 13:42:26: }
2026-08-14 13:42:37: {
2026-08-14 13:42:37:   records: [
2026-08-14 13:42:37:     {
2026-08-14 13:42:37:       employeeId: '3043',
2026-08-14 13:42:37:       timestamp: '2026-07-14T09:02:05',
2026-08-14 13:42:37:       serialNumber: '27612',
2026-08-14 13:42:37:       cardNumber: '3043'
2026-08-14 13:42:37:     },
2026-08-14 13:42:37:     {
2026-08-14 13:42:37:       employeeId: '3043',
2026-08-14 13:42:37:       timestamp: '2026-07-14T09:01:53',
2026-08-14 13:42:37:       serialNumber: '27609',
2026-08-14 13:42:37:       cardNumber: '3043'
2026-08-14 13:42:37:     },
2026-08-14 13:42:37:     {
2026-08-14 13:42:37:       employeeId: '3042',
2026-08-14 13:42:37:       timestamp: '2026-07-14T08:56:32',
2026-08-14 13:42:37:       serialNumber: '27606',
2026-08-14 13:42:37:       cardNumber: '3042'
2026-08-14 13:42:37:     },
2026-08-14 13:42:37:     {
2026-08-14 13:42:37:       employeeId: '3273',
2026-08-14 13:42:37:       timestamp: '2026-07-14T08:31:05',
2026-08-14 13:42:37:       serialNumber: '27603',
2026-08-14 13:42:37:       cardNumber: '3273'
2026-08-14 13:42:37:     },
2026-08-14 13:42:37:     {
2026-08-14 13:42:37:       employeeId: '3273',
2026-08-14 13:42:37:       timestamp: '2026-07-14T08:31:03',
2026-08-14 13:42:37:       serialNumber: '27602',
2026-08-14 13:42:37:       cardNumber: '3273'
2026-08-14 13:42:37:     },
2026-08-14 13:42:37:     {
2026-08-14 13:42:37:       employeeId: '01100',
2026-08-14 13:42:37:       timestamp: '2026-07-13T18:31:47',
2026-08-14 13:42:37:       serialNumber: '27599',
2026-08-14 13:42:37:       cardNumber: ''
2026-08-14 13:42:37:     },
2026-08-14 13:42:37:     {
2026-08-14 13:42:37:       employeeId: '01100',
2026-08-14 13:42:37:       timestamp: '2026-07-13T18:31:45',
2026-08-14 13:42:37:       serialNumber: '27598',
2026-08-14 13:42:37:       cardNumber: ''
2026-08-14 13:42:37:     },
2026-08-14 13:42:37:     {
2026-08-14 13:42:37:       employeeId: '01345',
2026-08-14 13:42:37:       timestamp: '2026-07-13T18:04:23',
2026-08-14 13:42:37:       serialNumber: '27595',
2026-08-14 13:42:37:       cardNumber: '01345'
2026-08-14 13:42:37:     },
2026-08-14 13:42:37:     {
2026-08-14 13:42:37:       employeeId: '01345',
2026-08-14 13:42:37:       timestamp: '2026-07-13T18:04:20',
2026-08-14 13:42:37:       serialNumber: '27594',
2026-08-14 13:42:37:       cardNumber: '01345'
2026-08-14 13:42:37:     },
2026-08-14 13:42:37:     {
2026-08-14 13:42:37:       employeeId: '3042',
2026-08-14 13:42:37:       timestamp: '2026-07-13T18:04:15',
2026-08-14 13:42:37:       serialNumber: '27592',
2026-08-14 13:42:37:       cardNumber: '3042'
2026-08-14 13:42:37:     },
2026-08-14 13:42:37:     {
2026-08-14 13:42:37:       employeeId: '3043',
2026-08-14 13:42:37:       timestamp: '2026-07-13T18:04:03',
2026-08-14 13:42:37:       serialNumber: '27589',
2026-08-14 13:42:37:       cardNumber: '3043'
2026-08-14 13:42:37:     },
2026-08-14 13:42:37:     {
2026-08-14 13:42:37:       employeeId: '0121',
2026-08-14 13:42:37:       timestamp: '2026-07-13T18:03:48',
2026-08-14 13:42:37:       serialNumber: '27586',
2026-08-14 13:42:37:       cardNumber: '0121'
2026-08-14 13:42:37:     },
2026-08-14 13:42:37:     {
2026-08-14 13:42:37:       employeeId: '0121',
2026-08-14 13:42:37:       timestamp: '2026-07-13T18:03:45',
2026-08-14 13:42:37:       serialNumber: '27585',
2026-08-14 13:42:37:       cardNumber: '0121'
2026-08-14 13:42:37:     },
2026-08-14 13:42:37:     {
2026-08-14 13:42:37:       employeeId: '01042',
2026-08-14 13:42:37:       timestamp: '2026-07-13T18:03:40',
2026-08-14 13:42:37:       serialNumber: '27584',
2026-08-14 13:42:37:       cardNumber: '01042'
2026-08-14 13:42:37:     },
2026-08-14 13:42:37:     {
2026-08-14 13:42:37:       employeeId: '01042',
2026-08-14 13:42:37:       timestamp: '2026-07-13T18:03:39',
2026-08-14 13:42:37:       serialNumber: '27583',
2026-08-14 13:42:37:       cardNumber: '01042'
2026-08-14 13:42:37:     },
2026-08-14 13:42:37:     {
2026-08-14 13:42:37:       employeeId: '01042',
2026-08-14 13:42:37:       timestamp: '2026-07-13T18:03:37',
2026-08-14 13:42:37:       serialNumber: '27582',
2026-08-14 13:42:37:       cardNumber: '01042'
2026-08-14 13:42:37:     },
2026-08-14 13:42:37:     {
2026-08-14 13:42:37:       employeeId: '01042',
2026-08-14 13:42:37:       timestamp: '2026-07-13T18:03:36',
2026-08-14 13:42:37:       serialNumber: '27581',
2026-08-14 13:42:37:       cardNumber: '01042'
2026-08-14 13:42:37:     },
2026-08-14 13:42:37:     {
2026-08-14 13:42:37:       employeeId: '3273',
2026-08-14 13:42:37:       timestamp: '2026-07-13T18:02:48',
2026-08-14 13:42:37:       serialNumber: '27577',
2026-08-14 13:42:37:       cardNumber: '3273'
2026-08-14 13:42:37:     },
2026-08-14 13:42:37:     {
2026-08-14 13:42:37:       employeeId: '3273',
2026-08-14 13:42:37:       timestamp: '2026-07-13T18:02:46',
2026-08-14 13:42:37:       serialNumber: '27576',
2026-08-14 13:42:37:       cardNumber: '3273'
2026-08-14 13:42:37:     },
2026-08-14 13:42:37:     {
2026-08-14 13:42:37:       employeeId: '3273',
2026-08-14 13:42:37:       timestamp: '2026-07-13T18:02:45',
2026-08-14 13:42:37:       serialNumber: '27575',
2026-08-14 13:42:37:       cardNumber: '3273'
2026-08-14 13:42:37:     }
2026-08-14 13:42:37:   ],
2026-08-14 13:42:37:   source: 'app-manual',
2026-08-14 13:42:37:   clockIp: '172.17.102.31',
2026-08-14 13:42:37:   clockName: 'TECNOLOGIAS',
2026-08-14 13:42:37:   syncDate: '2026-08-14T19:42:36.886Z'
2026-08-14 13:42:37: }
2026-08-14 13:42:43: {
2026-08-14 13:42:43:   records: [
2026-08-14 13:42:43:     {
2026-08-14 13:42:43:       employeeId: '3273',
2026-08-14 13:42:43:       timestamp: '2026-07-15T08:32:01',
2026-08-14 13:42:43:       serialNumber: '27661',
2026-08-14 13:42:43:       cardNumber: '3273'
2026-08-14 13:42:43:     },
2026-08-14 13:42:43:     {
2026-08-14 13:42:43:       employeeId: '3273',
2026-08-14 13:42:43:       timestamp: '2026-07-15T08:25:07',
2026-08-14 13:42:43:       serialNumber: '27658',
2026-08-14 13:42:43:       cardNumber: '3273'
2026-08-14 13:42:43:     },
2026-08-14 13:42:43:     {
2026-08-14 13:42:43:       employeeId: '01100',
2026-08-14 13:42:43:       timestamp: '2026-07-14T18:14:36',
2026-08-14 13:42:43:       serialNumber: '27655',
2026-08-14 13:42:43:       cardNumber: ''
2026-08-14 13:42:43:     },
2026-08-14 13:42:43:     {
2026-08-14 13:42:43:       employeeId: '01100',
2026-08-14 13:42:43:       timestamp: '2026-07-14T18:14:34',
2026-08-14 13:42:43:       serialNumber: '27654',
2026-08-14 13:42:43:       cardNumber: ''
2026-08-14 13:42:43:     },
2026-08-14 13:42:43:     {
2026-08-14 13:42:43:       employeeId: '01042',
2026-08-14 13:42:43:       timestamp: '2026-07-14T18:07:50',
2026-08-14 13:42:43:       serialNumber: '27651',
2026-08-14 13:42:43:       cardNumber: '01042'
2026-08-14 13:42:43:     },
2026-08-14 13:42:43:     {
2026-08-14 13:42:43:       employeeId: '01042',
2026-08-14 13:42:43:       timestamp: '2026-07-14T18:07:49',
2026-08-14 13:42:43:       serialNumber: '27650',
2026-08-14 13:42:43:       cardNumber: '01042'
2026-08-14 13:42:43:     },
2026-08-14 13:42:43:     {
2026-08-14 13:42:43:       employeeId: '01042',
2026-08-14 13:42:43:       timestamp: '2026-07-14T18:07:48',
2026-08-14 13:42:43:       serialNumber: '27649',
2026-08-14 13:42:43:       cardNumber: '01042'
2026-08-14 13:42:43:     },
2026-08-14 13:42:43:     {
2026-08-14 13:42:43:       employeeId: '01042',
2026-08-14 13:42:43:       timestamp: '2026-07-14T18:07:46',
2026-08-14 13:42:43:       serialNumber: '27648',
2026-08-14 13:42:43:       cardNumber: '01042'
2026-08-14 13:42:43:     },
2026-08-14 13:42:43:     {
2026-08-14 13:42:43:       employeeId: '01345',
2026-08-14 13:42:43:       timestamp: '2026-07-14T18:06:02',
2026-08-14 13:42:43:       serialNumber: '27645',
2026-08-14 13:42:43:       cardNumber: '01345'
2026-08-14 13:42:43:     },
2026-08-14 13:42:43:     {
2026-08-14 13:42:43:       employeeId: '3042',
2026-08-14 13:42:43:       timestamp: '2026-07-14T18:04:37',
2026-08-14 13:42:43:       serialNumber: '27642',
2026-08-14 13:42:43:       cardNumber: '3042'
2026-08-14 13:42:43:     },
2026-08-14 13:42:43:     {
2026-08-14 13:42:43:       employeeId: '3043',
2026-08-14 13:42:43:       timestamp: '2026-07-14T18:04:33',
2026-08-14 13:42:43:       serialNumber: '27641',
2026-08-14 13:42:43:       cardNumber: '3043'
2026-08-14 13:42:43:     },
2026-08-14 13:42:43:     {
2026-08-14 13:42:43:       employeeId: '0121',
2026-08-14 13:42:43:       timestamp: '2026-07-14T18:04:10',
2026-08-14 13:42:43:       serialNumber: '27638',
2026-08-14 13:42:43:       cardNumber: '0121'
2026-08-14 13:42:43:     },
2026-08-14 13:42:43:     {
2026-08-14 13:42:43:       employeeId: '0121',
2026-08-14 13:42:43:       timestamp: '2026-07-14T18:04:07',
2026-08-14 13:42:43:       serialNumber: '27637',
2026-08-14 13:42:43:       cardNumber: '0121'
2026-08-14 13:42:43:     },
2026-08-14 13:42:43:     {
2026-08-14 13:42:43:       employeeId: '3042',
2026-08-14 13:42:43:       timestamp: '2026-07-14T18:03:14',
2026-08-14 13:42:43:       serialNumber: '27634',
2026-08-14 13:42:43:       cardNumber: '3042'
2026-08-14 13:42:43:     },
2026-08-14 13:42:43:     {
2026-08-14 13:42:43:       employeeId: '3273',
2026-08-14 13:42:43:       timestamp: '2026-07-14T18:03:10',
2026-08-14 13:42:43:       serialNumber: '27633',
2026-08-14 13:42:43:       cardNumber: '3273'
2026-08-14 13:42:43:     },
2026-08-14 13:42:43:     {
2026-08-14 13:42:43:       employeeId: '3273',
2026-08-14 13:42:43:       timestamp: '2026-07-14T18:03:09',
2026-08-14 13:42:43:       serialNumber: '27632',
2026-08-14 13:42:43:       cardNumber: '3273'
2026-08-14 13:42:43:     },
2026-08-14 13:42:43:     {
2026-08-14 13:42:43:       employeeId: '01345',
2026-08-14 13:42:43:       timestamp: '2026-07-14T09:08:24',
2026-08-14 13:42:43:       serialNumber: '27620',
2026-08-14 13:42:43:       cardNumber: '01345'
2026-08-14 13:42:43:     },
2026-08-14 13:42:43:     {
2026-08-14 13:42:43:       employeeId: '01345',
2026-08-14 13:42:43:       timestamp: '2026-07-14T09:08:23',
2026-08-14 13:42:43:       serialNumber: '27619',
2026-08-14 13:42:43:       cardNumber: '01345'
2026-08-14 13:42:43:     },
2026-08-14 13:42:43:     {
2026-08-14 13:42:43:       employeeId: '0121',
2026-08-14 13:42:43:       timestamp: '2026-07-14T09:05:38',
2026-08-14 13:42:43:       serialNumber: '27616',
2026-08-14 13:42:43:       cardNumber: '0121'
2026-08-14 13:42:43:     },
2026-08-14 13:42:43:     {
2026-08-14 13:42:43:       employeeId: '0121',
2026-08-14 13:42:43:       timestamp: '2026-07-14T09:05:34',
2026-08-14 13:42:43:       serialNumber: '27615',
2026-08-14 13:42:43:       cardNumber: '0121'
2026-08-14 13:42:43:     }
2026-08-14 13:42:43:   ],
2026-08-14 13:42:43:   source: 'app-manual',
2026-08-14 13:42:43:   clockIp: '172.17.102.31',
2026-08-14 13:42:43:   clockName: 'TECNOLOGIAS',
2026-08-14 13:42:43:   syncDate: '2026-08-14T19:42:43.084Z'
2026-08-14 13:42:43: }
2026-08-14 13:48:56: {
2026-08-14 13:48:56:   records: [
2026-08-14 13:48:56:     {
2026-08-14 13:48:56:       employeeId: '3214',
2026-08-14 13:48:56:       timestamp: '2026-08-14T09:21:09',
2026-08-14 13:48:56:       serialNumber: '28629',
2026-08-14 13:48:56:       cardNumber: '3214'
2026-08-14 13:48:56:     },
2026-08-14 13:48:56:     {
2026-08-14 13:48:56:       employeeId: '01345',
2026-08-14 13:48:56:       timestamp: '2026-08-14T09:10:06',
2026-08-14 13:48:56:       serialNumber: '28626',
2026-08-14 13:48:56:       cardNumber: '01345'
2026-08-14 13:48:56:     },
2026-08-14 13:48:56:     {
2026-08-14 13:48:56:       employeeId: '01345',
2026-08-14 13:48:56:       timestamp: '2026-08-14T09:10:04',
2026-08-14 13:48:56:       serialNumber: '28625',
2026-08-14 13:48:56:       cardNumber: '01345'
2026-08-14 13:48:56:     },
2026-08-14 13:48:56:     {
2026-08-14 13:48:56:       employeeId: '01042',
2026-08-14 13:48:56:       timestamp: '2026-08-14T09:07:17',
2026-08-14 13:48:56:       serialNumber: '28622',
2026-08-14 13:48:56:       cardNumber: '01042'
2026-08-14 13:48:56:     },
2026-08-14 13:48:56:     {
2026-08-14 13:48:56:       employeeId: '01042',
2026-08-14 13:48:56:       timestamp: '2026-08-14T09:07:16',
2026-08-14 13:48:56:       serialNumber: '28621',
2026-08-14 13:48:56:       cardNumber: '01042'
2026-08-14 13:48:56:     },
2026-08-14 13:48:56:     {
2026-08-14 13:48:56:       employeeId: '01042',
2026-08-14 13:48:56:       timestamp: '2026-08-14T09:07:15',
2026-08-14 13:48:56:       serialNumber: '28620',
2026-08-14 13:48:56:       cardNumber: '01042'
2026-08-14 13:48:56:     },
2026-08-14 13:48:56:     {
2026-08-14 13:48:56:       employeeId: '01042',
2026-08-14 13:48:56:       timestamp: '2026-08-14T09:07:14',
2026-08-14 13:48:56:       serialNumber: '28619',
2026-08-14 13:48:56:       cardNumber: '01042'
2026-08-14 13:48:56:     },
2026-08-14 13:48:56:     {
2026-08-14 13:48:56:       employeeId: '0121',
2026-08-14 13:48:56:       timestamp: '2026-08-14T09:03:49',
2026-08-14 13:48:56:       serialNumber: '28616',
2026-08-14 13:48:56:       cardNumber: '0121'
2026-08-14 13:48:56:     },
2026-08-14 13:48:56:     {
2026-08-14 13:48:56:       employeeId: '0121',
2026-08-14 13:48:56:       timestamp: '2026-08-14T09:03:46',
2026-08-14 13:48:56:       serialNumber: '28615',
2026-08-14 13:48:56:       cardNumber: '0121'
2026-08-14 13:48:56:     },
2026-08-14 13:48:56:     {
2026-08-14 13:48:56:       employeeId: '01100',
2026-08-14 13:48:56:       timestamp: '2026-08-14T09:00:20',
2026-08-14 13:48:56:       serialNumber: '28612',
2026-08-14 13:48:56:       cardNumber: ''
2026-08-14 13:48:56:     },
2026-08-14 13:48:56:     {
2026-08-14 13:48:56:       employeeId: '01100',
2026-08-14 13:48:56:       timestamp: '2026-08-14T09:00:17',
2026-08-14 13:48:56:       serialNumber: '28611',
2026-08-14 13:48:56:       cardNumber: ''
2026-08-14 13:48:56:     },
2026-08-14 13:48:56:     {
2026-08-14 13:48:56:       employeeId: '3042',
2026-08-14 13:48:56:       timestamp: '2026-08-14T08:58:15',
2026-08-14 13:48:56:       serialNumber: '28608',
2026-08-14 13:48:56:       cardNumber: '3042'
2026-08-14 13:48:56:     },
2026-08-14 13:48:56:     {
2026-08-14 13:48:56:       employeeId: '3043',
2026-08-14 13:48:56:       timestamp: '2026-08-14T08:55:38',
2026-08-14 13:48:56:       serialNumber: '28605',
2026-08-14 13:48:56:       cardNumber: '3043'
2026-08-14 13:48:56:     },
2026-08-14 13:48:56:     {
2026-08-14 13:48:56:       employeeId: '3043',
2026-08-14 13:48:56:       timestamp: '2026-08-14T08:55:35',
2026-08-14 13:48:56:       serialNumber: '28604',
2026-08-14 13:48:56:       cardNumber: '3043'
2026-08-14 13:48:56:     },
2026-08-14 13:48:56:     {
2026-08-14 13:48:56:       employeeId: '3273',
2026-08-14 13:48:56:       timestamp: '2026-08-14T08:47:15',
2026-08-14 13:48:56:       serialNumber: '28601',
2026-08-14 13:48:56:       cardNumber: '3273'
2026-08-14 13:48:56:     },
2026-08-14 13:48:56:     {
2026-08-14 13:48:56:       employeeId: '3273',
2026-08-14 13:48:56:       timestamp: '2026-08-14T08:47:12',
2026-08-14 13:48:56:       serialNumber: '28600',
2026-08-14 13:48:56:       cardNumber: '3273'
2026-08-14 13:48:56:     },
2026-08-14 13:48:56:     {
2026-08-14 13:48:56:       employeeId: '3273',
2026-08-14 13:48:56:       timestamp: '2026-08-14T08:47:10',
2026-08-14 13:48:56:       serialNumber: '28599',
2026-08-14 13:48:56:       cardNumber: '3273'
2026-08-14 13:48:56:     },
2026-08-14 13:48:56:     {
2026-08-14 13:48:56:       employeeId: '01100',
2026-08-14 13:48:56:       timestamp: '2026-08-13T18:18:50',
2026-08-14 13:48:56:       serialNumber: '28595',
2026-08-14 13:48:56:       cardNumber: ''
2026-08-14 13:48:56:     },
2026-08-14 13:48:56:     {
2026-08-14 13:48:56:       employeeId: '01100',
2026-08-14 13:48:56:       timestamp: '2026-08-13T18:18:47',
2026-08-14 13:48:56:       serialNumber: '28594',
2026-08-14 13:48:56:       cardNumber: ''
2026-08-14 13:48:56:     },
2026-08-14 13:48:56:     {
2026-08-14 13:48:56:       employeeId: '3042',
2026-08-14 13:48:56:       timestamp: '2026-08-13T18:03:17',
2026-08-14 13:48:56:       serialNumber: '28589',
2026-08-14 13:48:56:       cardNumber: '3042'
2026-08-14 13:48:56:     },
2026-08-14 13:48:56:     {
2026-08-14 13:48:56:       employeeId: '3042',
2026-08-14 13:48:56:       timestamp: '2026-08-13T18:03:15',
2026-08-14 13:48:56:       serialNumber: '28588',
2026-08-14 13:48:56:       cardNumber: '3042'
2026-08-14 13:48:56:     },
2026-08-14 13:48:56:     {
2026-08-14 13:48:56:       employeeId: '01345',
2026-08-14 13:48:56:       timestamp: '2026-08-13T18:03:10',
2026-08-14 13:48:56:       serialNumber: '28587',
2026-08-14 13:48:56:       cardNumber: '01345'
2026-08-14 13:48:56:     },
2026-08-14 13:48:56:     {
2026-08-14 13:48:56:       employeeId: '01345',
2026-08-14 13:48:56:       timestamp: '2026-08-13T18:03:09',
2026-08-14 13:48:56:       serialNumber: '28586',
2026-08-14 13:48:56:       cardNumber: '01345'
2026-08-14 13:48:56:     },
2026-08-14 13:48:56:     {
2026-08-14 13:48:56:       employeeId: '3043',
2026-08-14 13:48:56:       timestamp: '2026-08-13T18:02:57',
2026-08-14 13:48:56:       serialNumber: '28583',
2026-08-14 13:48:56:       cardNumber: '3043'
2026-08-14 13:48:56:     },
2026-08-14 13:48:56:     {
2026-08-14 13:48:56:       employeeId: '3043',
2026-08-14 13:48:56:       timestamp: '2026-08-13T18:02:53',
2026-08-14 13:48:56:       serialNumber: '28582',
2026-08-14 13:48:56:       cardNumber: '3043'
2026-08-14 13:48:56:     },
2026-08-14 13:48:56:     {
2026-08-14 13:48:56:       employeeId: '01042',
2026-08-14 13:48:56:       timestamp: '2026-08-13T18:02:51',
2026-08-14 13:48:56:       serialNumber: '28581',
2026-08-14 13:48:56:       cardNumber: '01042'
2026-08-14 13:48:56:     },
2026-08-14 13:48:56:     {
2026-08-14 13:48:56:       employeeId: '01042',
2026-08-14 13:48:56:       timestamp: '2026-08-13T18:02:49',
2026-08-14 13:48:56:       serialNumber: '28580',
2026-08-14 13:48:56:       cardNumber: '01042'
2026-08-14 13:48:56:     },
2026-08-14 13:48:56:     {
2026-08-14 13:48:56:       employeeId: '01042',
2026-08-14 13:48:56:       timestamp: '2026-08-13T18:02:48',
2026-08-14 13:48:56:       serialNumber: '28579',
2026-08-14 13:48:56:       cardNumber: '01042'
2026-08-14 13:48:56:     },
2026-08-14 13:48:56:     {
2026-08-14 13:48:56:       employeeId: '0121',
2026-08-14 13:48:56:       timestamp: '2026-08-13T18:02:10',
2026-08-14 13:48:56:       serialNumber: '28576',
2026-08-14 13:48:56:       cardNumber: '0121'
2026-08-14 13:48:56:     },
2026-08-14 13:48:56:     {
2026-08-14 13:48:56:       employeeId: '0121',
2026-08-14 13:48:56:       timestamp: '2026-08-13T18:02:05',
2026-08-14 13:48:56:       serialNumber: '28575',
2026-08-14 13:48:56:       cardNumber: '0121'
2026-08-14 13:48:56:     },
2026-08-14 13:48:56:     {
2026-08-14 13:48:56:       employeeId: '3273',
2026-08-14 13:48:56:       timestamp: '2026-08-13T18:01:58',
2026-08-14 13:48:56:       serialNumber: '28572',
2026-08-14 13:48:56:       cardNumber: '3273'
2026-08-14 13:48:56:     },
2026-08-14 13:48:56:     {
2026-08-14 13:48:56:       employeeId: '3273',
2026-08-14 13:48:56:       timestamp: '2026-08-13T18:01:56',
2026-08-14 13:48:56:       serialNumber: '28571',
2026-08-14 13:48:56:       cardNumber: '3273'
2026-08-14 13:48:56:     },
2026-08-14 13:48:56:     {
2026-08-14 13:48:56:       employeeId: '3214',
2026-08-14 13:48:56:       timestamp: '2026-08-13T09:11:26',
2026-08-14 13:48:56:       serialNumber: '28542',
2026-08-14 13:48:56:       cardNumber: '3214'
2026-08-14 13:48:56:     },
2026-08-14 13:48:56:     {
2026-08-14 13:48:56:       employeeId: '01042',
2026-08-14 13:48:56:       timestamp: '2026-08-13T09:06:56',
2026-08-14 13:48:56:       serialNumber: '28539',
2026-08-14 13:48:56:       cardNumber: '01042'
2026-08-14 13:48:56:     },
2026-08-14 13:48:56:     {
2026-08-14 13:48:56:       employeeId: '01042',
2026-08-14 13:48:56:       timestamp: '2026-08-13T09:06:55',
2026-08-14 13:48:56:       serialNumber: '28538',
2026-08-14 13:48:56:       cardNumber: '01042'
2026-08-14 13:48:56:     },
2026-08-14 13:48:56:     {
2026-08-14 13:48:56:       employeeId: '01042',
2026-08-14 13:48:56:       timestamp: '2026-08-13T09:06:54',
2026-08-14 13:48:56:       serialNumber: '28537',
2026-08-14 13:48:56:       cardNumber: '01042'
2026-08-14 13:48:56:     },
2026-08-14 13:48:56:     {
2026-08-14 13:48:56:       employeeId: '01042',
2026-08-14 13:48:56:       timestamp: '2026-08-13T09:06:53',
2026-08-14 13:48:56:       serialNumber: '28536',
2026-08-14 13:48:56:       cardNumber: '01042'
2026-08-14 13:48:56:     },
2026-08-14 13:48:56:     {
2026-08-14 13:48:56:       employeeId: '01100',
2026-08-14 13:48:56:       timestamp: '2026-08-13T09:06:30',
2026-08-14 13:48:56:       serialNumber: '28533',
2026-08-14 13:48:56:       cardNumber: ''
2026-08-14 13:48:56:     },
2026-08-14 13:48:56:     {
2026-08-14 13:48:56:       employeeId: '01100',
2026-08-14 13:48:56:       timestamp: '2026-08-13T09:06:27',
2026-08-14 13:48:56:       serialNumber: '28532',
2026-08-14 13:48:56:       cardNumber: ''
2026-08-14 13:48:56:     },
2026-08-14 13:48:56:     {
2026-08-14 13:48:56:       employeeId: '01345',
2026-08-14 13:48:56:       timestamp: '2026-08-13T08:59:07',
2026-08-14 13:48:56:       serialNumber: '28529',
2026-08-14 13:48:56:       cardNumber: '01345'
2026-08-14 13:48:56:     },
2026-08-14 13:48:56:     {
2026-08-14 13:48:56:       employeeId: '01345',
2026-08-14 13:48:56:       timestamp: '2026-08-13T08:59:04',
2026-08-14 13:48:56:       serialNumber: '28528',
2026-08-14 13:48:56:       cardNumber: '01345'
2026-08-14 13:48:56:     },
2026-08-14 13:48:56:     {
2026-08-14 13:48:56:       employeeId: '0121',
2026-08-14 13:48:56:       timestamp: '2026-08-13T08:58:57',
2026-08-14 13:48:56:       serialNumber: '28525',
2026-08-14 13:48:56:       cardNumber: '0121'
2026-08-14 13:48:56:     },
2026-08-14 13:48:56:     {
2026-08-14 13:48:56:       employeeId: '0121',
2026-08-14 13:48:56:       timestamp: '2026-08-13T08:58:52',
2026-08-14 13:48:56:       serialNumber: '28524',
2026-08-14 13:48:56:       cardNumber: '0121'
2026-08-14 13:48:56:     },
2026-08-14 13:48:56:     {
2026-08-14 13:48:56:       employeeId: '3043',
2026-08-14 13:48:56:       timestamp: '2026-08-13T08:49:38',
2026-08-14 13:48:56:       serialNumber: '28521',
2026-08-14 13:48:56:       cardNumber: '3043'
2026-08-14 13:48:56:     },
2026-08-14 13:48:56:     {
2026-08-14 13:48:56:       employeeId: '3043',
2026-08-14 13:48:56:       timestamp: '2026-08-13T08:49:33',
2026-08-14 13:48:56:       serialNumber: '28520',
2026-08-14 13:48:56:       cardNumber: '3043'
2026-08-14 13:48:56:     },
2026-08-14 13:48:56:     {
2026-08-14 13:48:56:       employeeId: '3043',
2026-08-14 13:48:56:       timestamp: '2026-08-13T08:49:32',
2026-08-14 13:48:56:       serialNumber: '28519',
2026-08-14 13:48:56:       cardNumber: '3043'
2026-08-14 13:48:56:     },
2026-08-14 13:48:56:     {
2026-08-14 13:48:56:       employeeId: '3042',
2026-08-14 13:48:56:       timestamp: '2026-08-13T08:34:28',
2026-08-14 13:48:56:       serialNumber: '28516',
2026-08-14 13:48:56:       cardNumber: '3042'
2026-08-14 13:48:56:     },
2026-08-14 13:48:56:     {
2026-08-14 13:48:56:       employeeId: '3273',
2026-08-14 13:48:56:       timestamp: '2026-08-13T08:33:09',
2026-08-14 13:48:56:       serialNumber: '28513',
2026-08-14 13:48:56:       cardNumber: '3273'
2026-08-14 13:48:56:     },
2026-08-14 13:48:56:     {
2026-08-14 13:48:56:       employeeId: '3273',
2026-08-14 13:48:56:       timestamp: '2026-08-13T08:32:58',
2026-08-14 13:48:56:       serialNumber: '28509',
2026-08-14 13:48:56:       cardNumber: '3273'
2026-08-14 13:48:56:     },
2026-08-14 13:48:56:     {
2026-08-14 13:48:56:       employeeId: '3273',
2026-08-14 13:48:56:       timestamp: '2026-08-13T08:32:56',
2026-08-14 13:48:56:       serialNumber: '28508',
2026-08-14 13:48:56:       cardNumber: '3273'
2026-08-14 13:48:56:     },
2026-08-14 13:48:56:     {
2026-08-14 13:48:56:       employeeId: '01100',
2026-08-14 13:48:56:       timestamp: '2026-08-12T18:10:52',
2026-08-14 13:48:56:       serialNumber: '28504',
2026-08-14 13:48:56:       cardNumber: ''
2026-08-14 13:48:56:     },
2026-08-14 13:48:56:     {
2026-08-14 13:48:56:       employeeId: '01100',
2026-08-14 13:48:56:       timestamp: '2026-08-12T18:10:51',
2026-08-14 13:48:56:       serialNumber: '28503',
2026-08-14 13:48:56:       cardNumber: ''
2026-08-14 13:48:56:     },
2026-08-14 13:48:56:     {
2026-08-14 13:48:56:       employeeId: '3042',
2026-08-14 13:48:56:       timestamp: '2026-08-12T18:04:10',
2026-08-14 13:48:56:       serialNumber: '28500',
2026-08-14 13:48:56:       cardNumber: '3042'
2026-08-14 13:48:56:     },
2026-08-14 13:48:56:     {
2026-08-14 13:48:56:       employeeId: '3042',
2026-08-14 13:48:56:       timestamp: '2026-08-12T18:04:05',
2026-08-14 13:48:56:       serialNumber: '28499',
2026-08-14 13:48:56:       cardNumber: '3042'
2026-08-14 13:48:56:     },
2026-08-14 13:48:56:     {
2026-08-14 13:48:56:       employeeId: '01345',
2026-08-14 13:48:56:       timestamp: '2026-08-12T18:03:59',
2026-08-14 13:48:56:       serialNumber: '28496',
2026-08-14 13:48:56:       cardNumber: '01345'
2026-08-14 13:48:56:     },
2026-08-14 13:48:56:     {
2026-08-14 13:48:56:       employeeId: '01345',
2026-08-14 13:48:56:       timestamp: '2026-08-12T18:03:56',
2026-08-14 13:48:56:       serialNumber: '28495',
2026-08-14 13:48:56:       cardNumber: '01345'
2026-08-14 13:48:56:     },
2026-08-14 13:48:56:     {
2026-08-14 13:48:56:       employeeId: '0121',
2026-08-14 13:48:56:       timestamp: '2026-08-12T18:03:52',
2026-08-14 13:48:56:       serialNumber: '28494',
2026-08-14 13:48:56:       cardNumber: '0121'
2026-08-14 13:48:56:     },
2026-08-14 13:48:56:     {
2026-08-14 13:48:56:       employeeId: '0121',
2026-08-14 13:48:56:       timestamp: '2026-08-12T18:03:48',
2026-08-14 13:48:56:       serialNumber: '28493',
2026-08-14 13:48:56:       cardNumber: '0121'
2026-08-14 13:48:56:     },
2026-08-14 13:48:56:     {
2026-08-14 13:48:56:       employeeId: '01042',
2026-08-14 13:48:56:       timestamp: '2026-08-12T18:02:51',
2026-08-14 13:48:56:       serialNumber: '28490',
2026-08-14 13:48:56:       cardNumber: '01042'
2026-08-14 13:48:56:     },
2026-08-14 13:48:56:     {
2026-08-14 13:48:56:       employeeId: '01042',
2026-08-14 13:48:56:       timestamp: '2026-08-12T18:02:50',
2026-08-14 13:48:56:       serialNumber: '28489',
2026-08-14 13:48:56:       cardNumber: '01042'
2026-08-14 13:48:56:     },
2026-08-14 13:48:56:     {
2026-08-14 13:48:56:       employeeId: '01042',
2026-08-14 13:48:56:       timestamp: '2026-08-12T18:02:49',
2026-08-14 13:48:56:       serialNumber: '28488',
2026-08-14 13:48:56:       cardNumber: '01042'
2026-08-14 13:48:56:     },
2026-08-14 13:48:56:     {
2026-08-14 13:48:56:       employeeId: '3043',
2026-08-14 13:48:56:       timestamp: '2026-08-12T18:02:41',
2026-08-14 13:48:56:       serialNumber: '28485',
2026-08-14 13:48:56:       cardNumber: '3043'
2026-08-14 13:48:56:     },
2026-08-14 13:48:56:     {
2026-08-14 13:48:56:       employeeId: '3043',
2026-08-14 13:48:56:       timestamp: '2026-08-12T18:02:40',
2026-08-14 13:48:56:       serialNumber: '28484',
2026-08-14 13:48:56:       cardNumber: '3043'
2026-08-14 13:48:56:     },
2026-08-14 13:48:56:     {
2026-08-14 13:48:56:       employeeId: '3273',
2026-08-14 13:48:56:       timestamp: '2026-08-12T18:02:35',
2026-08-14 13:48:56:       serialNumber: '28482',
2026-08-14 13:48:56:       cardNumber: '3273'
2026-08-14 13:48:56:     },
2026-08-14 13:48:56:     {
2026-08-14 13:48:56:       employeeId: '3214',
2026-08-14 13:48:56:       timestamp: '2026-08-12T09:20:09',
2026-08-14 13:48:56:       serialNumber: '28467',
2026-08-14 13:48:56:       cardNumber: '3214'
2026-08-14 13:48:56:     },
2026-08-14 13:48:56:     {
2026-08-14 13:48:56:       employeeId: '01100',
2026-08-14 13:48:56:       timestamp: '2026-08-12T09:11:57',
2026-08-14 13:48:56:       serialNumber: '28464',
2026-08-14 13:48:56:       cardNumber: ''
2026-08-14 13:48:56:     },
2026-08-14 13:48:56:     {
2026-08-14 13:48:56:       employeeId: '01345',
2026-08-14 13:48:56:       timestamp: '2026-08-12T09:07:16',
2026-08-14 13:48:56:       serialNumber: '28461',
2026-08-14 13:48:56:       cardNumber: '01345'
2026-08-14 13:48:56:     },
2026-08-14 13:48:56:     {
2026-08-14 13:48:56:       employeeId: '01345',
2026-08-14 13:48:56:       timestamp: '2026-08-12T09:07:13',
2026-08-14 13:48:56:       serialNumber: '28460',
2026-08-14 13:48:56:       cardNumber: '01345'
2026-08-14 13:48:56:     },
2026-08-14 13:48:56:     {
2026-08-14 13:48:56:       employeeId: '0121',
2026-08-14 13:48:56:       timestamp: '2026-08-12T09:00:07',
2026-08-14 13:48:56:       serialNumber: '28457',
2026-08-14 13:48:56:       cardNumber: '0121'
2026-08-14 13:48:56:     },
2026-08-14 13:48:56:     {
2026-08-14 13:48:56:       employeeId: '0121',
2026-08-14 13:48:56:       timestamp: '2026-08-12T09:00:02',
2026-08-14 13:48:56:       serialNumber: '28456',
2026-08-14 13:48:56:       cardNumber: '0121'
2026-08-14 13:48:56:     },
2026-08-14 13:48:56:     {
2026-08-14 13:48:56:       employeeId: '3042',
2026-08-14 13:48:56:       timestamp: '2026-08-12T08:43:28',
2026-08-14 13:48:56:       serialNumber: '28453',
2026-08-14 13:48:56:       cardNumber: '3042'
2026-08-14 13:48:56:     },
2026-08-14 13:48:56:     {
2026-08-14 13:48:56:       employeeId: '3043',
2026-08-14 13:48:56:       timestamp: '2026-08-12T08:39:19',
2026-08-14 13:48:56:       serialNumber: '28450',
2026-08-14 13:48:56:       cardNumber: '3043'
2026-08-14 13:48:56:     },
2026-08-14 13:48:56:     {
2026-08-14 13:48:56:       employeeId: '3043',
2026-08-14 13:48:56:       timestamp: '2026-08-12T08:39:17',
2026-08-14 13:48:56:       serialNumber: '28449',
2026-08-14 13:48:56:       cardNumber: '3043'
2026-08-14 13:48:56:     },
2026-08-14 13:48:56:     {
2026-08-14 13:48:56:       employeeId: '3043',
2026-08-14 13:48:56:       timestamp: '2026-08-12T08:39:13',
2026-08-14 13:48:56:       serialNumber: '28448',
2026-08-14 13:48:56:       cardNumber: '3043'
2026-08-14 13:48:56:     },
2026-08-14 13:48:56:     {
2026-08-14 13:48:56:       employeeId: '3273',
2026-08-14 13:48:56:       timestamp: '2026-08-12T08:38:55',
2026-08-14 13:48:56:       serialNumber: '28445',
2026-08-14 13:48:56:       cardNumber: '3273'
2026-08-14 13:48:56:     },
2026-08-14 13:48:56:     {
2026-08-14 13:48:56:       employeeId: '3273',
2026-08-14 13:48:56:       timestamp: '2026-08-12T08:38:54',
2026-08-14 13:48:56:       serialNumber: '28444',
2026-08-14 13:48:56:       cardNumber: '3273'
2026-08-14 13:48:56:     },
2026-08-14 13:48:56:     {
2026-08-14 13:48:56:       employeeId: '3214',
2026-08-14 13:48:56:       timestamp: '2026-08-11T18:09:55',
2026-08-14 13:48:56:       serialNumber: '28441',
2026-08-14 13:48:56:       cardNumber: '3214'
2026-08-14 13:48:56:     },
2026-08-14 13:48:56:     {
2026-08-14 13:48:56:       employeeId: '01100',
2026-08-14 13:48:56:       timestamp: '2026-08-11T18:09:21',
2026-08-14 13:48:56:       serialNumber: '28438',
2026-08-14 13:48:56:       cardNumber: ''
2026-08-14 13:48:56:     },
2026-08-14 13:48:56:     {
2026-08-14 13:48:56:       employeeId: '01100',
2026-08-14 13:48:56:       timestamp: '2026-08-11T18:09:17',
2026-08-14 13:48:56:       serialNumber: '28437',
2026-08-14 13:48:56:       cardNumber: ''
2026-08-14 13:48:56:     },
2026-08-14 13:48:56:     {
2026-08-14 13:48:56:       employeeId: '01345',
2026-08-14 13:48:56:       timestamp: '2026-08-11T18:05:14',
2026-08-14 13:48:56:       serialNumber: '28434',
2026-08-14 13:48:56:       cardNumber: '01345'
2026-08-14 13:48:56:     },
2026-08-14 13:48:56:     {
2026-08-14 13:48:56:       employeeId: '3043',
2026-08-14 13:48:56:       timestamp: '2026-08-11T18:04:41',
2026-08-14 13:48:56:       serialNumber: '28431',
2026-08-14 13:48:56:       cardNumber: '3043'
2026-08-14 13:48:56:     },
2026-08-14 13:48:56:     {
2026-08-14 13:48:56:       employeeId: '3043',
2026-08-14 13:48:56:       timestamp: '2026-08-11T18:04:37',
2026-08-14 13:48:56:       serialNumber: '28430',
2026-08-14 13:48:56:       cardNumber: '3043'
2026-08-14 13:48:56:     },
2026-08-14 13:48:56:     {
2026-08-14 13:48:56:       employeeId: '01345',
2026-08-14 13:48:56:       timestamp: '2026-08-11T18:04:35',
2026-08-14 13:48:56:       serialNumber: '28429',
2026-08-14 13:48:56:       cardNumber: '01345'
2026-08-14 13:48:56:     },
2026-08-14 13:48:56:     {
2026-08-14 13:48:56:       employeeId: '3042',
2026-08-14 13:48:56:       timestamp: '2026-08-11T18:04:30',
2026-08-14 13:48:56:       serialNumber: '28428',
2026-08-14 13:48:56:       cardNumber: '3042'
2026-08-14 13:48:56:     },
2026-08-14 13:48:56:     {
2026-08-14 13:48:56:       employeeId: '0121',
2026-08-14 13:48:56:       timestamp: '2026-08-11T18:02:59',
2026-08-14 13:48:56:       serialNumber: '28425',
2026-08-14 13:48:56:       cardNumber: '0121'
2026-08-14 13:48:56:     },
2026-08-14 13:48:56:     {
2026-08-14 13:48:56:       employeeId: '0121',
2026-08-14 13:48:56:       timestamp: '2026-08-11T18:02:54',
2026-08-14 13:48:56:       serialNumber: '28422',
2026-08-14 13:48:56:       cardNumber: '0121'
2026-08-14 13:48:56:     },
2026-08-14 13:48:56:     {
2026-08-14 13:48:56:       employeeId: '0121',
2026-08-14 13:48:56:       timestamp: '2026-08-11T18:02:49',
2026-08-14 13:48:56:       serialNumber: '28421',
2026-08-14 13:48:56:       cardNumber: '0121'
2026-08-14 13:48:56:     },
2026-08-14 13:48:56:     {
2026-08-14 13:48:56:       employeeId: '3273',
2026-08-14 13:48:56:       timestamp: '2026-08-11T18:02:04',
2026-08-14 13:48:56:       serialNumber: '28418',
2026-08-14 13:48:56:       cardNumber: '3273'
2026-08-14 13:48:56:     },
2026-08-14 13:48:56:     {
2026-08-14 13:48:56:       employeeId: '3273',
2026-08-14 13:48:56:       timestamp: '2026-08-11T18:02:02',
2026-08-14 13:48:56:       serialNumber: '28417',
2026-08-14 13:48:56:       cardNumber: '3273'
2026-08-14 13:48:56:     },
2026-08-14 13:48:56:     {
2026-08-14 13:48:56:       employeeId: '01042',
2026-08-14 13:48:56:       timestamp: '2026-08-11T18:01:59',
2026-08-14 13:48:56:       serialNumber: '28416',
2026-08-14 13:48:56:       cardNumber: '01042'
2026-08-14 13:48:56:     },
2026-08-14 13:48:56:     {
2026-08-14 13:48:56:       employeeId: '01042',
2026-08-14 13:48:56:       timestamp: '2026-08-11T18:01:57',
2026-08-14 13:48:56:       serialNumber: '28415',
2026-08-14 13:48:56:       cardNumber: '01042'
2026-08-14 13:48:56:     },
2026-08-14 13:48:56:     {
2026-08-14 13:48:56:       employeeId: '01042',
2026-08-14 13:48:56:       timestamp: '2026-08-11T18:01:54',
2026-08-14 13:48:56:       serialNumber: '28414',
2026-08-14 13:48:56:       cardNumber: '01042'
2026-08-14 13:48:56:     },
2026-08-14 13:48:56:     {
2026-08-14 13:48:56:       employeeId: '01042',
2026-08-14 13:48:56:       timestamp: '2026-08-11T18:01:53',
2026-08-14 13:48:56:       serialNumber: '28413',
2026-08-14 13:48:56:       cardNumber: '01042'
2026-08-14 13:48:56:     },
2026-08-14 13:48:56:     {
2026-08-14 13:48:56:       employeeId: '01042',
2026-08-14 13:48:56:       timestamp: '2026-08-11T18:01:52',
2026-08-14 13:48:56:       serialNumber: '28412',
2026-08-14 13:48:56:       cardNumber: '01042'
2026-08-14 13:48:56:     },
2026-08-14 13:48:56:     {
2026-08-14 13:48:56:       employeeId: '01042',
2026-08-14 13:48:56:       timestamp: '2026-08-11T18:01:50',
2026-08-14 13:48:56:       serialNumber: '28411',
2026-08-14 13:48:56:       cardNumber: '01042'
2026-08-14 13:48:56:     },
2026-08-14 13:48:56:     {
2026-08-14 13:48:56:       employeeId: '01100',
2026-08-14 13:48:56:       timestamp: '2026-08-11T09:10:36',
2026-08-14 13:48:56:       serialNumber: '28381',
2026-08-14 13:48:56:       cardNumber: ''
2026-08-14 13:48:56:     },
2026-08-14 13:48:56:     {
2026-08-14 13:48:56:       employeeId: '01345',
2026-08-14 13:48:56:       timestamp: '2026-08-11T09:05:17',
2026-08-14 13:48:56:       serialNumber: '28378',
2026-08-14 13:48:56:       cardNumber: '01345'
2026-08-14 13:48:56:     },
2026-08-14 13:48:56:     {
2026-08-14 13:48:56:       employeeId: '0121',
2026-08-14 13:48:56:       timestamp: '2026-08-11T09:02:30',
2026-08-14 13:48:56:       serialNumber: '28375',
2026-08-14 13:48:56:       cardNumber: '0121'
2026-08-14 13:48:56:     },
2026-08-14 13:48:56:     {
2026-08-14 13:48:56:       employeeId: '0121',
2026-08-14 13:48:56:       timestamp: '2026-08-11T09:02:27',
2026-08-14 13:48:56:       serialNumber: '28374',
2026-08-14 13:48:56:       cardNumber: '0121'
2026-08-14 13:48:56:     },
2026-08-14 13:48:56:     {
2026-08-14 13:48:56:       employeeId: '3042',
2026-08-14 13:48:56:       timestamp: '2026-08-11T08:56:55',
2026-08-14 13:48:56:       serialNumber: '28371',
2026-08-14 13:48:56:       cardNumber: '3042'
2026-08-14 13:48:56:     }
2026-08-14 13:48:56:   ],
2026-08-14 13:48:56:   source: 'app-manual',
2026-08-14 13:48:56:   clockIp: '172.17.102.31',
2026-08-14 13:48:56:   clockName: 'TECNOLOGIAS',
2026-08-14 13:48:56:   syncDate: '2026-08-14T19:48:55.913Z'
2026-08-14 13:48:56: }
2026-08-14 13:49:05: {
2026-08-14 13:49:05:   records: [
2026-08-14 13:49:05:     {
2026-08-14 13:49:05:       employeeId: '3043',
2026-08-14 13:49:05:       timestamp: '2026-08-11T08:43:02',
2026-08-14 13:49:05:       serialNumber: '28368',
2026-08-14 13:49:05:       cardNumber: '3043'
2026-08-14 13:49:05:     },
2026-08-14 13:49:05:     {
2026-08-14 13:49:05:       employeeId: '3043',
2026-08-14 13:49:05:       timestamp: '2026-08-11T08:42:57',
2026-08-14 13:49:05:       serialNumber: '28367',
2026-08-14 13:49:05:       cardNumber: '3043'
2026-08-14 13:49:05:     },
2026-08-14 13:49:05:     {
2026-08-14 13:49:05:       employeeId: '3043',
2026-08-14 13:49:05:       timestamp: '2026-08-11T08:42:55',
2026-08-14 13:49:05:       serialNumber: '28366',
2026-08-14 13:49:05:       cardNumber: '3043'
2026-08-14 13:49:05:     },
2026-08-14 13:49:05:     {
2026-08-14 13:49:05:       employeeId: '3273',
2026-08-14 13:49:05:       timestamp: '2026-08-11T08:37:01',
2026-08-14 13:49:05:       serialNumber: '28363',
2026-08-14 13:49:05:       cardNumber: '3273'
2026-08-14 13:49:05:     },
2026-08-14 13:49:05:     {
2026-08-14 13:49:05:       employeeId: '3273',
2026-08-14 13:49:05:       timestamp: '2026-08-11T08:36:59',
2026-08-14 13:49:05:       serialNumber: '28362',
2026-08-14 13:49:05:       cardNumber: '3273'
2026-08-14 13:49:05:     },
2026-08-14 13:49:05:     {
2026-08-14 13:49:05:       employeeId: '3214',
2026-08-14 13:49:05:       timestamp: '2026-08-10T18:41:04',
2026-08-14 13:49:05:       serialNumber: '28358',
2026-08-14 13:49:05:       cardNumber: '3214'
2026-08-14 13:49:05:     },
2026-08-14 13:49:05:     {
2026-08-14 13:49:05:       employeeId: '01042',
2026-08-14 13:49:05:       timestamp: '2026-08-10T18:05:59',
2026-08-14 13:49:05:       serialNumber: '28355',
2026-08-14 13:49:05:       cardNumber: '01042'
2026-08-14 13:49:05:     },
2026-08-14 13:49:05:     {
2026-08-14 13:49:05:       employeeId: '01042',
2026-08-14 13:49:05:       timestamp: '2026-08-10T18:05:58',
2026-08-14 13:49:05:       serialNumber: '28354',
2026-08-14 13:49:05:       cardNumber: '01042'
2026-08-14 13:49:05:     },
2026-08-14 13:49:05:     {
2026-08-14 13:49:05:       employeeId: '01042',
2026-08-14 13:49:05:       timestamp: '2026-08-10T18:05:57',
2026-08-14 13:49:05:       serialNumber: '28353',
2026-08-14 13:49:05:       cardNumber: '01042'
2026-08-14 13:49:05:     },
2026-08-14 13:49:05:     {
2026-08-14 13:49:05:       employeeId: '3043',
2026-08-14 13:49:05:       timestamp: '2026-08-10T18:05:19',
2026-08-14 13:49:05:       serialNumber: '28350',
2026-08-14 13:49:05:       cardNumber: '3043'
2026-08-14 13:49:05:     },
2026-08-14 13:49:05:     {
2026-08-14 13:49:05:       employeeId: '3043',
2026-08-14 13:49:05:       timestamp: '2026-08-10T18:05:17',
2026-08-14 13:49:05:       serialNumber: '28349',
2026-08-14 13:49:05:       cardNumber: '3043'
2026-08-14 13:49:05:     },
2026-08-14 13:49:05:     {
2026-08-14 13:49:05:       employeeId: '3043',
2026-08-14 13:49:05:       timestamp: '2026-08-10T18:05:15',
2026-08-14 13:49:05:       serialNumber: '28348',
2026-08-14 13:49:05:       cardNumber: '3043'
2026-08-14 13:49:05:     },
2026-08-14 13:49:05:     {
2026-08-14 13:49:05:       employeeId: '3042',
2026-08-14 13:49:05:       timestamp: '2026-08-10T18:05:11',
2026-08-14 13:49:05:       serialNumber: '28347',
2026-08-14 13:49:05:       cardNumber: '3042'
2026-08-14 13:49:05:     },
2026-08-14 13:49:05:     {
2026-08-14 13:49:05:       employeeId: '01345',
2026-08-14 13:49:05:       timestamp: '2026-08-10T18:05:09',
2026-08-14 13:49:05:       serialNumber: '28346',
2026-08-14 13:49:05:       cardNumber: '01345'
2026-08-14 13:49:05:     },
2026-08-14 13:49:05:     {
2026-08-14 13:49:05:       employeeId: '01345',
2026-08-14 13:49:05:       timestamp: '2026-08-10T18:05:07',
2026-08-14 13:49:05:       serialNumber: '28345',
2026-08-14 13:49:05:       cardNumber: '01345'
2026-08-14 13:49:05:     },
2026-08-14 13:49:05:     {
2026-08-14 13:49:05:       employeeId: '0121',
2026-08-14 13:49:05:       timestamp: '2026-08-10T18:05:03',
2026-08-14 13:49:05:       serialNumber: '28344',
2026-08-14 13:49:05:       cardNumber: '0121'
2026-08-14 13:49:05:     },
2026-08-14 13:49:05:     {
2026-08-14 13:49:05:       employeeId: '0121',
2026-08-14 13:49:05:       timestamp: '2026-08-10T18:05:01',
2026-08-14 13:49:05:       serialNumber: '28343',
2026-08-14 13:49:05:       cardNumber: '0121'
2026-08-14 13:49:05:     },
2026-08-14 13:49:05:     {
2026-08-14 13:49:05:       employeeId: '3273',
2026-08-14 13:49:05:       timestamp: '2026-08-10T18:04:57',
2026-08-14 13:49:05:       serialNumber: '28342',
2026-08-14 13:49:05:       cardNumber: '3273'
2026-08-14 13:49:05:     },
2026-08-14 13:49:05:     {
2026-08-14 13:49:05:       employeeId: '3273',
2026-08-14 13:49:05:       timestamp: '2026-08-10T18:04:55',
2026-08-14 13:49:05:       serialNumber: '28341',
2026-08-14 13:49:05:       cardNumber: '3273'
2026-08-14 13:49:05:     },
2026-08-14 13:49:05:     {
2026-08-14 13:49:05:       employeeId: '01100',
2026-08-14 13:49:05:       timestamp: '2026-08-10T18:04:53',
2026-08-14 13:49:05:       serialNumber: '28340',
2026-08-14 13:49:05:       cardNumber: ''
2026-08-14 13:49:05:     },
2026-08-14 13:49:05:     {
2026-08-14 13:49:05:       employeeId: '01100',
2026-08-14 13:49:05:       timestamp: '2026-08-10T18:04:49',
2026-08-14 13:49:05:       serialNumber: '28339',
2026-08-14 13:49:05:       cardNumber: ''
2026-08-14 13:49:05:     },
2026-08-14 13:49:05:     {
2026-08-14 13:49:05:       employeeId: '3214',
2026-08-14 13:49:05:       timestamp: '2026-08-10T09:16:05',
2026-08-14 13:49:05:       serialNumber: '28327',
2026-08-14 13:49:05:       cardNumber: '3214'
2026-08-14 13:49:05:     },
2026-08-14 13:49:05:     {
2026-08-14 13:49:05:       employeeId: '01042',
2026-08-14 13:49:05:       timestamp: '2026-08-10T09:09:04',
2026-08-14 13:49:05:       serialNumber: '28324',
2026-08-14 13:49:05:       cardNumber: '01042'
2026-08-14 13:49:05:     },
2026-08-14 13:49:05:     {
2026-08-14 13:49:05:       employeeId: '01042',
2026-08-14 13:49:05:       timestamp: '2026-08-10T09:09:03',
2026-08-14 13:49:05:       serialNumber: '28323',
2026-08-14 13:49:05:       cardNumber: '01042'
2026-08-14 13:49:05:     },
2026-08-14 13:49:05:     {
2026-08-14 13:49:05:       employeeId: '01042',
2026-08-14 13:49:05:       timestamp: '2026-08-10T09:09:01',
2026-08-14 13:49:05:       serialNumber: '28322',
2026-08-14 13:49:05:       cardNumber: '01042'
2026-08-14 13:49:05:     },
2026-08-14 13:49:05:     {
2026-08-14 13:49:05:       employeeId: '01042',
2026-08-14 13:49:05:       timestamp: '2026-08-10T09:08:59',
2026-08-14 13:49:05:       serialNumber: '28321',
2026-08-14 13:49:05:       cardNumber: '01042'
2026-08-14 13:49:05:     },
2026-08-14 13:49:05:     {
2026-08-14 13:49:05:       employeeId: '0121',
2026-08-14 13:49:05:       timestamp: '2026-08-10T09:08:38',
2026-08-14 13:49:05:       serialNumber: '28318',
2026-08-14 13:49:05:       cardNumber: '0121'
2026-08-14 13:49:05:     },
2026-08-14 13:49:05:     {
2026-08-14 13:49:05:       employeeId: '0121',
2026-08-14 13:49:05:       timestamp: '2026-08-10T09:08:35',
2026-08-14 13:49:05:       serialNumber: '28317',
2026-08-14 13:49:05:       cardNumber: '0121'
2026-08-14 13:49:05:     },
2026-08-14 13:49:05:     {
2026-08-14 13:49:05:       employeeId: '01345',
2026-08-14 13:49:05:       timestamp: '2026-08-10T09:07:11',
2026-08-14 13:49:05:       serialNumber: '28314',
2026-08-14 13:49:05:       cardNumber: '01345'
2026-08-14 13:49:05:     },
2026-08-14 13:49:05:     {
2026-08-14 13:49:05:       employeeId: '3043',
2026-08-14 13:49:05:       timestamp: '2026-08-10T08:53:38',
2026-08-14 13:49:05:       serialNumber: '28311',
2026-08-14 13:49:05:       cardNumber: '3043'
2026-08-14 13:49:05:     },
2026-08-14 13:49:05:     {
2026-08-14 13:49:05:       employeeId: '3043',
2026-08-14 13:49:05:       timestamp: '2026-08-10T08:53:35',
2026-08-14 13:49:05:       serialNumber: '28310',
2026-08-14 13:49:05:       cardNumber: '3043'
2026-08-14 13:49:05:     },
2026-08-14 13:49:05:     {
2026-08-14 13:49:05:       employeeId: '3043',
2026-08-14 13:49:05:       timestamp: '2026-08-10T08:53:33',
2026-08-14 13:49:05:       serialNumber: '28309',
2026-08-14 13:49:05:       cardNumber: '3043'
2026-08-14 13:49:05:     },
2026-08-14 13:49:05:     {
2026-08-14 13:49:05:       employeeId: '3042',
2026-08-14 13:49:05:       timestamp: '2026-08-10T08:53:30',
2026-08-14 13:49:05:       serialNumber: '28308',
2026-08-14 13:49:05:       cardNumber: '3042'
2026-08-14 13:49:05:     },
2026-08-14 13:49:05:     {
2026-08-14 13:49:05:       employeeId: '3273',
2026-08-14 13:49:05:       timestamp: '2026-08-10T08:37:08',
2026-08-14 13:49:05:       serialNumber: '28305',
2026-08-14 13:49:05:       cardNumber: '3273'
2026-08-14 13:49:05:     },
2026-08-14 13:49:05:     {
2026-08-14 13:49:05:       employeeId: '3273',
2026-08-14 13:49:05:       timestamp: '2026-08-10T08:37:06',
2026-08-14 13:49:05:       serialNumber: '28304',
2026-08-14 13:49:05:       cardNumber: '3273'
2026-08-14 13:49:05:     },
2026-08-14 13:49:05:     {
2026-08-14 13:49:05:       employeeId: '01100',
2026-08-14 13:49:05:       timestamp: '2026-08-07T18:05:57',
2026-08-14 13:49:05:       serialNumber: '28300',
2026-08-14 13:49:05:       cardNumber: ''
2026-08-14 13:49:05:     },
2026-08-14 13:49:05:     {
2026-08-14 13:49:05:       employeeId: '01100',
2026-08-14 13:49:05:       timestamp: '2026-08-07T18:05:56',
2026-08-14 13:49:05:       serialNumber: '28299',
2026-08-14 13:49:05:       cardNumber: ''
2026-08-14 13:49:05:     },
2026-08-14 13:49:05:     {
2026-08-14 13:49:05:       employeeId: '01345',
2026-08-14 13:49:05:       timestamp: '2026-08-07T18:01:32',
2026-08-14 13:49:05:       serialNumber: '28296',
2026-08-14 13:49:05:       cardNumber: '01345'
2026-08-14 13:49:05:     },
2026-08-14 13:49:05:     {
2026-08-14 13:49:05:       employeeId: '01345',
2026-08-14 13:49:05:       timestamp: '2026-08-07T18:01:30',
2026-08-14 13:49:05:       serialNumber: '28295',
2026-08-14 13:49:05:       cardNumber: '01345'
2026-08-14 13:49:05:     },
2026-08-14 13:49:05:     {
2026-08-14 13:49:05:       employeeId: '3043',
2026-08-14 13:49:05:       timestamp: '2026-08-07T18:01:27',
2026-08-14 13:49:05:       serialNumber: '28294',
2026-08-14 13:49:05:       cardNumber: '3043'
2026-08-14 13:49:05:     },
2026-08-14 13:49:05:     {
2026-08-14 13:49:05:       employeeId: '3043',
2026-08-14 13:49:05:       timestamp: '2026-08-07T18:01:25',
2026-08-14 13:49:05:       serialNumber: '28293',
2026-08-14 13:49:05:       cardNumber: '3043'
2026-08-14 13:49:05:     },
2026-08-14 13:49:05:     {
2026-08-14 13:49:05:       employeeId: '3043',
2026-08-14 13:49:05:       timestamp: '2026-08-07T18:01:23',
2026-08-14 13:49:05:       serialNumber: '28292',
2026-08-14 13:49:05:       cardNumber: '3043'
2026-08-14 13:49:05:     },
2026-08-14 13:49:05:     {
2026-08-14 13:49:05:       employeeId: '01042',
2026-08-14 13:49:05:       timestamp: '2026-08-07T18:01:13',
2026-08-14 13:49:05:       serialNumber: '28289',
2026-08-14 13:49:05:       cardNumber: '01042'
2026-08-14 13:49:05:     },
2026-08-14 13:49:05:     {
2026-08-14 13:49:05:       employeeId: '01042',
2026-08-14 13:49:05:       timestamp: '2026-08-07T18:01:12',
2026-08-14 13:49:05:       serialNumber: '28288',
2026-08-14 13:49:05:       cardNumber: '01042'
2026-08-14 13:49:05:     },
2026-08-14 13:49:05:     {
2026-08-14 13:49:05:       employeeId: '01042',
2026-08-14 13:49:05:       timestamp: '2026-08-07T18:01:11',
2026-08-14 13:49:05:       serialNumber: '28287',
2026-08-14 13:49:05:       cardNumber: '01042'
2026-08-14 13:49:05:     },
2026-08-14 13:49:05:     {
2026-08-14 13:49:05:       employeeId: '01042',
2026-08-14 13:49:05:       timestamp: '2026-08-07T18:01:08',
2026-08-14 13:49:05:       serialNumber: '28286',
2026-08-14 13:49:05:       cardNumber: '01042'
2026-08-14 13:49:05:     },
2026-08-14 13:49:05:     {
2026-08-14 13:49:05:       employeeId: '0121',
2026-08-14 13:49:05:       timestamp: '2026-08-07T18:01:06',
2026-08-14 13:49:05:       serialNumber: '28285',
2026-08-14 13:49:05:       cardNumber: '0121'
2026-08-14 13:49:05:     },
2026-08-14 13:49:05:     {
2026-08-14 13:49:05:       employeeId: '0121',
2026-08-14 13:49:05:       timestamp: '2026-08-07T18:01:04',
2026-08-14 13:49:05:       serialNumber: '28284',
2026-08-14 13:49:05:       cardNumber: '0121'
2026-08-14 13:49:05:     },
2026-08-14 13:49:05:     {
2026-08-14 13:49:05:       employeeId: '3273',
2026-08-14 13:49:05:       timestamp: '2026-08-07T18:00:41',
2026-08-14 13:49:05:       serialNumber: '28281',
2026-08-14 13:49:05:       cardNumber: '3273'
2026-08-14 13:49:05:     },
2026-08-14 13:49:05:     {
2026-08-14 13:49:05:       employeeId: '3273',
2026-08-14 13:49:05:       timestamp: '2026-08-07T18:00:40',
2026-08-14 13:49:05:       serialNumber: '28280',
2026-08-14 13:49:05:       cardNumber: '3273'
2026-08-14 13:49:05:     },
2026-08-14 13:49:05:     {
2026-08-14 13:49:05:       employeeId: '01042',
2026-08-14 13:49:05:       timestamp: '2026-08-07T09:09:14',
2026-08-14 13:49:05:       serialNumber: '28259',
2026-08-14 13:49:05:       cardNumber: '01042'
2026-08-14 13:49:05:     },
2026-08-14 13:49:05:     {
2026-08-14 13:49:05:       employeeId: '01042',
2026-08-14 13:49:05:       timestamp: '2026-08-07T09:09:12',
2026-08-14 13:49:05:       serialNumber: '28258',
2026-08-14 13:49:05:       cardNumber: '01042'
2026-08-14 13:49:05:     },
2026-08-14 13:49:05:     {
2026-08-14 13:49:05:       employeeId: '01042',
2026-08-14 13:49:05:       timestamp: '2026-08-07T09:09:10',
2026-08-14 13:49:05:       serialNumber: '28257',
2026-08-14 13:49:05:       cardNumber: '01042'
2026-08-14 13:49:05:     },
2026-08-14 13:49:05:     {
2026-08-14 13:49:05:       employeeId: '01345',
2026-08-14 13:49:05:       timestamp: '2026-08-07T09:07:35',
2026-08-14 13:49:05:       serialNumber: '28254',
2026-08-14 13:49:05:       cardNumber: '01345'
2026-08-14 13:49:05:     },
2026-08-14 13:49:05:     {
2026-08-14 13:49:05:       employeeId: '01345',
2026-08-14 13:49:05:       timestamp: '2026-08-07T09:07:33',
2026-08-14 13:49:05:       serialNumber: '28253',
2026-08-14 13:49:05:       cardNumber: '01345'
2026-08-14 13:49:05:     },
2026-08-14 13:49:05:     {
2026-08-14 13:49:05:       employeeId: '0121',
2026-08-14 13:49:05:       timestamp: '2026-08-07T09:03:31',
2026-08-14 13:49:05:       serialNumber: '28249',
2026-08-14 13:49:05:       cardNumber: '0121'
2026-08-14 13:49:05:     },
2026-08-14 13:49:05:     {
2026-08-14 13:49:05:       employeeId: '0121',
2026-08-14 13:49:05:       timestamp: '2026-08-07T09:03:28',
2026-08-14 13:49:05:       serialNumber: '28248',
2026-08-14 13:49:05:       cardNumber: '0121'
2026-08-14 13:49:05:     },
2026-08-14 13:49:05:     {
2026-08-14 13:49:05:       employeeId: '3043',
2026-08-14 13:49:05:       timestamp: '2026-08-07T08:59:31',
2026-08-14 13:49:05:       serialNumber: '28245',
2026-08-14 13:49:05:       cardNumber: '3043'
2026-08-14 13:49:05:     },
2026-08-14 13:49:05:     {
2026-08-14 13:49:05:       employeeId: '3043',
2026-08-14 13:49:05:       timestamp: '2026-08-07T08:59:28',
2026-08-14 13:49:05:       serialNumber: '28244',
2026-08-14 13:49:05:       cardNumber: '3043'
2026-08-14 13:49:05:     },
2026-08-14 13:49:05:     {
2026-08-14 13:49:05:       employeeId: '3043',
2026-08-14 13:49:05:       timestamp: '2026-08-07T08:59:26',
2026-08-14 13:49:05:       serialNumber: '28243',
2026-08-14 13:49:05:       cardNumber: '3043'
2026-08-14 13:49:05:     },
2026-08-14 13:49:05:     {
2026-08-14 13:49:05:       employeeId: '3042',
2026-08-14 13:49:05:       timestamp: '2026-08-07T08:34:53',
2026-08-14 13:49:05:       serialNumber: '28240',
2026-08-14 13:49:05:       cardNumber: '3042'
2026-08-14 13:49:05:     },
2026-08-14 13:49:05:     {
2026-08-14 13:49:05:       employeeId: '3273',
2026-08-14 13:49:05:       timestamp: '2026-08-07T08:32:25',
2026-08-14 13:49:05:       serialNumber: '28237',
2026-08-14 13:49:05:       cardNumber: '3273'
2026-08-14 13:49:05:     },
2026-08-14 13:49:05:     {
2026-08-14 13:49:05:       employeeId: '3273',
2026-08-14 13:49:05:       timestamp: '2026-08-07T08:32:24',
2026-08-14 13:49:05:       serialNumber: '28236',
2026-08-14 13:49:05:       cardNumber: '3273'
2026-08-14 13:49:05:     },
2026-08-14 13:49:05:     {
2026-08-14 13:49:05:       employeeId: '01100',
2026-08-14 13:49:05:       timestamp: '2026-08-06T18:20:57',
2026-08-14 13:49:05:       serialNumber: '28233',
2026-08-14 13:49:05:       cardNumber: ''
2026-08-14 13:49:05:     },
2026-08-14 13:49:05:     {
2026-08-14 13:49:05:       employeeId: '01100',
2026-08-14 13:49:05:       timestamp: '2026-08-06T18:20:54',
2026-08-14 13:49:05:       serialNumber: '28232',
2026-08-14 13:49:05:       cardNumber: ''
2026-08-14 13:49:05:     },
2026-08-14 13:49:05:     {
2026-08-14 13:49:05:       employeeId: '01345',
2026-08-14 13:49:05:       timestamp: '2026-08-06T18:05:21',
2026-08-14 13:49:05:       serialNumber: '28229',
2026-08-14 13:49:05:       cardNumber: '01345'
2026-08-14 13:49:05:     },
2026-08-14 13:49:05:     {
2026-08-14 13:49:05:       employeeId: '3043',
2026-08-14 13:49:05:       timestamp: '2026-08-06T18:04:52',
2026-08-14 13:49:05:       serialNumber: '28226',
2026-08-14 13:49:05:       cardNumber: '3043'
2026-08-14 13:49:05:     },
2026-08-14 13:49:05:     {
2026-08-14 13:49:05:       employeeId: '3043',
2026-08-14 13:49:05:       timestamp: '2026-08-06T18:04:48',
2026-08-14 13:49:05:       serialNumber: '28225',
2026-08-14 13:49:05:       cardNumber: '3043'
2026-08-14 13:49:05:     },
2026-08-14 13:49:05:     {
2026-08-14 13:49:05:       employeeId: '3043',
2026-08-14 13:49:05:       timestamp: '2026-08-06T18:04:47',
2026-08-14 13:49:05:       serialNumber: '28224',
2026-08-14 13:49:05:       cardNumber: '3043'
2026-08-14 13:49:05:     },
2026-08-14 13:49:05:     {
2026-08-14 13:49:05:       employeeId: '3042',
2026-08-14 13:49:05:       timestamp: '2026-08-06T18:04:41',
2026-08-14 13:49:05:       serialNumber: '28221',
2026-08-14 13:49:05:       cardNumber: '3042'
2026-08-14 13:49:05:     },
2026-08-14 13:49:05:     {
2026-08-14 13:49:05:       employeeId: '01042',
2026-08-14 13:49:05:       timestamp: '2026-08-06T18:04:07',
2026-08-14 13:49:05:       serialNumber: '28218',
2026-08-14 13:49:05:       cardNumber: '01042'
2026-08-14 13:49:05:     },
2026-08-14 13:49:05:     {
2026-08-14 13:49:05:       employeeId: '01042',
2026-08-14 13:49:05:       timestamp: '2026-08-06T18:04:06',
2026-08-14 13:49:05:       serialNumber: '28217',
2026-08-14 13:49:05:       cardNumber: '01042'
2026-08-14 13:49:05:     },
2026-08-14 13:49:05:     {
2026-08-14 13:49:05:       employeeId: '01042',
2026-08-14 13:49:05:       timestamp: '2026-08-06T18:03:42',
2026-08-14 13:49:05:       serialNumber: '28214',
2026-08-14 13:49:05:       cardNumber: '01042'
2026-08-14 13:49:05:     },
2026-08-14 13:49:05:     {
2026-08-14 13:49:05:       employeeId: '01042',
2026-08-14 13:49:05:       timestamp: '2026-08-06T18:03:41',
2026-08-14 13:49:05:       serialNumber: '28213',
2026-08-14 13:49:05:       cardNumber: '01042'
2026-08-14 13:49:05:     },
2026-08-14 13:49:05:     {
2026-08-14 13:49:05:       employeeId: '01042',
2026-08-14 13:49:05:       timestamp: '2026-08-06T18:03:40',
2026-08-14 13:49:05:       serialNumber: '28212',
2026-08-14 13:49:05:       cardNumber: '01042'
2026-08-14 13:49:05:     },
2026-08-14 13:49:05:     {
2026-08-14 13:49:05:       employeeId: '01042',
2026-08-14 13:49:05:       timestamp: '2026-08-06T18:03:38',
2026-08-14 13:49:05:       serialNumber: '28211',
2026-08-14 13:49:05:       cardNumber: '01042'
2026-08-14 13:49:05:     },
2026-08-14 13:49:05:     {
2026-08-14 13:49:05:       employeeId: '0121',
2026-08-14 13:49:05:       timestamp: '2026-08-06T18:03:09',
2026-08-14 13:49:05:       serialNumber: '28208',
2026-08-14 13:49:05:       cardNumber: '0121'
2026-08-14 13:49:05:     },
2026-08-14 13:49:05:     {
2026-08-14 13:49:05:       employeeId: '0121',
2026-08-14 13:49:05:       timestamp: '2026-08-06T18:03:06',
2026-08-14 13:49:05:       serialNumber: '28207',
2026-08-14 13:49:05:       cardNumber: '0121'
2026-08-14 13:49:05:     },
2026-08-14 13:49:05:     {
2026-08-14 13:49:05:       employeeId: '3273',
2026-08-14 13:49:05:       timestamp: '2026-08-06T18:02:31',
2026-08-14 13:49:05:       serialNumber: '28201',
2026-08-14 13:49:05:       cardNumber: '3273'
2026-08-14 13:49:05:     },
2026-08-14 13:49:05:     {
2026-08-14 13:49:05:       employeeId: '3273',
2026-08-14 13:49:05:       timestamp: '2026-08-06T18:02:29',
2026-08-14 13:49:05:       serialNumber: '28200',
2026-08-14 13:49:05:       cardNumber: '3273'
2026-08-14 13:49:05:     },
2026-08-14 13:49:05:     {
2026-08-14 13:49:05:       employeeId: '3214',
2026-08-14 13:49:05:       timestamp: '2026-08-06T12:14:51',
2026-08-14 13:49:05:       serialNumber: '28158',
2026-08-14 13:49:05:       cardNumber: '3214'
2026-08-14 13:49:05:     },
2026-08-14 13:49:05:     {
2026-08-14 13:49:05:       employeeId: '01345',
2026-08-14 13:49:05:       timestamp: '2026-08-06T09:11:16',
2026-08-14 13:49:05:       serialNumber: '28137',
2026-08-14 13:49:05:       cardNumber: '01345'
2026-08-14 13:49:05:     },
2026-08-14 13:49:05:     {
2026-08-14 13:49:05:       employeeId: '01345',
2026-08-14 13:49:05:       timestamp: '2026-08-06T09:11:13',
2026-08-14 13:49:05:       serialNumber: '28136',
2026-08-14 13:49:05:       cardNumber: '01345'
2026-08-14 13:49:05:     },
2026-08-14 13:49:05:     {
2026-08-14 13:49:05:       employeeId: '01100',
2026-08-14 13:49:05:       timestamp: '2026-08-06T09:10:28',
2026-08-14 13:49:05:       serialNumber: '28133',
2026-08-14 13:49:05:       cardNumber: ''
2026-08-14 13:49:05:     },
2026-08-14 13:49:05:     {
2026-08-14 13:49:05:       employeeId: '01042',
2026-08-14 13:49:05:       timestamp: '2026-08-06T09:04:29',
2026-08-14 13:49:05:       serialNumber: '28130',
2026-08-14 13:49:05:       cardNumber: '01042'
2026-08-14 13:49:05:     },
2026-08-14 13:49:05:     {
2026-08-14 13:49:05:       employeeId: '01042',
2026-08-14 13:49:05:       timestamp: '2026-08-06T09:04:27',
2026-08-14 13:49:05:       serialNumber: '28129',
2026-08-14 13:49:05:       cardNumber: '01042'
2026-08-14 13:49:05:     },
2026-08-14 13:49:05:     {
2026-08-14 13:49:05:       employeeId: '01042',
2026-08-14 13:49:05:       timestamp: '2026-08-06T09:04:25',
2026-08-14 13:49:05:       serialNumber: '28128',
2026-08-14 13:49:05:       cardNumber: '01042'
2026-08-14 13:49:05:     },
2026-08-14 13:49:05:     {
2026-08-14 13:49:05:       employeeId: '01042',
2026-08-14 13:49:05:       timestamp: '2026-08-06T09:04:24',
2026-08-14 13:49:05:       serialNumber: '28127',
2026-08-14 13:49:05:       cardNumber: '01042'
2026-08-14 13:49:05:     },
2026-08-14 13:49:05:     {
2026-08-14 13:49:05:       employeeId: '01042',
2026-08-14 13:49:05:       timestamp: '2026-08-06T09:04:23',
2026-08-14 13:49:05:       serialNumber: '28126',
2026-08-14 13:49:05:       cardNumber: '01042'
2026-08-14 13:49:05:     },
2026-08-14 13:49:05:     {
2026-08-14 13:49:05:       employeeId: '3043',
2026-08-14 13:49:05:       timestamp: '2026-08-06T09:03:49',
2026-08-14 13:49:05:       serialNumber: '28123',
2026-08-14 13:49:05:       cardNumber: '3043'
2026-08-14 13:49:05:     },
2026-08-14 13:49:05:     {
2026-08-14 13:49:05:       employeeId: '3043',
2026-08-14 13:49:05:       timestamp: '2026-08-06T09:03:47',
2026-08-14 13:49:05:       serialNumber: '28122',
2026-08-14 13:49:05:       cardNumber: '3043'
2026-08-14 13:49:05:     },
2026-08-14 13:49:05:     {
2026-08-14 13:49:05:       employeeId: '3043',
2026-08-14 13:49:05:       timestamp: '2026-08-06T09:03:45',
2026-08-14 13:49:05:       serialNumber: '28121',
2026-08-14 13:49:05:       cardNumber: '3043'
2026-08-14 13:49:05:     },
2026-08-14 13:49:05:     {
2026-08-14 13:49:05:       employeeId: '0121',
2026-08-14 13:49:05:       timestamp: '2026-08-06T09:03:32',
2026-08-14 13:49:05:       serialNumber: '28118',
2026-08-14 13:49:05:       cardNumber: '0121'
2026-08-14 13:49:05:     },
2026-08-14 13:49:05:     {
2026-08-14 13:49:05:       employeeId: '0121',
2026-08-14 13:49:05:       timestamp: '2026-08-06T09:03:29',
2026-08-14 13:49:05:       serialNumber: '28117',
2026-08-14 13:49:05:       cardNumber: '0121'
2026-08-14 13:49:05:     },
2026-08-14 13:49:05:     {
2026-08-14 13:49:05:       employeeId: '3042',
2026-08-14 13:49:05:       timestamp: '2026-08-06T08:57:23',
2026-08-14 13:49:05:       serialNumber: '28113',
2026-08-14 13:49:05:       cardNumber: '3042'
2026-08-14 13:49:05:     },
2026-08-14 13:49:05:     {
2026-08-14 13:49:05:       employeeId: '3273',
2026-08-14 13:49:05:       timestamp: '2026-08-06T08:33:35',
2026-08-14 13:49:05:       serialNumber: '28110',
2026-08-14 13:49:05:       cardNumber: '3273'
2026-08-14 13:49:05:     },
2026-08-14 13:49:05:     {
2026-08-14 13:49:05:       employeeId: '3273',
2026-08-14 13:49:05:       timestamp: '2026-08-06T08:33:34',
2026-08-14 13:49:05:       serialNumber: '28109',
2026-08-14 13:49:05:       cardNumber: '3273'
2026-08-14 13:49:05:     },
2026-08-14 13:49:05:     {
2026-08-14 13:49:05:       employeeId: '3042',
2026-08-14 13:49:05:       timestamp: '2026-08-05T18:06:36',
2026-08-14 13:49:05:       serialNumber: '28105',
2026-08-14 13:49:05:       cardNumber: '3042'
2026-08-14 13:49:05:     },
2026-08-14 13:49:05:     {
2026-08-14 13:49:05:       employeeId: '3042',
2026-08-14 13:49:05:       timestamp: '2026-08-05T18:06:34',
2026-08-14 13:49:05:       serialNumber: '28104',
2026-08-14 13:49:05:       cardNumber: '3042'
2026-08-14 13:49:05:     },
2026-08-14 13:49:05:     {
2026-08-14 13:49:05:       employeeId: '3043',
2026-08-14 13:49:05:       timestamp: '2026-08-05T18:06:32',
2026-08-14 13:49:05:       serialNumber: '28103',
2026-08-14 13:49:05:       cardNumber: '3043'
2026-08-14 13:49:05:     }
2026-08-14 13:49:05:   ],
2026-08-14 13:49:05:   source: 'app-manual',
2026-08-14 13:49:05:   clockIp: '172.17.102.31',
2026-08-14 13:49:05:   clockName: 'TECNOLOGIAS',
2026-08-14 13:49:05:   syncDate: '2026-08-14T19:49:05.333Z'
2026-08-14 13:49:05: }
2026-08-14 13:49:14: {
2026-08-14 13:49:14:   records: [
2026-08-14 13:49:14:     {
2026-08-14 13:49:14:       employeeId: '3043',
2026-08-14 13:49:14:       timestamp: '2026-08-05T18:06:30',
2026-08-14 13:49:14:       serialNumber: '28102',
2026-08-14 13:49:14:       cardNumber: '3043'
2026-08-14 13:49:14:     },
2026-08-14 13:49:14:     {
2026-08-14 13:49:14:       employeeId: '3043',
2026-08-14 13:49:14:       timestamp: '2026-08-05T18:06:29',
2026-08-14 13:49:14:       serialNumber: '28101',
2026-08-14 13:49:14:       cardNumber: '3043'
2026-08-14 13:49:14:     },
2026-08-14 13:49:14:     {
2026-08-14 13:49:14:       employeeId: '01345',
2026-08-14 13:49:14:       timestamp: '2026-08-05T18:06:24',
2026-08-14 13:49:14:       serialNumber: '28100',
2026-08-14 13:49:14:       cardNumber: '01345'
2026-08-14 13:49:14:     },
2026-08-14 13:49:14:     {
2026-08-14 13:49:14:       employeeId: '01345',
2026-08-14 13:49:14:       timestamp: '2026-08-05T18:06:22',
2026-08-14 13:49:14:       serialNumber: '28099',
2026-08-14 13:49:14:       cardNumber: '01345'
2026-08-14 13:49:14:     },
2026-08-14 13:49:14:     {
2026-08-14 13:49:14:       employeeId: '0121',
2026-08-14 13:49:14:       timestamp: '2026-08-05T18:04:21',
2026-08-14 13:49:14:       serialNumber: '28096',
2026-08-14 13:49:14:       cardNumber: '0121'
2026-08-14 13:49:14:     },
2026-08-14 13:49:14:     {
2026-08-14 13:49:14:       employeeId: '0121',
2026-08-14 13:49:14:       timestamp: '2026-08-05T18:04:19',
2026-08-14 13:49:14:       serialNumber: '28095',
2026-08-14 13:49:14:       cardNumber: '0121'
2026-08-14 13:49:14:     },
2026-08-14 13:49:14:     {
2026-08-14 13:49:14:       employeeId: '3273',
2026-08-14 13:49:14:       timestamp: '2026-08-05T18:04:14',
2026-08-14 13:49:14:       serialNumber: '28094',
2026-08-14 13:49:14:       cardNumber: '3273'
2026-08-14 13:49:14:     },
2026-08-14 13:49:14:     {
2026-08-14 13:49:14:       employeeId: '3273',
2026-08-14 13:49:14:       timestamp: '2026-08-05T18:04:12',
2026-08-14 13:49:14:       serialNumber: '28093',
2026-08-14 13:49:14:       cardNumber: '3273'
2026-08-14 13:49:14:     },
2026-08-14 13:49:14:     {
2026-08-14 13:49:14:       employeeId: '01100',
2026-08-14 13:49:14:       timestamp: '2026-08-05T18:03:43',
2026-08-14 13:49:14:       serialNumber: '28089',
2026-08-14 13:49:14:       cardNumber: ''
2026-08-14 13:49:14:     },
2026-08-14 13:49:14:     {
2026-08-14 13:49:14:       employeeId: '01100',
2026-08-14 13:49:14:       timestamp: '2026-08-05T18:03:38',
2026-08-14 13:49:14:       serialNumber: '28088',
2026-08-14 13:49:14:       cardNumber: ''
2026-08-14 13:49:14:     }
2026-08-14 13:49:14:   ],
2026-08-14 13:49:14:   source: 'app-manual',
2026-08-14 13:49:14:   clockIp: '172.17.102.31',
2026-08-14 13:49:14:   clockName: 'TECNOLOGIAS',
2026-08-14 13:49:14:   syncDate: '2026-08-14T19:49:14.200Z'
2026-08-14 13:49:14: }
2026-08-17 16:38:59: {
2026-08-17 16:38:59:   records: [
2026-08-17 16:38:59:     {
2026-08-17 16:38:59:       employeeId: '01100',
2026-08-17 16:38:59:       timestamp: '2026-08-17T09:19:26',
2026-08-17 16:38:59:       serialNumber: '28735',
2026-08-17 16:38:59:       cardNumber: ''
2026-08-17 16:38:59:     },
2026-08-17 16:38:59:     {
2026-08-17 16:38:59:       employeeId: '01100',
2026-08-17 16:38:59:       timestamp: '2026-08-17T09:19:24',
2026-08-17 16:38:59:       serialNumber: '28734',
2026-08-17 16:38:59:       cardNumber: ''
2026-08-17 16:38:59:     },
2026-08-17 16:38:59:     {
2026-08-17 16:38:59:       employeeId: '3214',
2026-08-17 16:38:59:       timestamp: '2026-08-17T09:17:03',
2026-08-17 16:38:59:       serialNumber: '28731',
2026-08-17 16:38:59:       cardNumber: '3214'
2026-08-17 16:38:59:     },
2026-08-17 16:38:59:     {
2026-08-17 16:38:59:       employeeId: '0121',
2026-08-17 16:38:59:       timestamp: '2026-08-17T09:09:59',
2026-08-17 16:38:59:       serialNumber: '28728',
2026-08-17 16:38:59:       cardNumber: '0121'
2026-08-17 16:38:59:     },
2026-08-17 16:38:59:     {
2026-08-17 16:38:59:       employeeId: '0121',
2026-08-17 16:38:59:       timestamp: '2026-08-17T09:09:56',
2026-08-17 16:38:59:       serialNumber: '28727',
2026-08-17 16:38:59:       cardNumber: '0121'
2026-08-17 16:38:59:     },
2026-08-17 16:38:59:     {
2026-08-17 16:38:59:       employeeId: '3043',
2026-08-17 16:38:59:       timestamp: '2026-08-17T09:05:38',
2026-08-17 16:38:59:       serialNumber: '28724',
2026-08-17 16:38:59:       cardNumber: '3043'
2026-08-17 16:38:59:     },
2026-08-17 16:38:59:     {
2026-08-17 16:38:59:       employeeId: '3043',
2026-08-17 16:38:59:       timestamp: '2026-08-17T09:05:35',
2026-08-17 16:38:59:       serialNumber: '28723',
2026-08-17 16:38:59:       cardNumber: '3043'
2026-08-17 16:38:59:     },
2026-08-17 16:38:59:     {
2026-08-17 16:38:59:       employeeId: '01345',
2026-08-17 16:38:59:       timestamp: '2026-08-17T09:05:29',
2026-08-17 16:38:59:       serialNumber: '28720',
2026-08-17 16:38:59:       cardNumber: '01345'
2026-08-17 16:38:59:     },
2026-08-17 16:38:59:     {
2026-08-17 16:38:59:       employeeId: '01345',
2026-08-17 16:38:59:       timestamp: '2026-08-17T09:05:28',
2026-08-17 16:38:59:       serialNumber: '28719',
2026-08-17 16:38:59:       cardNumber: '01345'
2026-08-17 16:38:59:     },
2026-08-17 16:38:59:     {
2026-08-17 16:38:59:       employeeId: '3273',
2026-08-17 16:38:59:       timestamp: '2026-08-17T08:44:16',
2026-08-17 16:38:59:       serialNumber: '28716',
2026-08-17 16:38:59:       cardNumber: '3273'
2026-08-17 16:38:59:     },
2026-08-17 16:38:59:     {
2026-08-17 16:38:59:       employeeId: '3273',
2026-08-17 16:38:59:       timestamp: '2026-08-17T08:44:14',
2026-08-17 16:38:59:       serialNumber: '28715',
2026-08-17 16:38:59:       cardNumber: '3273'
2026-08-17 16:38:59:     },
2026-08-17 16:38:59:     {
2026-08-17 16:38:59:       employeeId: '3273',
2026-08-17 16:38:59:       timestamp: '2026-08-17T08:44:13',
2026-08-17 16:38:59:       serialNumber: '28714',
2026-08-17 16:38:59:       cardNumber: '3273'
2026-08-17 16:38:59:     },
2026-08-17 16:38:59:     {
2026-08-17 16:38:59:       employeeId: '3042',
2026-08-17 16:38:59:       timestamp: '2026-08-17T08:24:08',
2026-08-17 16:38:59:       serialNumber: '28711',
2026-08-17 16:38:59:       cardNumber: '3042'
2026-08-17 16:38:59:     },
2026-08-17 16:38:59:     {
2026-08-17 16:38:59:       employeeId: '3214',
2026-08-17 16:38:59:       timestamp: '2026-08-14T18:47:58',
2026-08-17 16:38:59:       serialNumber: '28708',
2026-08-17 16:38:59:       cardNumber: '3214'
2026-08-17 16:38:59:     },
2026-08-17 16:38:59:     {
2026-08-17 16:38:59:       employeeId: '01100',
2026-08-17 16:38:59:       timestamp: '2026-08-14T18:47:06',
2026-08-17 16:38:59:       serialNumber: '28705',
2026-08-17 16:38:59:       cardNumber: ''
2026-08-17 16:38:59:     },
2026-08-17 16:38:59:     {
2026-08-17 16:38:59:       employeeId: '01100',
2026-08-17 16:38:59:       timestamp: '2026-08-14T18:47:02',
2026-08-17 16:38:59:       serialNumber: '28704',
2026-08-17 16:38:59:       cardNumber: ''
2026-08-17 16:38:59:     },
2026-08-17 16:38:59:     {
2026-08-17 16:38:59:       employeeId: '01100',
2026-08-17 16:38:59:       timestamp: '2026-08-14T18:47:01',
2026-08-17 16:38:59:       serialNumber: '28703',
2026-08-17 16:38:59:       cardNumber: ''
2026-08-17 16:38:59:     },
2026-08-17 16:38:59:     {
2026-08-17 16:38:59:       employeeId: '01345',
2026-08-17 16:38:59:       timestamp: '2026-08-14T18:03:47',
2026-08-17 16:38:59:       serialNumber: '28700',
2026-08-17 16:38:59:       cardNumber: '01345'
2026-08-17 16:38:59:     },
2026-08-17 16:38:59:     {
2026-08-17 16:38:59:       employeeId: '01345',
2026-08-17 16:38:59:       timestamp: '2026-08-14T18:03:45',
2026-08-17 16:38:59:       serialNumber: '28699',
2026-08-17 16:38:59:       cardNumber: '01345'
2026-08-17 16:38:59:     },
2026-08-17 16:38:59:     {
2026-08-17 16:38:59:       employeeId: '3042',
2026-08-17 16:38:59:       timestamp: '2026-08-14T18:03:17',
2026-08-17 16:38:59:       serialNumber: '28696',
2026-08-17 16:38:59:       cardNumber: '3042'
2026-08-17 16:38:59:     },
2026-08-17 16:38:59:     {
2026-08-17 16:38:59:       employeeId: '3042',
2026-08-17 16:38:59:       timestamp: '2026-08-14T18:03:12',
2026-08-17 16:38:59:       serialNumber: '28692',
2026-08-17 16:38:59:       cardNumber: '3042'
2026-08-17 16:38:59:     },
2026-08-17 16:38:59:     {
2026-08-17 16:38:59:       employeeId: '3273',
2026-08-17 16:38:59:       timestamp: '2026-08-14T18:02:47',
2026-08-17 16:38:59:       serialNumber: '28689',
2026-08-17 16:38:59:       cardNumber: '3273'
2026-08-17 16:38:59:     },
2026-08-17 16:38:59:     {
2026-08-17 16:38:59:       employeeId: '3273',
2026-08-17 16:38:59:       timestamp: '2026-08-14T18:02:45',
2026-08-17 16:38:59:       serialNumber: '28688',
2026-08-17 16:38:59:       cardNumber: '3273'
2026-08-17 16:38:59:     },
2026-08-17 16:38:59:     {
2026-08-17 16:38:59:       employeeId: '3273',
2026-08-17 16:38:59:       timestamp: '2026-08-14T18:02:43',
2026-08-17 16:38:59:       serialNumber: '28687',
2026-08-17 16:38:59:       cardNumber: '3273'
2026-08-17 16:38:59:     },
2026-08-17 16:38:59:     {
2026-08-17 16:38:59:       employeeId: '0121',
2026-08-17 16:38:59:       timestamp: '2026-08-14T18:02:33',
2026-08-17 16:38:59:       serialNumber: '28684',
2026-08-17 16:38:59:       cardNumber: '0121'
2026-08-17 16:38:59:     },
2026-08-17 16:38:59:     {
2026-08-17 16:38:59:       employeeId: '0121',
2026-08-17 16:38:59:       timestamp: '2026-08-14T18:02:29',
2026-08-17 16:38:59:       serialNumber: '28683',
2026-08-17 16:38:59:       cardNumber: '0121'
2026-08-17 16:38:59:     }
2026-08-17 16:38:59:   ],
2026-08-17 16:38:59:   source: 'app-manual',
2026-08-17 16:38:59:   clockIp: '172.17.102.31',
2026-08-17 16:38:59:   clockName: 'TECNOLOGIAS',
2026-08-17 16:38:59:   syncDate: '2026-08-17T22:38:58.816Z'
2026-08-17 16:38:59: }
2026-08-18 11:24:59: ◇ injected env (3) from .env // tip: ⌘ custom filepath { path: '/custom/path/.env' }
2026-08-18 11:25:01: Servidor corriendo sin problemas en el puerto 5176
2026-08-18 13:53:00: ◇ injected env (3) from .env // tip: ⌘ override existing { override: true }
2026-08-18 13:53:06: ◇ injected env (3) from .env // tip: ◈ secrets for agents [www.dotenvx.com]
2026-08-18 13:53:11: ◇ injected env (3) from .env // tip: ◈ encrypted .env [www.dotenvx.com]
2026-08-18 13:53:16: ◇ injected env (3) from .env // tip: ◈ secrets for agents [www.dotenvx.com]
2026-08-18 13:53:18: Servidor corriendo sin problemas en el puerto 5176
2026-08-18 13:53:23: ◇ injected env (3) from .env // tip: ⌘ override existing { override: true }
2026-08-18 13:53:23: Servidor corriendo sin problemas en el puerto 5176
2026-08-18 14:07:08: ◇ injected env (3) from .env // tip: ⌘ suppress logs { quiet: true }
2026-08-18 14:07:09: Servidor corriendo sin problemas en el puerto 5176
2026-08-18 14:08:25: ◇ injected env (3) from .env // tip: ⌘ multiple files { path: ['.env.local', '.env'] }
2026-08-18 14:08:25: Servidor corriendo sin problemas en el puerto 5176
2026-08-18 14:12:45: ◇ injected env (3) from .env // tip: ⌘ suppress logs { quiet: true }
2026-08-18 14:12:46: Servidor corriendo sin problemas en el puerto 5176
2026-08-18 14:13:58: ◇ injected env (3) from .env // tip: ⌁ auth for agents [www.vestauth.com]
2026-08-18 14:13:59: Servidor corriendo sin problemas en el puerto 5176
2026-08-18 14:16:52: ◇ injected env (3) from .env // tip: ⌘ multiple files { path: ['.env.local', '.env'] }
2026-08-18 14:16:53: Servidor corriendo sin problemas en el puerto 5176
2026-08-18 14:29:01: ◇ injected env (3) from .env // tip: ⌘ enable debugging { debug: true }
2026-08-18 14:29:01: Servidor corriendo sin problemas en el puerto 5176
2026-08-18 14:30:56: ◇ injected env (3) from .env // tip: ⌁ auth for agents [www.vestauth.com]
2026-08-18 14:30:56: Servidor corriendo sin problemas en el puerto 5176
2026-08-18 14:34:28: ◇ injected env (3) from .env // tip: ◈ encrypted .env [www.dotenvx.com]
2026-08-18 14:34:29: Servidor corriendo sin problemas en el puerto 5176
2026-08-18 16:34:29: ◇ injected env (3) from .env // tip: ⌘ suppress logs { quiet: true }
2026-08-18 16:35:07: Servidor corriendo sin problemas en el puerto 5176
2026-08-18 16:40:11: ◇ injected env (3) from .env // tip: ⌘ multiple files { path: ['.env.local', '.env'] }
2026-08-18 16:40:12: Servidor corriendo sin problemas en el puerto 5176
2026-08-18 16:44:52: ◇ injected env (3) from .env // tip: ⌘ override existing { override: true }
2026-08-18 16:44:53: Servidor corriendo sin problemas en el puerto 5176
2026-08-18 17:00:43: ◇ injected env (3) from .env // tip: ⌘ override existing { override: true }
2026-08-18 17:00:43: Servidor corriendo sin problemas en el puerto 5176
2026-08-18 17:15:26: ◇ injected env (3) from .env // tip: ⌘ suppress logs { quiet: true }
2026-08-18 17:15:34: Servidor corriendo sin problemas en el puerto 5176
2026-08-19 13:40:42: ◇ injected env (3) from .env // tip: ⌘ suppress logs { quiet: true }
2026-08-19 13:41:21: Servidor corriendo sin problemas en el puerto 5176
2026-08-19 14:04:51: ◇ injected env (3) from .env // tip: ⌘ suppress logs { quiet: true }
2026-08-19 14:05:33: Servidor corriendo sin problemas en el puerto 5176
2026-08-24 12:55:33: ◇ injected env (3) from .env // tip: ◈ encrypted .env [www.dotenvx.com]
2026-08-24 12:55:55: Servidor corriendo sin problemas en el puerto 5176
2026-08-31 09:51:59: ◇ injected env (3) from .env // tip: ◈ encrypted .env [www.dotenvx.com]
2026-08-31 09:52:01: Servidor corriendo sin problemas en el puerto 5176
2026-08-31 10:31:59: ◇ injected env (3) from .env // tip: ◈ encrypted .env [www.dotenvx.com]
2026-08-31 10:31:59: Servidor corriendo sin problemas en el puerto 5176
2026-08-31 10:51:56: ◇ injected env (3) from .env // tip: ⌘ suppress logs { quiet: true }
2026-08-31 10:51:58: Servidor corriendo sin problemas en el puerto 5176
2026-08-31 11:02:37: ◇ injected env (3) from .env // tip: ⌘ multiple files { path: ['.env.local', '.env'] }
2026-08-31 11:02:38: Servidor corriendo sin problemas en el puerto 5176
2026-08-31 11:14:09: ◇ injected env (3) from .env // tip: ⌘ custom filepath { path: '/custom/path/.env' }
2026-08-31 11:14:09: Servidor corriendo sin problemas en el puerto 5176
2026-08-31 11:16:49: ◇ injected env (3) from .env // tip: ⌘ override existing { override: true }
2026-08-31 11:16:49: Servidor corriendo sin problemas en el puerto 5176
2026-08-31 11:26:20: ◇ injected env (3) from .env // tip: ⌘ custom filepath { path: '/custom/path/.env' }
2026-08-31 11:26:20: Servidor corriendo sin problemas en el puerto 5176
2026-08-31 11:30:15: ◇ injected env (3) from .env // tip: ⌘ multiple files { path: ['.env.local', '.env'] }
2026-08-31 11:30:15: Servidor corriendo sin problemas en el puerto 5176
2026-08-31 11:33:22: ◇ injected env (3) from .env // tip: ⌘ custom filepath { path: '/custom/path/.env' }
2026-08-31 11:33:22: Servidor corriendo sin problemas en el puerto 5176
2026-08-31 11:37:07: ◇ injected env (3) from .env // tip: ⌁ auth for agents [www.vestauth.com]
2026-08-31 11:37:12: ◇ injected env (3) from .env // tip: ⌘ custom filepath { path: '/custom/path/.env' }
2026-08-31 11:37:17: ◇ injected env (3) from .env // tip: ⌘ multiple files { path: ['.env.local', '.env'] }
2026-08-31 11:37:22: ◇ injected env (3) from .env // tip: ⌁ auth for agents [www.vestauth.com]
2026-08-31 11:37:28: ◇ injected env (3) from .env // tip: ⌁ auth for agents [www.vestauth.com]
2026-08-31 11:37:33: ◇ injected env (3) from .env // tip: ◈ secrets for agents [www.dotenvx.com]
2026-08-31 11:37:38: ◇ injected env (3) from .env // tip: ⌘ enable debugging { debug: true }
2026-08-31 11:37:43: ◇ injected env (3) from .env // tip: ◈ encrypted .env [www.dotenvx.com]
2026-08-31 11:37:49: ◇ injected env (3) from .env // tip: ◈ encrypted .env [www.dotenvx.com]
2026-08-31 11:37:54: ◇ injected env (3) from .env // tip: ⌘ enable debugging { debug: true }
2026-08-31 11:37:59: ◇ injected env (3) from .env // tip: ⌘ multiple files { path: ['.env.local', '.env'] }
2026-08-31 11:38:00: Servidor corriendo sin problemas en el puerto 5176
2026-08-31 11:38:33: ◇ injected env (3) from .env // tip: ⌘ suppress logs { quiet: true }
2026-08-31 11:38:34: Servidor corriendo sin problemas en el puerto 5176
2026-08-31 11:39:26: ◇ injected env (3) from .env // tip: ⌘ enable debugging { debug: true }
2026-08-31 11:39:27: Servidor corriendo sin problemas en el puerto 5176
2026-08-31 11:40:48: ◇ injected env (3) from .env // tip: ⌁ auth for agents [www.vestauth.com]
2026-08-31 11:40:48: Servidor corriendo sin problemas en el puerto 5176
2026-08-31 11:44:32: ◇ injected env (3) from .env // tip: ◈ secrets for agents [www.dotenvx.com]
2026-08-31 11:44:33: Servidor corriendo sin problemas en el puerto 5176
2026-08-31 11:46:22: ◇ injected env (3) from .env // tip: ⌁ auth for agents [www.vestauth.com]
2026-08-31 11:46:23: Servidor corriendo sin problemas en el puerto 5176
2026-08-31 11:56:44: ◇ injected env (3) from .env // tip: ⌘ custom filepath { path: '/custom/path/.env' }
2026-08-31 11:56:45: Servidor corriendo sin problemas en el puerto 5176
2026-08-31 12:06:33: ◇ injected env (3) from .env // tip: ⌘ suppress logs { quiet: true }
2026-08-31 12:06:33: Servidor corriendo sin problemas en el puerto 5176
2026-08-31 16:36:16: ◇ injected env (3) from .env // tip: ⌘ suppress logs { quiet: true }
2026-08-31 16:36:16: Servidor corriendo sin problemas en el puerto 5176
2026-08-31 16:39:00: ◇ injected env (3) from .env // tip: ◈ secrets for agents [www.dotenvx.com]
2026-08-31 16:39:00: Servidor corriendo sin problemas en el puerto 5176
2026-08-31 16:53:56: ◇ injected env (3) from .env // tip: ⌘ custom filepath { path: '/custom/path/.env' }
2026-08-31 16:53:57: Servidor corriendo sin problemas en el puerto 5176
2026-08-31 17:07:22: ◇ injected env (3) from .env // tip: ⌘ enable debugging { debug: true }
2026-08-31 17:07:23: Servidor corriendo sin problemas en el puerto 5176
2026-08-31 17:10:49: ◇ injected env (3) from .env // tip: ⌁ auth for agents [www.vestauth.com]
2026-08-31 17:10:50: Servidor corriendo sin problemas en el puerto 5176
2026-08-31 17:30:19: ◇ injected env (3) from .env // tip: ⌘ enable debugging { debug: true }
2026-08-31 17:30:19: Servidor corriendo sin problemas en el puerto 5176
2026-08-31 18:01:51: ◇ injected env (3) from .env // tip: ⌘ suppress logs { quiet: true }
2026-08-31 18:01:51: Servidor corriendo sin problemas en el puerto 5176
2026-08-31 18:12:29: ◇ injected env (3) from .env // tip: ◈ encrypted .env [www.dotenvx.com]
2026-08-31 18:12:29: Servidor corriendo sin problemas en el puerto 5176
2026-09-03 10:38:26: ◇ injected env (3) from .env // tip: ⌘ override existing { override: true }
2026-09-03 10:38:27: Servidor corriendo sin problemas en el puerto 5176
2026-09-04 17:11:39: ◇ injected env (3) from .env // tip: ⌁ auth for agents [www.vestauth.com]
2026-09-04 17:11:41: Servidor corriendo sin problemas en el puerto 5176
2026-09-04 17:49:35: ◇ injected env (3) from .env // tip: ⌘ enable debugging { debug: true }
2026-09-04 17:49:35: Servidor corriendo sin problemas en el puerto 5176
2026-09-04 17:51:06: ◇ injected env (3) from .env // tip: ⌘ multiple files { path: ['.env.local', '.env'] }
2026-09-04 17:51:06: Servidor corriendo sin problemas en el puerto 5176
2026-09-04 17:51:29: ◇ injected env (3) from .env // tip: ◈ secrets for agents [www.dotenvx.com]
2026-09-04 17:51:30: Servidor corriendo sin problemas en el puerto 5176
2026-09-08 13:36:53: ◇ injected env (3) from .env // tip: ⌘ override existing { override: true }
2026-09-08 13:37:14: Servidor corriendo sin problemas en el puerto 5176
2026-09-12 06:21:14: ◇ injected env (3) from .env // tip: ⌘ multiple files { path: ['.env.local', '.env'] }
2026-09-12 06:21:34: Servidor corriendo sin problemas en el puerto 5176
2026-09-23 14:07:08: ◇ injected env (3) from .env // tip: ◈ encrypted .env [www.dotenvx.com]
2026-09-23 14:07:31: Servidor corriendo sin problemas en el puerto 5176
2026-09-28 10:15:21: {
2026-09-28 10:15:21:   records: [
2026-09-28 10:15:21:     {
2026-09-28 10:15:21:       employeeId: '01100',
2026-09-28 10:15:21:       timestamp: '2026-09-28T09:19:57',
2026-09-28 10:15:21:       serialNumber: '31125',
2026-09-28 10:15:21:       cardNumber: ''
2026-09-28 10:15:21:     },
2026-09-28 10:15:21:     {
2026-09-28 10:15:21:       employeeId: '01100',
2026-09-28 10:15:21:       timestamp: '2026-09-28T09:19:55',
2026-09-28 10:15:21:       serialNumber: '31124',
2026-09-28 10:15:21:       cardNumber: ''
2026-09-28 10:15:21:     },
2026-09-28 10:15:21:     {
2026-09-28 10:15:21:       employeeId: '3042',
2026-09-28 10:15:21:       timestamp: '2026-09-28T09:09:37',
2026-09-28 10:15:21:       serialNumber: '31121',
2026-09-28 10:15:21:       cardNumber: '3042'
2026-09-28 10:15:21:     },
2026-09-28 10:15:21:     {
2026-09-28 10:15:21:       employeeId: '3042',
2026-09-28 10:15:21:       timestamp: '2026-09-28T09:09:35',
2026-09-28 10:15:21:       serialNumber: '31120',
2026-09-28 10:15:21:       cardNumber: '3042'
2026-09-28 10:15:21:     },
2026-09-28 10:15:21:     {
2026-09-28 10:15:21:       employeeId: '3214',
2026-09-28 10:15:21:       timestamp: '2026-09-28T09:09:14',
2026-09-28 10:15:21:       serialNumber: '31117',
2026-09-28 10:15:21:       cardNumber: '3214'
2026-09-28 10:15:21:     },
2026-09-28 10:15:21:     {
2026-09-28 10:15:21:       employeeId: '01345',
2026-09-28 10:15:21:       timestamp: '2026-09-28T09:08:18',
2026-09-28 10:15:21:       serialNumber: '31114',
2026-09-28 10:15:21:       cardNumber: '01345'
2026-09-28 10:15:21:     },
2026-09-28 10:15:21:     {
2026-09-28 10:15:21:       employeeId: '01345',
2026-09-28 10:15:21:       timestamp: '2026-09-28T09:08:17',
2026-09-28 10:15:21:       serialNumber: '31113',
2026-09-28 10:15:21:       cardNumber: '01345'
2026-09-28 10:15:21:     },
2026-09-28 10:15:21:     {
2026-09-28 10:15:21:       employeeId: '3043',
2026-09-28 10:15:21:       timestamp: '2026-09-28T09:05:50',
2026-09-28 10:15:21:       serialNumber: '31110',
2026-09-28 10:15:21:       cardNumber: '3043'
2026-09-28 10:15:21:     },
2026-09-28 10:15:21:     {
2026-09-28 10:15:21:       employeeId: '3043',
2026-09-28 10:15:21:       timestamp: '2026-09-28T09:05:48',
2026-09-28 10:15:21:       serialNumber: '31109',
2026-09-28 10:15:21:       cardNumber: '3043'
2026-09-28 10:15:21:     },
2026-09-28 10:15:21:     {
2026-09-28 10:15:21:       employeeId: '01042',
2026-09-28 10:15:21:       timestamp: '2026-09-28T09:03:58',
2026-09-28 10:15:21:       serialNumber: '31106',
2026-09-28 10:15:21:       cardNumber: '01042'
2026-09-28 10:15:21:     },
2026-09-28 10:15:21:     {
2026-09-28 10:15:21:       employeeId: '01042',
2026-09-28 10:15:21:       timestamp: '2026-09-28T09:03:55',
2026-09-28 10:15:21:       serialNumber: '31104',
2026-09-28 10:15:21:       cardNumber: '01042'
2026-09-28 10:15:21:     },
2026-09-28 10:15:21:     {
2026-09-28 10:15:21:       employeeId: '01042',
2026-09-28 10:15:21:       timestamp: '2026-09-28T09:03:54',
2026-09-28 10:15:21:       serialNumber: '31103',
2026-09-28 10:15:21:       cardNumber: '01042'
2026-09-28 10:15:21:     },
2026-09-28 10:15:21:     {
2026-09-28 10:15:21:       employeeId: '01042',
2026-09-28 10:15:21:       timestamp: '2026-09-28T09:03:53',
2026-09-28 10:15:21:       serialNumber: '31102',
2026-09-28 10:15:21:       cardNumber: '01042'
2026-09-28 10:15:21:     },
2026-09-28 10:15:21:     {
2026-09-28 10:15:21:       employeeId: '0121',
2026-09-28 10:15:21:       timestamp: '2026-09-28T09:02:44',
2026-09-28 10:15:21:       serialNumber: '31098',
2026-09-28 10:15:21:       cardNumber: '0121'
2026-09-28 10:15:21:     },
2026-09-28 10:15:21:     {
2026-09-28 10:15:21:       employeeId: '0121',
2026-09-28 10:15:21:       timestamp: '2026-09-28T09:01:51',
2026-09-28 10:15:21:       serialNumber: '31095',
2026-09-28 10:15:21:       cardNumber: '0121'
2026-09-28 10:15:21:     },
2026-09-28 10:15:21:     {
2026-09-28 10:15:21:       employeeId: '0121',
2026-09-28 10:15:21:       timestamp: '2026-09-28T09:01:48',
2026-09-28 10:15:21:       serialNumber: '31094',
2026-09-28 10:15:21:       cardNumber: '0121'
2026-09-28 10:15:21:     },
2026-09-28 10:15:21:     {
2026-09-28 10:15:21:       employeeId: '3273',
2026-09-28 10:15:21:       timestamp: '2026-09-28T08:32:34',
2026-09-28 10:15:21:       serialNumber: '31091',
2026-09-28 10:15:21:       cardNumber: '3273'
2026-09-28 10:15:21:     },
2026-09-28 10:15:21:     {
2026-09-28 10:15:21:       employeeId: '3273',
2026-09-28 10:15:21:       timestamp: '2026-09-28T08:32:32',
2026-09-28 10:15:21:       serialNumber: '31090',
2026-09-28 10:15:21:       cardNumber: '3273'
2026-09-28 10:15:21:     },
2026-09-28 10:15:21:     {
2026-09-28 10:15:21:       employeeId: '3273',
2026-09-28 10:15:21:       timestamp: '2026-09-28T08:32:31',
2026-09-28 10:15:21:       serialNumber: '31089',
2026-09-28 10:15:21:       cardNumber: '3273'
2026-09-28 10:15:21:     },
2026-09-28 10:15:21:     {
2026-09-28 10:15:21:       employeeId: '3214',
2026-09-28 10:15:21:       timestamp: '2026-09-25T22:31:46',
2026-09-28 10:15:21:       serialNumber: '31086',
2026-09-28 10:15:21:       cardNumber: '3214'
2026-09-28 10:15:21:     },
2026-09-28 10:15:21:     {
2026-09-28 10:15:21:       employeeId: '01042',
2026-09-28 10:15:21:       timestamp: '2026-09-25T18:06:55',
2026-09-28 10:15:21:       serialNumber: '31083',
2026-09-28 10:15:21:       cardNumber: '01042'
2026-09-28 10:15:21:     },
2026-09-28 10:15:21:     {
2026-09-28 10:15:21:       employeeId: '01042',
2026-09-28 10:15:21:       timestamp: '2026-09-25T18:06:53',
2026-09-28 10:15:21:       serialNumber: '31082',
2026-09-28 10:15:21:       cardNumber: '01042'
2026-09-28 10:15:21:     },
2026-09-28 10:15:21:     {
2026-09-28 10:15:21:       employeeId: '01042',
2026-09-28 10:15:21:       timestamp: '2026-09-25T18:06:52',
2026-09-28 10:15:21:       serialNumber: '31081',
2026-09-28 10:15:21:       cardNumber: '01042'
2026-09-28 10:15:21:     },
2026-09-28 10:15:21:     {
2026-09-28 10:15:21:       employeeId: '01100',
2026-09-28 10:15:21:       timestamp: '2026-09-25T18:06:45',
2026-09-28 10:15:21:       serialNumber: '31078',
2026-09-28 10:15:21:       cardNumber: ''
2026-09-28 10:15:21:     },
2026-09-28 10:15:21:     {
2026-09-28 10:15:21:       employeeId: '01100',
2026-09-28 10:15:21:       timestamp: '2026-09-25T18:06:44',
2026-09-28 10:15:21:       serialNumber: '31077',
2026-09-28 10:15:21:       cardNumber: ''
2026-09-28 10:15:21:     },
2026-09-28 10:15:21:     {
2026-09-28 10:15:21:       employeeId: '01100',
2026-09-28 10:15:21:       timestamp: '2026-09-25T18:06:42',
2026-09-28 10:15:21:       serialNumber: '31076',
2026-09-28 10:15:21:       cardNumber: ''
2026-09-28 10:15:21:     },
2026-09-28 10:15:21:     {
2026-09-28 10:15:21:       employeeId: '01100',
2026-09-28 10:15:21:       timestamp: '2026-09-25T09:12:31',
2026-09-28 10:15:21:       serialNumber: '31070',
2026-09-28 10:15:21:       cardNumber: ''
2026-09-28 10:15:21:     },
2026-09-28 10:15:21:     {
2026-09-28 10:15:21:       employeeId: '01100',
2026-09-28 10:15:21:       timestamp: '2026-09-25T09:12:29',
2026-09-28 10:15:21:       serialNumber: '31069',
2026-09-28 10:15:21:       cardNumber: ''
2026-09-28 10:15:21:     },
2026-09-28 10:15:21:     {
2026-09-28 10:15:21:       employeeId: '01042',
2026-09-28 10:15:21:       timestamp: '2026-09-25T08:49:52',
2026-09-28 10:15:21:       serialNumber: '31066',
2026-09-28 10:15:21:       cardNumber: '01042'
2026-09-28 10:15:21:     },
2026-09-28 10:15:21:     {
2026-09-28 10:15:21:       employeeId: '01042',
2026-09-28 10:15:21:       timestamp: '2026-09-25T08:49:51',
2026-09-28 10:15:21:       serialNumber: '31065',
2026-09-28 10:15:21:       cardNumber: '01042'
2026-09-28 10:15:21:     },
2026-09-28 10:15:21:     {
2026-09-28 10:15:21:       employeeId: '01042',
2026-09-28 10:15:21:       timestamp: '2026-09-25T08:49:49',
2026-09-28 10:15:21:       serialNumber: '31064',
2026-09-28 10:15:21:       cardNumber: '01042'
2026-09-28 10:15:21:     },
2026-09-28 10:15:21:     {
2026-09-28 10:15:21:       employeeId: '01042',
2026-09-28 10:15:21:       timestamp: '2026-09-25T08:49:47',
2026-09-28 10:15:21:       serialNumber: '31063',
2026-09-28 10:15:21:       cardNumber: '01042'
2026-09-28 10:15:21:     },
2026-09-28 10:15:21:     {
2026-09-28 10:15:21:       employeeId: '3043',
2026-09-28 10:15:21:       timestamp: '2026-09-25T07:11:14',
2026-09-28 10:15:21:       serialNumber: '31060',
2026-09-28 10:15:21:       cardNumber: '3043'
2026-09-28 10:15:21:     },
2026-09-28 10:15:21:     {
2026-09-28 10:15:21:       employeeId: '3043',
2026-09-28 10:15:21:       timestamp: '2026-09-25T07:11:07',
2026-09-28 10:15:21:       serialNumber: '31056',
2026-09-28 10:15:21:       cardNumber: '3043'
2026-09-28 10:15:21:     },
2026-09-28 10:15:21:     {
2026-09-28 10:15:21:       employeeId: '3214',
2026-09-28 10:15:21:       timestamp: '2026-09-25T07:10:58',
2026-09-28 10:15:21:       serialNumber: '31053',
2026-09-28 10:15:21:       cardNumber: '3214'
2026-09-28 10:15:21:     },
2026-09-28 10:15:21:     {
2026-09-28 10:15:21:       employeeId: '3214',
2026-09-28 10:15:21:       timestamp: '2026-09-24T20:27:04',
2026-09-28 10:15:21:       serialNumber: '31050',
2026-09-28 10:15:21:       cardNumber: '3214'
2026-09-28 10:15:21:     },
2026-09-28 10:15:21:     {
2026-09-28 10:15:21:       employeeId: '01100',
2026-09-28 10:15:21:       timestamp: '2026-09-24T18:27:55',
2026-09-28 10:15:21:       serialNumber: '31046',
2026-09-28 10:15:21:       cardNumber: ''
2026-09-28 10:15:21:     },
2026-09-28 10:15:21:     {
2026-09-28 10:15:21:       employeeId: '01100',
2026-09-28 10:15:21:       timestamp: '2026-09-24T18:27:47',
2026-09-28 10:15:21:       serialNumber: '31043',
2026-09-28 10:15:21:       cardNumber: ''
2026-09-28 10:15:21:     },
2026-09-28 10:15:21:     {
2026-09-28 10:15:21:       employeeId: '01100',
2026-09-28 10:15:21:       timestamp: '2026-09-24T18:27:41',
2026-09-28 10:15:21:       serialNumber: '31040',
2026-09-28 10:15:21:       cardNumber: ''
2026-09-28 10:15:21:     },
2026-09-28 10:15:21:     {
2026-09-28 10:15:21:       employeeId: '3043',
2026-09-28 10:15:21:       timestamp: '2026-09-24T18:06:06',
2026-09-28 10:15:21:       serialNumber: '31036',
2026-09-28 10:15:21:       cardNumber: '3043'
2026-09-28 10:15:21:     },
2026-09-28 10:15:21:     {
2026-09-28 10:15:21:       employeeId: '3043',
2026-09-28 10:15:21:       timestamp: '2026-09-24T18:06:04',
2026-09-28 10:15:21:       serialNumber: '31035',
2026-09-28 10:15:21:       cardNumber: '3043'
2026-09-28 10:15:21:     },
2026-09-28 10:15:21:     {
2026-09-28 10:15:21:       employeeId: '3043',
2026-09-28 10:15:21:       timestamp: '2026-09-24T18:06:03',
2026-09-28 10:15:21:       serialNumber: '31034',
2026-09-28 10:15:21:       cardNumber: '3043'
2026-09-28 10:15:21:     },
2026-09-28 10:15:21:     {
2026-09-28 10:15:21:       employeeId: '01345',
2026-09-28 10:15:21:       timestamp: '2026-09-24T18:06:00',
2026-09-28 10:15:21:       serialNumber: '31033',
2026-09-28 10:15:21:       cardNumber: '01345'
2026-09-28 10:15:21:     },
2026-09-28 10:15:21:     {
2026-09-28 10:15:21:       employeeId: '01345',
2026-09-28 10:15:21:       timestamp: '2026-09-24T18:05:58',
2026-09-28 10:15:21:       serialNumber: '31032',
2026-09-28 10:15:21:       cardNumber: '01345'
2026-09-28 10:15:21:     },
2026-09-28 10:15:21:     {
2026-09-28 10:15:21:       employeeId: '01042',
2026-09-28 10:15:21:       timestamp: '2026-09-24T18:05:55',
2026-09-28 10:15:21:       serialNumber: '31031',
2026-09-28 10:15:21:       cardNumber: '01042'
2026-09-28 10:15:21:     },
2026-09-28 10:15:21:     {
2026-09-28 10:15:21:       employeeId: '01042',
2026-09-28 10:15:21:       timestamp: '2026-09-24T18:05:53',
2026-09-28 10:15:21:       serialNumber: '31030',
2026-09-28 10:15:21:       cardNumber: '01042'
2026-09-28 10:15:21:     },
2026-09-28 10:15:21:     {
2026-09-28 10:15:21:       employeeId: '3042',
2026-09-28 10:15:21:       timestamp: '2026-09-24T18:03:37',
2026-09-28 10:15:21:       serialNumber: '31027',
2026-09-28 10:15:21:       cardNumber: '3042'
2026-09-28 10:15:21:     },
2026-09-28 10:15:21:     {
2026-09-28 10:15:21:       employeeId: '3042',
2026-09-28 10:15:21:       timestamp: '2026-09-24T18:03:35',
2026-09-28 10:15:21:       serialNumber: '31026',
2026-09-28 10:15:21:       cardNumber: '3042'
2026-09-28 10:15:21:     },
2026-09-28 10:15:21:     {
2026-09-28 10:15:21:       employeeId: '0121',
2026-09-28 10:15:21:       timestamp: '2026-09-24T18:03:28',
2026-09-28 10:15:21:       serialNumber: '31023',
2026-09-28 10:15:21:       cardNumber: '0121'
2026-09-28 10:15:21:     },
2026-09-28 10:15:21:     {
2026-09-28 10:15:21:       employeeId: '0121',
2026-09-28 10:15:21:       timestamp: '2026-09-24T18:03:23',
2026-09-28 10:15:21:       serialNumber: '31020',
2026-09-28 10:15:21:       cardNumber: '0121'
2026-09-28 10:15:21:     },
2026-09-28 10:15:21:     {
2026-09-28 10:15:21:       employeeId: '3273',
2026-09-28 10:15:21:       timestamp: '2026-09-24T18:03:13',
2026-09-28 10:15:21:       serialNumber: '31016',
2026-09-28 10:15:21:       cardNumber: '3273'
2026-09-28 10:15:21:     },
2026-09-28 10:15:21:     {
2026-09-28 10:15:21:       employeeId: '3273',
2026-09-28 10:15:21:       timestamp: '2026-09-24T18:03:11',
2026-09-28 10:15:21:       serialNumber: '31015',
2026-09-28 10:15:21:       cardNumber: '3273'
2026-09-28 10:15:21:     },
2026-09-28 10:15:21:     {
2026-09-28 10:15:21:       employeeId: '3273',
2026-09-28 10:15:21:       timestamp: '2026-09-24T18:03:10',
2026-09-28 10:15:21:       serialNumber: '31014',
2026-09-28 10:15:21:       cardNumber: '3273'
2026-09-28 10:15:21:     },
2026-09-28 10:15:21:     {
2026-09-28 10:15:21:       employeeId: '01100',
2026-09-28 10:15:21:       timestamp: '2026-09-24T09:09:23',
2026-09-28 10:15:21:       serialNumber: '31008',
2026-09-28 10:15:21:       cardNumber: ''
2026-09-28 10:15:21:     },
2026-09-28 10:15:21:     {
2026-09-28 10:15:21:       employeeId: '01100',
2026-09-28 10:15:21:       timestamp: '2026-09-24T09:09:21',
2026-09-28 10:15:21:       serialNumber: '31007',
2026-09-28 10:15:21:       cardNumber: ''
2026-09-28 10:15:21:     },
2026-09-28 10:15:21:     {
2026-09-28 10:15:21:       employeeId: '3043',
2026-09-28 10:15:21:       timestamp: '2026-09-24T09:05:54',
2026-09-28 10:15:21:       serialNumber: '31004',
2026-09-28 10:15:21:       cardNumber: '3043'
2026-09-28 10:15:21:     },
2026-09-28 10:15:21:     {
2026-09-28 10:15:21:       employeeId: '3043',
2026-09-28 10:15:21:       timestamp: '2026-09-24T09:05:51',
2026-09-28 10:15:21:       serialNumber: '31003',
2026-09-28 10:15:21:       cardNumber: '3043'
2026-09-28 10:15:21:     },
2026-09-28 10:15:21:     {
2026-09-28 10:15:21:       employeeId: '3043',
2026-09-28 10:15:21:       timestamp: '2026-09-24T09:05:49',
2026-09-28 10:15:21:       serialNumber: '31002',
2026-09-28 10:15:21:       cardNumber: '3043'
2026-09-28 10:15:21:     },
2026-09-28 10:15:21:     {
2026-09-28 10:15:21:       employeeId: '01345',
2026-09-28 10:15:21:       timestamp: '2026-09-24T09:02:06',
2026-09-28 10:15:21:       serialNumber: '30999',
2026-09-28 10:15:21:       cardNumber: '01345'
2026-09-28 10:15:21:     },
2026-09-28 10:15:21:     {
2026-09-28 10:15:21:       employeeId: '01345',
2026-09-28 10:15:21:       timestamp: '2026-09-24T09:02:04',
2026-09-28 10:15:21:       serialNumber: '30998',
2026-09-28 10:15:21:       cardNumber: '01345'
2026-09-28 10:15:21:     },
2026-09-28 10:15:21:     {
2026-09-28 10:15:21:       employeeId: '0121',
2026-09-28 10:15:21:       timestamp: '2026-09-24T08:54:30',
2026-09-28 10:15:21:       serialNumber: '30995',
2026-09-28 10:15:21:       cardNumber: '0121'
2026-09-28 10:15:21:     },
2026-09-28 10:15:21:     {
2026-09-28 10:15:21:       employeeId: '0121',
2026-09-28 10:15:21:       timestamp: '2026-09-24T08:54:26',
2026-09-28 10:15:21:       serialNumber: '30994',
2026-09-28 10:15:21:       cardNumber: '0121'
2026-09-28 10:15:21:     },
2026-09-28 10:15:21:     {
2026-09-28 10:15:21:       employeeId: '3042',
2026-09-28 10:15:21:       timestamp: '2026-09-24T08:53:53',
2026-09-28 10:15:21:       serialNumber: '30991',
2026-09-28 10:15:21:       cardNumber: '3042'
2026-09-28 10:15:21:     },
2026-09-28 10:15:21:     {
2026-09-28 10:15:21:       employeeId: '3042',
2026-09-28 10:15:21:       timestamp: '2026-09-24T08:53:51',
2026-09-28 10:15:21:       serialNumber: '30990',
2026-09-28 10:15:21:       cardNumber: '3042'
2026-09-28 10:15:21:     },
2026-09-28 10:15:21:     {
2026-09-28 10:15:21:       employeeId: '3273',
2026-09-28 10:15:21:       timestamp: '2026-09-24T08:33:39',
2026-09-28 10:15:21:       serialNumber: '30987',
2026-09-28 10:15:21:       cardNumber: '3273'
2026-09-28 10:15:21:     },
2026-09-28 10:15:21:     {
2026-09-28 10:15:21:       employeeId: '3273',
2026-09-28 10:15:21:       timestamp: '2026-09-24T08:33:37',
2026-09-28 10:15:21:       serialNumber: '30986',
2026-09-28 10:15:21:       cardNumber: '3273'
2026-09-28 10:15:21:     },
2026-09-28 10:15:21:     {
2026-09-28 10:15:21:       employeeId: '3273',
2026-09-28 10:15:21:       timestamp: '2026-09-24T08:33:36',
2026-09-28 10:15:21:       serialNumber: '30985',
2026-09-28 10:15:21:       cardNumber: '3273'
2026-09-28 10:15:21:     },
2026-09-28 10:15:21:     {
2026-09-28 10:15:21:       employeeId: '3214',
2026-09-28 10:15:21:       timestamp: '2026-09-23T19:53:42',
2026-09-28 10:15:21:       serialNumber: '30982',
2026-09-28 10:15:21:       cardNumber: '3214'
2026-09-28 10:15:21:     },
2026-09-28 10:15:21:     {
2026-09-28 10:15:21:       employeeId: '3214',
2026-09-28 10:15:21:       timestamp: '2026-09-23T19:53:39',
2026-09-28 10:15:21:       serialNumber: '30981',
2026-09-28 10:15:21:       cardNumber: '3214'
2026-09-28 10:15:21:     },
2026-09-28 10:15:21:     {
2026-09-28 10:15:21:       employeeId: '01100',
2026-09-28 10:15:21:       timestamp: '2026-09-23T18:11:41',
2026-09-28 10:15:21:       serialNumber: '30977',
2026-09-28 10:15:21:       cardNumber: ''
2026-09-28 10:15:21:     },
2026-09-28 10:15:21:     {
2026-09-28 10:15:21:       employeeId: '01100',
2026-09-28 10:15:21:       timestamp: '2026-09-23T18:11:39',
2026-09-28 10:15:21:       serialNumber: '30976',
2026-09-28 10:15:21:       cardNumber: ''
2026-09-28 10:15:21:     },
2026-09-28 10:15:21:     {
2026-09-28 10:15:21:       employeeId: '01345',
2026-09-28 10:15:21:       timestamp: '2026-09-23T18:06:26',
2026-09-28 10:15:21:       serialNumber: '30973',
2026-09-28 10:15:21:       cardNumber: '01345'
2026-09-28 10:15:21:     },
2026-09-28 10:15:21:     {
2026-09-28 10:15:21:       employeeId: '01042',
2026-09-28 10:15:21:       timestamp: '2026-09-23T18:05:42',
2026-09-28 10:15:21:       serialNumber: '30970',
2026-09-28 10:15:21:       cardNumber: '01042'
2026-09-28 10:15:21:     },
2026-09-28 10:15:21:     {
2026-09-28 10:15:21:       employeeId: '01042',
2026-09-28 10:15:21:       timestamp: '2026-09-23T18:05:41',
2026-09-28 10:15:21:       serialNumber: '30969',
2026-09-28 10:15:21:       cardNumber: '01042'
2026-09-28 10:15:21:     },
2026-09-28 10:15:21:     {
2026-09-28 10:15:21:       employeeId: '01042',
2026-09-28 10:15:21:       timestamp: '2026-09-23T18:05:40',
2026-09-28 10:15:21:       serialNumber: '30968',
2026-09-28 10:15:21:       cardNumber: '01042'
2026-09-28 10:15:21:     },
2026-09-28 10:15:21:     {
2026-09-28 10:15:21:       employeeId: '01042',
2026-09-28 10:15:21:       timestamp: '2026-09-23T18:05:38',
2026-09-28 10:15:21:       serialNumber: '30967',
2026-09-28 10:15:21:       cardNumber: '01042'
2026-09-28 10:15:21:     },
2026-09-28 10:15:21:     {
2026-09-28 10:15:21:       employeeId: '3042',
2026-09-28 10:15:21:       timestamp: '2026-09-23T18:05:14',
2026-09-28 10:15:21:       serialNumber: '30964',
2026-09-28 10:15:21:       cardNumber: '3042'
2026-09-28 10:15:21:     },
2026-09-28 10:15:21:     {
2026-09-28 10:15:21:       employeeId: '3042',
2026-09-28 10:15:21:       timestamp: '2026-09-23T18:05:12',
2026-09-28 10:15:21:       serialNumber: '30963',
2026-09-28 10:15:21:       cardNumber: '3042'
2026-09-28 10:15:21:     },
2026-09-28 10:15:21:     {
2026-09-28 10:15:21:       employeeId: '0121',
2026-09-28 10:15:21:       timestamp: '2026-09-23T18:04:41',
2026-09-28 10:15:21:       serialNumber: '30960',
2026-09-28 10:15:21:       cardNumber: '0121'
2026-09-28 10:15:21:     },
2026-09-28 10:15:21:     {
2026-09-28 10:15:21:       employeeId: '0121',
2026-09-28 10:15:21:       timestamp: '2026-09-23T18:04:34',
2026-09-28 10:15:21:       serialNumber: '30956',
2026-09-28 10:15:21:       cardNumber: '0121'
2026-09-28 10:15:21:     },
2026-09-28 10:15:21:     {
2026-09-28 10:15:21:       employeeId: '3273',
2026-09-28 10:15:21:       timestamp: '2026-09-23T18:04:06',
2026-09-28 10:15:21:       serialNumber: '30952',
2026-09-28 10:15:21:       cardNumber: '3273'
2026-09-28 10:15:21:     },
2026-09-28 10:15:21:     {
2026-09-28 10:15:21:       employeeId: '3273',
2026-09-28 10:15:21:       timestamp: '2026-09-23T18:04:05',
2026-09-28 10:15:21:       serialNumber: '30951',
2026-09-28 10:15:21:       cardNumber: '3273'
2026-09-28 10:15:21:     },
2026-09-28 10:15:21:     {
2026-09-28 10:15:21:       employeeId: '3273',
2026-09-28 10:15:21:       timestamp: '2026-09-23T18:04:03',
2026-09-28 10:15:21:       serialNumber: '30950',
2026-09-28 10:15:21:       cardNumber: '3273'
2026-09-28 10:15:21:     },
2026-09-28 10:15:21:     {
2026-09-28 10:15:21:       employeeId: '01042',
2026-09-28 10:15:21:       timestamp: '2026-09-23T09:09:26',
2026-09-28 10:15:21:       serialNumber: '30908',
2026-09-28 10:15:21:       cardNumber: '01042'
2026-09-28 10:15:21:     },
2026-09-28 10:15:21:     {
2026-09-28 10:15:21:       employeeId: '01042',
2026-09-28 10:15:21:       timestamp: '2026-09-23T09:09:21',
2026-09-28 10:15:21:       serialNumber: '30905',
2026-09-28 10:15:21:       cardNumber: '01042'
2026-09-28 10:15:21:     },
2026-09-28 10:15:21:     {
2026-09-28 10:15:21:       employeeId: '01042',
2026-09-28 10:15:21:       timestamp: '2026-09-23T09:09:19',
2026-09-28 10:15:21:       serialNumber: '30904',
2026-09-28 10:15:21:       cardNumber: '01042'
2026-09-28 10:15:21:     },
2026-09-28 10:15:21:     {
2026-09-28 10:15:21:       employeeId: '01042',
2026-09-28 10:15:21:       timestamp: '2026-09-23T09:09:18',
2026-09-28 10:15:21:       serialNumber: '30903',
2026-09-28 10:15:21:       cardNumber: '01042'
2026-09-28 10:15:21:     },
2026-09-28 10:15:21:     {
2026-09-28 10:15:21:       employeeId: '3043',
2026-09-28 10:15:21:       timestamp: '2026-09-23T09:06:38',
2026-09-28 10:15:21:       serialNumber: '30900',
2026-09-28 10:15:21:       cardNumber: '3043'
2026-09-28 10:15:21:     },
2026-09-28 10:15:21:     {
2026-09-28 10:15:21:       employeeId: '3043',
2026-09-28 10:15:21:       timestamp: '2026-09-23T09:06:36',
2026-09-28 10:15:21:       serialNumber: '30899',
2026-09-28 10:15:21:       cardNumber: '3043'
2026-09-28 10:15:21:     },
2026-09-28 10:15:21:     {
2026-09-28 10:15:21:       employeeId: '3043',
2026-09-28 10:15:21:       timestamp: '2026-09-23T09:06:35',
2026-09-28 10:15:21:       serialNumber: '30898',
2026-09-28 10:15:21:       cardNumber: '3043'
2026-09-28 10:15:21:     },
2026-09-28 10:15:21:     {
2026-09-28 10:15:21:       employeeId: '01100',
2026-09-28 10:15:21:       timestamp: '2026-09-23T09:05:29',
2026-09-28 10:15:21:       serialNumber: '30895',
2026-09-28 10:15:21:       cardNumber: ''
2026-09-28 10:15:21:     },
2026-09-28 10:15:21:     {
2026-09-28 10:15:21:       employeeId: '01100',
2026-09-28 10:15:21:       timestamp: '2026-09-23T09:05:28',
2026-09-28 10:15:21:       serialNumber: '30894',
2026-09-28 10:15:21:       cardNumber: ''
2026-09-28 10:15:21:     },
2026-09-28 10:15:21:     {
2026-09-28 10:15:21:       employeeId: '01100',
2026-09-28 10:15:21:       timestamp: '2026-09-23T09:05:26',
2026-09-28 10:15:21:       serialNumber: '30893',
2026-09-28 10:15:21:       cardNumber: ''
2026-09-28 10:15:21:     },
2026-09-28 10:15:21:     {
2026-09-28 10:15:21:       employeeId: '01345',
2026-09-28 10:15:21:       timestamp: '2026-09-23T09:01:30',
2026-09-28 10:15:21:       serialNumber: '30890',
2026-09-28 10:15:21:       cardNumber: '01345'
2026-09-28 10:15:21:     },
2026-09-28 10:15:21:     {
2026-09-28 10:15:21:       employeeId: '01345',
2026-09-28 10:15:21:       timestamp: '2026-09-23T09:01:28',
2026-09-28 10:15:21:       serialNumber: '30889',
2026-09-28 10:15:21:       cardNumber: '01345'
2026-09-28 10:15:21:     },
2026-09-28 10:15:21:     {
2026-09-28 10:15:21:       employeeId: '0121',
2026-09-28 10:15:21:       timestamp: '2026-09-23T08:58:30',
2026-09-28 10:15:21:       serialNumber: '30886',
2026-09-28 10:15:21:       cardNumber: '0121'
2026-09-28 10:15:21:     },
2026-09-28 10:15:21:     {
2026-09-28 10:15:21:       employeeId: '0121',
2026-09-28 10:15:21:       timestamp: '2026-09-23T08:58:28',
2026-09-28 10:15:21:       serialNumber: '30885',
2026-09-28 10:15:21:       cardNumber: '0121'
2026-09-28 10:15:21:     },
2026-09-28 10:15:21:     {
2026-09-28 10:15:21:       employeeId: '3042',
2026-09-28 10:15:21:       timestamp: '2026-09-23T08:51:30',
2026-09-28 10:15:21:       serialNumber: '30882',
2026-09-28 10:15:21:       cardNumber: '3042'
2026-09-28 10:15:21:     },
2026-09-28 10:15:21:     {
2026-09-28 10:15:21:       employeeId: '3042',
2026-09-28 10:15:21:       timestamp: '2026-09-23T08:51:28',
2026-09-28 10:15:21:       serialNumber: '30881',
2026-09-28 10:15:21:       cardNumber: '3042'
2026-09-28 10:15:21:     },
2026-09-28 10:15:21:     {
2026-09-28 10:15:21:       employeeId: '3273',
2026-09-28 10:15:21:       timestamp: '2026-09-23T08:39:44',
2026-09-28 10:15:21:       serialNumber: '30878',
2026-09-28 10:15:21:       cardNumber: '3273'
2026-09-28 10:15:21:     }
2026-09-28 10:15:21:   ],
2026-09-28 10:15:21:   source: 'app-manual',
2026-09-28 10:15:21:   clockIp: '172.17.102.31',
2026-09-28 10:15:21:   clockName: 'TECNOLOGIAS',
2026-09-28 10:15:21:   syncDate: '2026-09-28T16:15:20.159Z'
2026-09-28 10:15:21: }
2026-09-28 10:15:44: {
2026-09-28 10:15:44:   records: [
2026-09-28 10:15:44:     {
2026-09-28 10:15:44:       employeeId: '3273',
2026-09-28 10:15:44:       timestamp: '2026-09-23T08:39:43',
2026-09-28 10:15:44:       serialNumber: '30877',
2026-09-28 10:15:44:       cardNumber: '3273'
2026-09-28 10:15:44:     },
2026-09-28 10:15:44:     {
2026-09-28 10:15:44:       employeeId: '3273',
2026-09-28 10:15:44:       timestamp: '2026-09-23T08:39:40',
2026-09-28 10:15:44:       serialNumber: '30875',
2026-09-28 10:15:44:       cardNumber: '3273'
2026-09-28 10:15:44:     },
2026-09-28 10:15:44:     {
2026-09-28 10:15:44:       employeeId: '3214',
2026-09-28 10:15:44:       timestamp: '2026-09-23T07:09:08',
2026-09-28 10:15:44:       serialNumber: '30872',
2026-09-28 10:15:44:       cardNumber: '3214'
2026-09-28 10:15:44:     },
2026-09-28 10:15:44:     {
2026-09-28 10:15:44:       employeeId: '3214',
2026-09-28 10:15:44:       timestamp: '2026-09-22T20:03:30',
2026-09-28 10:15:44:       serialNumber: '30869',
2026-09-28 10:15:44:       cardNumber: '3214'
2026-09-28 10:15:44:     },
2026-09-28 10:15:44:     {
2026-09-28 10:15:44:       employeeId: '01100',
2026-09-28 10:15:44:       timestamp: '2026-09-22T18:23:54',
2026-09-28 10:15:44:       serialNumber: '30866',
2026-09-28 10:15:44:       cardNumber: ''
2026-09-28 10:15:44:     },
2026-09-28 10:15:44:     {
2026-09-28 10:15:44:       employeeId: '01100',
2026-09-28 10:15:44:       timestamp: '2026-09-22T18:23:53',
2026-09-28 10:15:44:       serialNumber: '30865',
2026-09-28 10:15:44:       cardNumber: ''
2026-09-28 10:15:44:     },
2026-09-28 10:15:44:     {
2026-09-28 10:15:44:       employeeId: '3043',
2026-09-28 10:15:44:       timestamp: '2026-09-22T18:19:35',
2026-09-28 10:15:44:       serialNumber: '30862',
2026-09-28 10:15:44:       cardNumber: '3043'
2026-09-28 10:15:44:     },
2026-09-28 10:15:44:     {
2026-09-28 10:15:44:       employeeId: '3043',
2026-09-28 10:15:44:       timestamp: '2026-09-22T18:19:32',
2026-09-28 10:15:44:       serialNumber: '30861',
2026-09-28 10:15:44:       cardNumber: '3043'
2026-09-28 10:15:44:     },
2026-09-28 10:15:44:     {
2026-09-28 10:15:44:       employeeId: '3043',
2026-09-28 10:15:44:       timestamp: '2026-09-22T18:19:31',
2026-09-28 10:15:44:       serialNumber: '30860',
2026-09-28 10:15:44:       cardNumber: '3043'
2026-09-28 10:15:44:     },
2026-09-28 10:15:44:     {
2026-09-28 10:15:44:       employeeId: '3042',
2026-09-28 10:15:44:       timestamp: '2026-09-22T18:05:46',
2026-09-28 10:15:44:       serialNumber: '30857',
2026-09-28 10:15:44:       cardNumber: '3042'
2026-09-28 10:15:44:     },
2026-09-28 10:15:44:     {
2026-09-28 10:15:44:       employeeId: '3042',
2026-09-28 10:15:44:       timestamp: '2026-09-22T18:05:44',
2026-09-28 10:15:44:       serialNumber: '30856',
2026-09-28 10:15:44:       cardNumber: '3042'
2026-09-28 10:15:44:     },
2026-09-28 10:15:44:     {
2026-09-28 10:15:44:       employeeId: '01345',
2026-09-28 10:15:44:       timestamp: '2026-09-22T18:05:38',
2026-09-28 10:15:44:       serialNumber: '30852',
2026-09-28 10:15:44:       cardNumber: '01345'
2026-09-28 10:15:44:     },
2026-09-28 10:15:44:     {
2026-09-28 10:15:44:       employeeId: '01345',
2026-09-28 10:15:44:       timestamp: '2026-09-22T18:05:36',
2026-09-28 10:15:44:       serialNumber: '30851',
2026-09-28 10:15:44:       cardNumber: '01345'
2026-09-28 10:15:44:     },
2026-09-28 10:15:44:     {
2026-09-28 10:15:44:       employeeId: '01042',
2026-09-28 10:15:44:       timestamp: '2026-09-22T18:05:35',
2026-09-28 10:15:44:       serialNumber: '30850',
2026-09-28 10:15:44:       cardNumber: '01042'
2026-09-28 10:15:44:     },
2026-09-28 10:15:44:     {
2026-09-28 10:15:44:       employeeId: '01042',
2026-09-28 10:15:44:       timestamp: '2026-09-22T18:05:32',
2026-09-28 10:15:44:       serialNumber: '30849',
2026-09-28 10:15:44:       cardNumber: '01042'
2026-09-28 10:15:44:     },
2026-09-28 10:15:44:     {
2026-09-28 10:15:44:       employeeId: '01042',
2026-09-28 10:15:44:       timestamp: '2026-09-22T18:05:31',
2026-09-28 10:15:44:       serialNumber: '30848',
2026-09-28 10:15:44:       cardNumber: '01042'
2026-09-28 10:15:44:     },
2026-09-28 10:15:44:     {
2026-09-28 10:15:44:       employeeId: '0121',
2026-09-28 10:15:44:       timestamp: '2026-09-22T18:05:22',
2026-09-28 10:15:44:       serialNumber: '30845',
2026-09-28 10:15:44:       cardNumber: '0121'
2026-09-28 10:15:44:     },
2026-09-28 10:15:44:     {
2026-09-28 10:15:44:       employeeId: '0121',
2026-09-28 10:15:44:       timestamp: '2026-09-22T18:05:19',
2026-09-28 10:15:44:       serialNumber: '30844',
2026-09-28 10:15:44:       cardNumber: '0121'
2026-09-28 10:15:44:     },
2026-09-28 10:15:44:     {
2026-09-28 10:15:44:       employeeId: '3273',
2026-09-28 10:15:44:       timestamp: '2026-09-22T18:02:53',
2026-09-28 10:15:44:       serialNumber: '30839',
2026-09-28 10:15:44:       cardNumber: '3273'
2026-09-28 10:15:44:     },
2026-09-28 10:15:44:     {
2026-09-28 10:15:44:       employeeId: '3273',
2026-09-28 10:15:44:       timestamp: '2026-09-22T18:02:52',
2026-09-28 10:15:44:       serialNumber: '30838',
2026-09-28 10:15:44:       cardNumber: '3273'
2026-09-28 10:15:44:     },
2026-09-28 10:15:44:     {
2026-09-28 10:15:44:       employeeId: '3273',
2026-09-28 10:15:44:       timestamp: '2026-09-22T18:02:51',
2026-09-28 10:15:44:       serialNumber: '30837',
2026-09-28 10:15:44:       cardNumber: '3273'
2026-09-28 10:15:44:     },
2026-09-28 10:15:44:     {
2026-09-28 10:15:44:       employeeId: '01042',
2026-09-28 10:15:44:       timestamp: '2026-09-22T09:11:33',
2026-09-28 10:15:44:       serialNumber: '30831',
2026-09-28 10:15:44:       cardNumber: '01042'
2026-09-28 10:15:44:     },
2026-09-28 10:15:44:     {
2026-09-28 10:15:44:       employeeId: '01042',
2026-09-28 10:15:44:       timestamp: '2026-09-22T09:11:30',
2026-09-28 10:15:44:       serialNumber: '30830',
2026-09-28 10:15:44:       cardNumber: '01042'
2026-09-28 10:15:44:     },
2026-09-28 10:15:44:     {
2026-09-28 10:15:44:       employeeId: '01042',
2026-09-28 10:15:44:       timestamp: '2026-09-22T09:11:28',
2026-09-28 10:15:44:       serialNumber: '30829',
2026-09-28 10:15:44:       cardNumber: '01042'
2026-09-28 10:15:44:     },
2026-09-28 10:15:44:     {
2026-09-28 10:15:44:       employeeId: '01042',
2026-09-28 10:15:44:       timestamp: '2026-09-22T09:11:27',
2026-09-28 10:15:44:       serialNumber: '30828',
2026-09-28 10:15:44:       cardNumber: '01042'
2026-09-28 10:15:44:     },
2026-09-28 10:15:44:     {
2026-09-28 10:15:44:       employeeId: '01345',
2026-09-28 10:15:44:       timestamp: '2026-09-22T09:07:26',
2026-09-28 10:15:44:       serialNumber: '30825',
2026-09-28 10:15:44:       cardNumber: '01345'
2026-09-28 10:15:44:     },
2026-09-28 10:15:44:     {
2026-09-28 10:15:44:       employeeId: '01345',
2026-09-28 10:15:44:       timestamp: '2026-09-22T09:07:24',
2026-09-28 10:15:44:       serialNumber: '30824',
2026-09-28 10:15:44:       cardNumber: '01345'
2026-09-28 10:15:44:     },
2026-09-28 10:15:44:     {
2026-09-28 10:15:44:       employeeId: '3043',
2026-09-28 10:15:44:       timestamp: '2026-09-22T09:06:58',
2026-09-28 10:15:44:       serialNumber: '30821',
2026-09-28 10:15:44:       cardNumber: '3043'
2026-09-28 10:15:44:     },
2026-09-28 10:15:44:     {
2026-09-28 10:15:44:       employeeId: '3043',
2026-09-28 10:15:44:       timestamp: '2026-09-22T09:06:56',
2026-09-28 10:15:44:       serialNumber: '30820',
2026-09-28 10:15:44:       cardNumber: '3043'
2026-09-28 10:15:44:     },
2026-09-28 10:15:44:     {
2026-09-28 10:15:44:       employeeId: '3043',
2026-09-28 10:15:44:       timestamp: '2026-09-22T09:06:54',
2026-09-28 10:15:44:       serialNumber: '30819',
2026-09-28 10:15:44:       cardNumber: '3043'
2026-09-28 10:15:44:     },
2026-09-28 10:15:44:     {
2026-09-28 10:15:44:       employeeId: '01100',
2026-09-28 10:15:44:       timestamp: '2026-09-22T09:06:33',
2026-09-28 10:15:44:       serialNumber: '30816',
2026-09-28 10:15:44:       cardNumber: ''
2026-09-28 10:15:44:     },
2026-09-28 10:15:44:     {
2026-09-28 10:15:44:       employeeId: '01100',
2026-09-28 10:15:44:       timestamp: '2026-09-22T09:06:31',
2026-09-28 10:15:44:       serialNumber: '30815',
2026-09-28 10:15:44:       cardNumber: ''
2026-09-28 10:15:44:     },
2026-09-28 10:15:44:     {
2026-09-28 10:15:44:       employeeId: '01100',
2026-09-28 10:15:44:       timestamp: '2026-09-22T09:06:30',
2026-09-28 10:15:44:       serialNumber: '30814',
2026-09-28 10:15:44:       cardNumber: ''
2026-09-28 10:15:44:     },
2026-09-28 10:15:44:     {
2026-09-28 10:15:44:       employeeId: '0121',
2026-09-28 10:15:44:       timestamp: '2026-09-22T08:55:45',
2026-09-28 10:15:44:       serialNumber: '30811',
2026-09-28 10:15:44:       cardNumber: '0121'
2026-09-28 10:15:44:     },
2026-09-28 10:15:44:     {
2026-09-28 10:15:44:       employeeId: '0121',
2026-09-28 10:15:44:       timestamp: '2026-09-22T08:55:43',
2026-09-28 10:15:44:       serialNumber: '30810',
2026-09-28 10:15:44:       cardNumber: '0121'
2026-09-28 10:15:44:     },
2026-09-28 10:15:44:     {
2026-09-28 10:15:44:       employeeId: '3042',
2026-09-28 10:15:44:       timestamp: '2026-09-22T08:46:03',
2026-09-28 10:15:44:       serialNumber: '30807',
2026-09-28 10:15:44:       cardNumber: '3042'
2026-09-28 10:15:44:     },
2026-09-28 10:15:44:     {
2026-09-28 10:15:44:       employeeId: '3042',
2026-09-28 10:15:44:       timestamp: '2026-09-22T08:46:01',
2026-09-28 10:15:44:       serialNumber: '30806',
2026-09-28 10:15:44:       cardNumber: '3042'
2026-09-28 10:15:44:     },
2026-09-28 10:15:44:     {
2026-09-28 10:15:44:       employeeId: '3273',
2026-09-28 10:15:44:       timestamp: '2026-09-22T08:36:22',
2026-09-28 10:15:44:       serialNumber: '30803',
2026-09-28 10:15:44:       cardNumber: '3273'
2026-09-28 10:15:44:     },
2026-09-28 10:15:44:     {
2026-09-28 10:15:44:       employeeId: '3273',
2026-09-28 10:15:44:       timestamp: '2026-09-22T08:36:21',
2026-09-28 10:15:44:       serialNumber: '30802',
2026-09-28 10:15:44:       cardNumber: '3273'
2026-09-28 10:15:44:     },
2026-09-28 10:15:44:     {
2026-09-28 10:15:44:       employeeId: '3273',
2026-09-28 10:15:44:       timestamp: '2026-09-22T08:36:20',
2026-09-28 10:15:44:       serialNumber: '30801',
2026-09-28 10:15:44:       cardNumber: '3273'
2026-09-28 10:15:44:     },
2026-09-28 10:15:44:     {
2026-09-28 10:15:44:       employeeId: '3273',
2026-09-28 10:15:44:       timestamp: '2026-09-22T08:23:32',
2026-09-28 10:15:44:       serialNumber: '30798',
2026-09-28 10:15:44:       cardNumber: '3273'
2026-09-28 10:15:44:     },
2026-09-28 10:15:44:     {
2026-09-28 10:15:44:       employeeId: '3214',
2026-09-28 10:15:44:       timestamp: '2026-09-22T07:19:46',
2026-09-28 10:15:44:       serialNumber: '30795',
2026-09-28 10:15:44:       cardNumber: '3214'
2026-09-28 10:15:44:     },
2026-09-28 10:15:44:     {
2026-09-28 10:15:44:       employeeId: '3214',
2026-09-28 10:15:44:       timestamp: '2026-09-21T18:54:53',
2026-09-28 10:15:44:       serialNumber: '30792',
2026-09-28 10:15:44:       cardNumber: '3214'
2026-09-28 10:15:44:     },
2026-09-28 10:15:44:     {
2026-09-28 10:15:44:       employeeId: '01100',
2026-09-28 10:15:44:       timestamp: '2026-09-21T18:22:14',
2026-09-28 10:15:44:       serialNumber: '30789',
2026-09-28 10:15:44:       cardNumber: ''
2026-09-28 10:15:44:     },
2026-09-28 10:15:44:     {
2026-09-28 10:15:44:       employeeId: '01100',
2026-09-28 10:15:44:       timestamp: '2026-09-21T18:22:13',
2026-09-28 10:15:44:       serialNumber: '30788',
2026-09-28 10:15:44:       cardNumber: ''
2026-09-28 10:15:44:     },
2026-09-28 10:15:44:     {
2026-09-28 10:15:44:       employeeId: '01100',
2026-09-28 10:15:44:       timestamp: '2026-09-21T18:22:12',
2026-09-28 10:15:44:       serialNumber: '30787',
2026-09-28 10:15:44:       cardNumber: ''
2026-09-28 10:15:44:     },
2026-09-28 10:15:44:     {
2026-09-28 10:15:44:       employeeId: '01345',
2026-09-28 10:15:44:       timestamp: '2026-09-21T18:04:43',
2026-09-28 10:15:44:       serialNumber: '30784',
2026-09-28 10:15:44:       cardNumber: '01345'
2026-09-28 10:15:44:     },
2026-09-28 10:15:44:     {
2026-09-28 10:15:44:       employeeId: '01345',
2026-09-28 10:15:44:       timestamp: '2026-09-21T18:04:40',
2026-09-28 10:15:44:       serialNumber: '30783',
2026-09-28 10:15:44:       cardNumber: '01345'
2026-09-28 10:15:44:     },
2026-09-28 10:15:44:     {
2026-09-28 10:15:44:       employeeId: '01042',
2026-09-28 10:15:44:       timestamp: '2026-09-21T18:04:38',
2026-09-28 10:15:44:       serialNumber: '30782',
2026-09-28 10:15:44:       cardNumber: '01042'
2026-09-28 10:15:44:     },
2026-09-28 10:15:44:     {
2026-09-28 10:15:44:       employeeId: '01042',
2026-09-28 10:15:44:       timestamp: '2026-09-21T18:04:36',
2026-09-28 10:15:44:       serialNumber: '30781',
2026-09-28 10:15:44:       cardNumber: '01042'
2026-09-28 10:15:44:     },
2026-09-28 10:15:44:     {
2026-09-28 10:15:44:       employeeId: '01042',
2026-09-28 10:15:44:       timestamp: '2026-09-21T18:04:34',
2026-09-28 10:15:44:       serialNumber: '30780',
2026-09-28 10:15:44:       cardNumber: '01042'
2026-09-28 10:15:44:     },
2026-09-28 10:15:44:     {
2026-09-28 10:15:44:       employeeId: '0121',
2026-09-28 10:15:44:       timestamp: '2026-09-21T18:04:29',
2026-09-28 10:15:44:       serialNumber: '30779',
2026-09-28 10:15:44:       cardNumber: '0121'
2026-09-28 10:15:44:     },
2026-09-28 10:15:44:     {
2026-09-28 10:15:44:       employeeId: '0121',
2026-09-28 10:15:44:       timestamp: '2026-09-21T18:04:26',
2026-09-28 10:15:44:       serialNumber: '30778',
2026-09-28 10:15:44:       cardNumber: '0121'
2026-09-28 10:15:44:     },
2026-09-28 10:15:44:     {
2026-09-28 10:15:44:       employeeId: '3042',
2026-09-28 10:15:44:       timestamp: '2026-09-21T18:04:20',
2026-09-28 10:15:44:       serialNumber: '30775',
2026-09-28 10:15:44:       cardNumber: '3042'
2026-09-28 10:15:44:     },
2026-09-28 10:15:44:     {
2026-09-28 10:15:44:       employeeId: '3042',
2026-09-28 10:15:44:       timestamp: '2026-09-21T18:04:18',
2026-09-28 10:15:44:       serialNumber: '30774',
2026-09-28 10:15:44:       cardNumber: '3042'
2026-09-28 10:15:44:     },
2026-09-28 10:15:44:     {
2026-09-28 10:15:44:       employeeId: '3043',
2026-09-28 10:15:44:       timestamp: '2026-09-21T18:04:03',
2026-09-28 10:15:44:       serialNumber: '30771',
2026-09-28 10:15:44:       cardNumber: '3043'
2026-09-28 10:15:44:     },
2026-09-28 10:15:44:     {
2026-09-28 10:15:44:       employeeId: '3043',
2026-09-28 10:15:44:       timestamp: '2026-09-21T18:04:01',
2026-09-28 10:15:44:       serialNumber: '30770',
2026-09-28 10:15:44:       cardNumber: '3043'
2026-09-28 10:15:44:     },
2026-09-28 10:15:44:     {
2026-09-28 10:15:44:       employeeId: '3043',
2026-09-28 10:15:44:       timestamp: '2026-09-21T18:03:57',
2026-09-28 10:15:44:       serialNumber: '30769',
2026-09-28 10:15:44:       cardNumber: '3043'
2026-09-28 10:15:44:     },
2026-09-28 10:15:44:     {
2026-09-28 10:15:44:       employeeId: '3273',
2026-09-28 10:15:44:       timestamp: '2026-09-21T18:03:56',
2026-09-28 10:15:44:       serialNumber: '30768',
2026-09-28 10:15:44:       cardNumber: '3273'
2026-09-28 10:15:44:     },
2026-09-28 10:15:44:     {
2026-09-28 10:15:44:       employeeId: '3273',
2026-09-28 10:15:44:       timestamp: '2026-09-21T18:03:54',
2026-09-28 10:15:44:       serialNumber: '30767',
2026-09-28 10:15:44:       cardNumber: '3273'
2026-09-28 10:15:44:     },
2026-09-28 10:15:44:     {
2026-09-28 10:15:44:       employeeId: '3273',
2026-09-28 10:15:44:       timestamp: '2026-09-21T18:03:53',
2026-09-28 10:15:44:       serialNumber: '30766',
2026-09-28 10:15:44:       cardNumber: '3273'
2026-09-28 10:15:44:     },
2026-09-28 10:15:44:     {
2026-09-28 10:15:44:       employeeId: '01100',
2026-09-28 10:15:44:       timestamp: '2026-09-21T09:08:48',
2026-09-28 10:15:44:       serialNumber: '30735',
2026-09-28 10:15:44:       cardNumber: ''
2026-09-28 10:15:44:     },
2026-09-28 10:15:44:     {
2026-09-28 10:15:44:       employeeId: '01100',
2026-09-28 10:15:44:       timestamp: '2026-09-21T09:08:45',
2026-09-28 10:15:44:       serialNumber: '30734',
2026-09-28 10:15:44:       cardNumber: ''
2026-09-28 10:15:44:     },
2026-09-28 10:15:44:     {
2026-09-28 10:15:44:       employeeId: '3043',
2026-09-28 10:15:44:       timestamp: '2026-09-21T09:07:47',
2026-09-28 10:15:44:       serialNumber: '30731',
2026-09-28 10:15:44:       cardNumber: '3043'
2026-09-28 10:15:44:     },
2026-09-28 10:15:44:     {
2026-09-28 10:15:44:       employeeId: '3043',
2026-09-28 10:15:44:       timestamp: '2026-09-21T09:07:37',
2026-09-28 10:15:44:       serialNumber: '30728',
2026-09-28 10:15:44:       cardNumber: '3043'
2026-09-28 10:15:44:     },
2026-09-28 10:15:44:     {
2026-09-28 10:15:44:       employeeId: '3043',
2026-09-28 10:15:44:       timestamp: '2026-09-21T09:07:36',
2026-09-28 10:15:44:       serialNumber: '30727',
2026-09-28 10:15:44:       cardNumber: '3043'
2026-09-28 10:15:44:     },
2026-09-28 10:15:44:     {
2026-09-28 10:15:44:       employeeId: '01042',
2026-09-28 10:15:44:       timestamp: '2026-09-21T09:06:32',
2026-09-28 10:15:44:       serialNumber: '30724',
2026-09-28 10:15:44:       cardNumber: '01042'
2026-09-28 10:15:44:     },
2026-09-28 10:15:44:     {
2026-09-28 10:15:44:       employeeId: '01042',
2026-09-28 10:15:44:       timestamp: '2026-09-21T09:06:31',
2026-09-28 10:15:44:       serialNumber: '30723',
2026-09-28 10:15:44:       cardNumber: '01042'
2026-09-28 10:15:44:     },
2026-09-28 10:15:44:     {
2026-09-28 10:15:44:       employeeId: '01042',
2026-09-28 10:15:44:       timestamp: '2026-09-21T09:06:29',
2026-09-28 10:15:44:       serialNumber: '30722',
2026-09-28 10:15:44:       cardNumber: '01042'
2026-09-28 10:15:44:     },
2026-09-28 10:15:44:     {
2026-09-28 10:15:44:       employeeId: '01042',
2026-09-28 10:15:44:       timestamp: '2026-09-21T09:06:27',
2026-09-28 10:15:44:       serialNumber: '30721',
2026-09-28 10:15:44:       cardNumber: '01042'
2026-09-28 10:15:44:     },
2026-09-28 10:15:44:     {
2026-09-28 10:15:44:       employeeId: '01042',
2026-09-28 10:15:44:       timestamp: '2026-09-21T09:06:25',
2026-09-28 10:15:44:       serialNumber: '30720',
2026-09-28 10:15:44:       cardNumber: '01042'
2026-09-28 10:15:44:     },
2026-09-28 10:15:44:     {
2026-09-28 10:15:44:       employeeId: '01042',
2026-09-28 10:15:44:       timestamp: '2026-09-21T09:06:24',
2026-09-28 10:15:44:       serialNumber: '30719',
2026-09-28 10:15:44:       cardNumber: '01042'
2026-09-28 10:15:44:     },
2026-09-28 10:15:44:     {
2026-09-28 10:15:44:       employeeId: '01042',
2026-09-28 10:15:44:       timestamp: '2026-09-21T09:06:22',
2026-09-28 10:15:44:       serialNumber: '30718',
2026-09-28 10:15:44:       cardNumber: '01042'
2026-09-28 10:15:44:     },
2026-09-28 10:15:44:     {
2026-09-28 10:15:44:       employeeId: '01345',
2026-09-28 10:15:44:       timestamp: '2026-09-21T09:04:43',
2026-09-28 10:15:44:       serialNumber: '30714',
2026-09-28 10:15:44:       cardNumber: '01345'
2026-09-28 10:15:44:     },
2026-09-28 10:15:44:     {
2026-09-28 10:15:44:       employeeId: '01345',
2026-09-28 10:15:44:       timestamp: '2026-09-21T09:04:41',
2026-09-28 10:15:44:       serialNumber: '30713',
2026-09-28 10:15:44:       cardNumber: '01345'
2026-09-28 10:15:44:     },
2026-09-28 10:15:44:     {
2026-09-28 10:15:44:       employeeId: '0121',
2026-09-28 10:15:44:       timestamp: '2026-09-21T09:00:07',
2026-09-28 10:15:44:       serialNumber: '30710',
2026-09-28 10:15:44:       cardNumber: '0121'
2026-09-28 10:15:44:     },
2026-09-28 10:15:44:     {
2026-09-28 10:15:44:       employeeId: '0121',
2026-09-28 10:15:44:       timestamp: '2026-09-21T08:59:59',
2026-09-28 10:15:44:       serialNumber: '30706',
2026-09-28 10:15:44:       cardNumber: '0121'
2026-09-28 10:15:44:     },
2026-09-28 10:15:44:     {
2026-09-28 10:15:44:       employeeId: '3042',
2026-09-28 10:15:44:       timestamp: '2026-09-21T08:46:02',
2026-09-28 10:15:44:       serialNumber: '30703',
2026-09-28 10:15:44:       cardNumber: '3042'
2026-09-28 10:15:44:     },
2026-09-28 10:15:44:     {
2026-09-28 10:15:44:       employeeId: '3042',
2026-09-28 10:15:44:       timestamp: '2026-09-21T08:45:57',
2026-09-28 10:15:44:       serialNumber: '30701',
2026-09-28 10:15:44:       cardNumber: '3042'
2026-09-28 10:15:44:     },
2026-09-28 10:15:44:     {
2026-09-28 10:15:44:       employeeId: '3273',
2026-09-28 10:15:44:       timestamp: '2026-09-21T08:33:04',
2026-09-28 10:15:44:       serialNumber: '30698',
2026-09-28 10:15:44:       cardNumber: '3273'
2026-09-28 10:15:44:     },
2026-09-28 10:15:44:     {
2026-09-28 10:15:44:       employeeId: '3273',
2026-09-28 10:15:44:       timestamp: '2026-09-21T08:33:02',
2026-09-28 10:15:44:       serialNumber: '30697',
2026-09-28 10:15:44:       cardNumber: '3273'
2026-09-28 10:15:44:     },
2026-09-28 10:15:44:     {
2026-09-28 10:15:44:       employeeId: '3273',
2026-09-28 10:15:44:       timestamp: '2026-09-21T08:33:01',
2026-09-28 10:15:44:       serialNumber: '30696',
2026-09-28 10:15:44:       cardNumber: '3273'
2026-09-28 10:15:44:     },
2026-09-28 10:15:44:     {
2026-09-28 10:15:44:       employeeId: '3214',
2026-09-28 10:15:44:       timestamp: '2026-09-18T18:08:45',
2026-09-28 10:15:44:       serialNumber: '30693',
2026-09-28 10:15:44:       cardNumber: '3214'
2026-09-28 10:15:44:     },
2026-09-28 10:15:44:     {
2026-09-28 10:15:44:       employeeId: '01345',
2026-09-28 10:15:44:       timestamp: '2026-09-18T18:04:56',
2026-09-28 10:15:44:       serialNumber: '30690',
2026-09-28 10:15:44:       cardNumber: '01345'
2026-09-28 10:15:44:     },
2026-09-28 10:15:44:     {
2026-09-28 10:15:44:       employeeId: '01345',
2026-09-28 10:15:44:       timestamp: '2026-09-18T18:04:51',
2026-09-28 10:15:44:       serialNumber: '30689',
2026-09-28 10:15:44:       cardNumber: '01345'
2026-09-28 10:15:44:     },
2026-09-28 10:15:44:     {
2026-09-28 10:15:44:       employeeId: '3042',
2026-09-28 10:15:44:       timestamp: '2026-09-18T18:03:53',
2026-09-28 10:15:44:       serialNumber: '30686',
2026-09-28 10:15:44:       cardNumber: '3042'
2026-09-28 10:15:44:     },
2026-09-28 10:15:44:     {
2026-09-28 10:15:44:       employeeId: '3042',
2026-09-28 10:15:44:       timestamp: '2026-09-18T18:03:50',
2026-09-28 10:15:44:       serialNumber: '30685',
2026-09-28 10:15:44:       cardNumber: '3042'
2026-09-28 10:15:44:     },
2026-09-28 10:15:44:     {
2026-09-28 10:15:44:       employeeId: '0121',
2026-09-28 10:15:44:       timestamp: '2026-09-18T18:03:43',
2026-09-28 10:15:44:       serialNumber: '30682',
2026-09-28 10:15:44:       cardNumber: '0121'
2026-09-28 10:15:44:     },
2026-09-28 10:15:44:     {
2026-09-28 10:15:44:       employeeId: '0121',
2026-09-28 10:15:44:       timestamp: '2026-09-18T18:03:39',
2026-09-28 10:15:44:       serialNumber: '30681',
2026-09-28 10:15:44:       cardNumber: '0121'
2026-09-28 10:15:44:     },
2026-09-28 10:15:44:     {
2026-09-28 10:15:44:       employeeId: '01100',
2026-09-28 10:15:44:       timestamp: '2026-09-18T09:06:19',
2026-09-28 10:15:44:       serialNumber: '30654',
2026-09-28 10:15:44:       cardNumber: ''
2026-09-28 10:15:44:     },
2026-09-28 10:15:44:     {
2026-09-28 10:15:44:       employeeId: '01100',
2026-09-28 10:15:44:       timestamp: '2026-09-18T09:06:17',
2026-09-28 10:15:44:       serialNumber: '30653',
2026-09-28 10:15:44:       cardNumber: ''
2026-09-28 10:15:44:     },
2026-09-28 10:15:44:     {
2026-09-28 10:15:44:       employeeId: '01042',
2026-09-28 10:15:44:       timestamp: '2026-09-18T09:03:56',
2026-09-28 10:15:44:       serialNumber: '30650',
2026-09-28 10:15:44:       cardNumber: '01042'
2026-09-28 10:15:44:     },
2026-09-28 10:15:44:     {
2026-09-28 10:15:44:       employeeId: '01042',
2026-09-28 10:15:44:       timestamp: '2026-09-18T09:03:55',
2026-09-28 10:15:44:       serialNumber: '30649',
2026-09-28 10:15:44:       cardNumber: '01042'
2026-09-28 10:15:44:     },
2026-09-28 10:15:44:     {
2026-09-28 10:15:44:       employeeId: '01042',
2026-09-28 10:15:44:       timestamp: '2026-09-18T09:03:52',
2026-09-28 10:15:44:       serialNumber: '30648',
2026-09-28 10:15:44:       cardNumber: '01042'
2026-09-28 10:15:44:     },
2026-09-28 10:15:44:     {
2026-09-28 10:15:44:       employeeId: '01042',
2026-09-28 10:15:44:       timestamp: '2026-09-18T09:03:50',
2026-09-28 10:15:44:       serialNumber: '30647',
2026-09-28 10:15:44:       cardNumber: '01042'
2026-09-28 10:15:44:     },
2026-09-28 10:15:44:     {
2026-09-28 10:15:44:       employeeId: '01042',
2026-09-28 10:15:44:       timestamp: '2026-09-18T09:03:48',
2026-09-28 10:15:44:       serialNumber: '30646',
2026-09-28 10:15:44:       cardNumber: '01042'
2026-09-28 10:15:44:     },
2026-09-28 10:15:44:     {
2026-09-28 10:15:44:       employeeId: '3043',
2026-09-28 10:15:44:       timestamp: '2026-09-18T09:01:41',
2026-09-28 10:15:44:       serialNumber: '30643',
2026-09-28 10:15:44:       cardNumber: '3043'
2026-09-28 10:15:44:     },
2026-09-28 10:15:44:     {
2026-09-28 10:15:44:       employeeId: '3043',
2026-09-28 10:15:44:       timestamp: '2026-09-18T09:01:39',
2026-09-28 10:15:44:       serialNumber: '30642',
2026-09-28 10:15:44:       cardNumber: '3043'
2026-09-28 10:15:44:     },
2026-09-28 10:15:44:     {
2026-09-28 10:15:44:       employeeId: '3043',
2026-09-28 10:15:44:       timestamp: '2026-09-18T09:01:37',
2026-09-28 10:15:44:       serialNumber: '30641',
2026-09-28 10:15:44:       cardNumber: '3043'
2026-09-28 10:15:44:     },
2026-09-28 10:15:44:     {
2026-09-28 10:15:44:       employeeId: '01345',
2026-09-28 10:15:44:       timestamp: '2026-09-18T09:00:47',
2026-09-28 10:15:44:       serialNumber: '30638',
2026-09-28 10:15:44:       cardNumber: '01345'
2026-09-28 10:15:44:     }
2026-09-28 10:15:44:   ],
2026-09-28 10:15:44:   source: 'app-manual',
2026-09-28 10:15:44:   clockIp: '172.17.102.31',
2026-09-28 10:15:44:   clockName: 'TECNOLOGIAS',
2026-09-28 10:15:44:   syncDate: '2026-09-28T16:15:43.992Z'
2026-09-28 10:15:44: }
2026-09-28 10:15:50: {
2026-09-28 10:15:50:   records: [
2026-09-28 10:15:50:     {
2026-09-28 10:15:50:       employeeId: '01345',
2026-09-28 10:15:50:       timestamp: '2026-09-18T09:00:44',
2026-09-28 10:15:50:       serialNumber: '30637',
2026-09-28 10:15:50:       cardNumber: '01345'
2026-09-28 10:15:50:     },
2026-09-28 10:15:50:     {
2026-09-28 10:15:50:       employeeId: '0121',
2026-09-28 10:15:50:       timestamp: '2026-09-18T08:56:48',
2026-09-28 10:15:50:       serialNumber: '30634',
2026-09-28 10:15:50:       cardNumber: '0121'
2026-09-28 10:15:50:     },
2026-09-28 10:15:50:     {
2026-09-28 10:15:50:       employeeId: '0121',
2026-09-28 10:15:50:       timestamp: '2026-09-18T08:56:45',
2026-09-28 10:15:50:       serialNumber: '30633',
2026-09-28 10:15:50:       cardNumber: '0121'
2026-09-28 10:15:50:     },
2026-09-28 10:15:50:     {
2026-09-28 10:15:50:       employeeId: '3273',
2026-09-28 10:15:50:       timestamp: '2026-09-18T08:48:07',
2026-09-28 10:15:50:       serialNumber: '30630',
2026-09-28 10:15:50:       cardNumber: '3273'
2026-09-28 10:15:50:     },
2026-09-28 10:15:50:     {
2026-09-28 10:15:50:       employeeId: '3273',
2026-09-28 10:15:50:       timestamp: '2026-09-18T08:48:06',
2026-09-28 10:15:50:       serialNumber: '30629',
2026-09-28 10:15:50:       cardNumber: '3273'
2026-09-28 10:15:50:     },
2026-09-28 10:15:50:     {
2026-09-28 10:15:50:       employeeId: '3273',
2026-09-28 10:15:50:       timestamp: '2026-09-18T08:48:04',
2026-09-28 10:15:50:       serialNumber: '30628',
2026-09-28 10:15:50:       cardNumber: '3273'
2026-09-28 10:15:50:     },
2026-09-28 10:15:50:     {
2026-09-28 10:15:50:       employeeId: '3042',
2026-09-28 10:15:50:       timestamp: '2026-09-18T08:41:06',
2026-09-28 10:15:50:       serialNumber: '30625',
2026-09-28 10:15:50:       cardNumber: '3042'
2026-09-28 10:15:50:     },
2026-09-28 10:15:50:     {
2026-09-28 10:15:50:       employeeId: '3042',
2026-09-28 10:15:50:       timestamp: '2026-09-18T08:41:04',
2026-09-28 10:15:50:       serialNumber: '30624',
2026-09-28 10:15:50:       cardNumber: '3042'
2026-09-28 10:15:50:     },
2026-09-28 10:15:50:     {
2026-09-28 10:15:50:       employeeId: '3214',
2026-09-28 10:15:50:       timestamp: '2026-09-17T18:27:47',
2026-09-28 10:15:50:       serialNumber: '30621',
2026-09-28 10:15:50:       cardNumber: '3214'
2026-09-28 10:15:50:     },
2026-09-28 10:15:50:     {
2026-09-28 10:15:50:       employeeId: '01042',
2026-09-28 10:15:50:       timestamp: '2026-09-17T18:05:22',
2026-09-28 10:15:50:       serialNumber: '30618',
2026-09-28 10:15:50:       cardNumber: '01042'
2026-09-28 10:15:50:     },
2026-09-28 10:15:50:     {
2026-09-28 10:15:50:       employeeId: '01042',
2026-09-28 10:15:50:       timestamp: '2026-09-17T18:05:21',
2026-09-28 10:15:50:       serialNumber: '30617',
2026-09-28 10:15:50:       cardNumber: '01042'
2026-09-28 10:15:50:     },
2026-09-28 10:15:50:     {
2026-09-28 10:15:50:       employeeId: '01042',
2026-09-28 10:15:50:       timestamp: '2026-09-17T18:05:19',
2026-09-28 10:15:50:       serialNumber: '30616',
2026-09-28 10:15:50:       cardNumber: '01042'
2026-09-28 10:15:50:     },
2026-09-28 10:15:50:     {
2026-09-28 10:15:50:       employeeId: '01345',
2026-09-28 10:15:50:       timestamp: '2026-09-17T18:04:38',
2026-09-28 10:15:50:       serialNumber: '30612',
2026-09-28 10:15:50:       cardNumber: '01345'
2026-09-28 10:15:50:     },
2026-09-28 10:15:50:     {
2026-09-28 10:15:50:       employeeId: '01345',
2026-09-28 10:15:50:       timestamp: '2026-09-17T18:04:36',
2026-09-28 10:15:50:       serialNumber: '30611',
2026-09-28 10:15:50:       cardNumber: '01345'
2026-09-28 10:15:50:     },
2026-09-28 10:15:50:     {
2026-09-28 10:15:50:       employeeId: '3043',
2026-09-28 10:15:50:       timestamp: '2026-09-17T18:04:32',
2026-09-28 10:15:50:       serialNumber: '30610',
2026-09-28 10:15:50:       cardNumber: '3043'
2026-09-28 10:15:50:     },
2026-09-28 10:15:50:     {
2026-09-28 10:15:50:       employeeId: '3043',
2026-09-28 10:15:50:       timestamp: '2026-09-17T18:04:28',
2026-09-28 10:15:50:       serialNumber: '30609',
2026-09-28 10:15:50:       cardNumber: '3043'
2026-09-28 10:15:50:     },
2026-09-28 10:15:50:     {
2026-09-28 10:15:50:       employeeId: '3043',
2026-09-28 10:15:50:       timestamp: '2026-09-17T18:04:27',
2026-09-28 10:15:50:       serialNumber: '30608',
2026-09-28 10:15:50:       cardNumber: '3043'
2026-09-28 10:15:50:     },
2026-09-28 10:15:50:     {
2026-09-28 10:15:50:       employeeId: '3042',
2026-09-28 10:15:50:       timestamp: '2026-09-17T18:04:18',
2026-09-28 10:15:50:       serialNumber: '30605',
2026-09-28 10:15:50:       cardNumber: '3042'
2026-09-28 10:15:50:     },
2026-09-28 10:15:50:     {
2026-09-28 10:15:50:       employeeId: '3042',
2026-09-28 10:15:50:       timestamp: '2026-09-17T18:04:16',
2026-09-28 10:15:50:       serialNumber: '30604',
2026-09-28 10:15:50:       cardNumber: '3042'
2026-09-28 10:15:50:     },
2026-09-28 10:15:50:     {
2026-09-28 10:15:50:       employeeId: '0121',
2026-09-28 10:15:50:       timestamp: '2026-09-17T18:04:06',
2026-09-28 10:15:50:       serialNumber: '30601',
2026-09-28 10:15:50:       cardNumber: '0121'
2026-09-28 10:15:50:     },
2026-09-28 10:15:50:     {
2026-09-28 10:15:50:       employeeId: '0121',
2026-09-28 10:15:50:       timestamp: '2026-09-17T18:04:03',
2026-09-28 10:15:50:       serialNumber: '30600',
2026-09-28 10:15:50:       cardNumber: '0121'
2026-09-28 10:15:50:     },
2026-09-28 10:15:50:     {
2026-09-28 10:15:50:       employeeId: '3273',
2026-09-28 10:15:50:       timestamp: '2026-09-17T18:02:48',
2026-09-28 10:15:50:       serialNumber: '30597',
2026-09-28 10:15:50:       cardNumber: '3273'
2026-09-28 10:15:50:     },
2026-09-28 10:15:50:     {
2026-09-28 10:15:50:       employeeId: '3273',
2026-09-28 10:15:50:       timestamp: '2026-09-17T18:02:47',
2026-09-28 10:15:50:       serialNumber: '30596',
2026-09-28 10:15:50:       cardNumber: '3273'
2026-09-28 10:15:50:     },
2026-09-28 10:15:50:     {
2026-09-28 10:15:50:       employeeId: '3273',
2026-09-28 10:15:50:       timestamp: '2026-09-17T18:02:46',
2026-09-28 10:15:50:       serialNumber: '30595',
2026-09-28 10:15:50:       cardNumber: '3273'
2026-09-28 10:15:50:     },
2026-09-28 10:15:50:     {
2026-09-28 10:15:50:       employeeId: '01100',
2026-09-28 10:15:50:       timestamp: '2026-09-17T18:02:40',
2026-09-28 10:15:50:       serialNumber: '30592',
2026-09-28 10:15:50:       cardNumber: ''
2026-09-28 10:15:50:     },
2026-09-28 10:15:50:     {
2026-09-28 10:15:50:       employeeId: '01100',
2026-09-28 10:15:50:       timestamp: '2026-09-17T18:02:39',
2026-09-28 10:15:50:       serialNumber: '30591',
2026-09-28 10:15:50:       cardNumber: ''
2026-09-28 10:15:50:     },
2026-09-28 10:15:50:     {
2026-09-28 10:15:50:       employeeId: '01042',
2026-09-28 10:15:50:       timestamp: '2026-09-17T09:14:23',
2026-09-28 10:15:50:       serialNumber: '30549',
2026-09-28 10:15:50:       cardNumber: '01042'
2026-09-28 10:15:50:     },
2026-09-28 10:15:50:     {
2026-09-28 10:15:50:       employeeId: '01042',
2026-09-28 10:15:50:       timestamp: '2026-09-17T09:14:22',
2026-09-28 10:15:50:       serialNumber: '30548',
2026-09-28 10:15:50:       cardNumber: '01042'
2026-09-28 10:15:50:     },
2026-09-28 10:15:50:     {
2026-09-28 10:15:50:       employeeId: '01042',
2026-09-28 10:15:50:       timestamp: '2026-09-17T09:14:21',
2026-09-28 10:15:50:       serialNumber: '30547',
2026-09-28 10:15:50:       cardNumber: '01042'
2026-09-28 10:15:50:     },
2026-09-28 10:15:50:     {
2026-09-28 10:15:50:       employeeId: '3043',
2026-09-28 10:15:50:       timestamp: '2026-09-17T09:10:54',
2026-09-28 10:15:50:       serialNumber: '30544',
2026-09-28 10:15:50:       cardNumber: '3043'
2026-09-28 10:15:50:     },
2026-09-28 10:15:50:     {
2026-09-28 10:15:50:       employeeId: '3042',
2026-09-28 10:15:50:       timestamp: '2026-09-17T09:08:02',
2026-09-28 10:15:50:       serialNumber: '30541',
2026-09-28 10:15:50:       cardNumber: '3042'
2026-09-28 10:15:50:     },
2026-09-28 10:15:50:     {
2026-09-28 10:15:50:       employeeId: '3042',
2026-09-28 10:15:50:       timestamp: '2026-09-17T09:07:59',
2026-09-28 10:15:50:       serialNumber: '30540',
2026-09-28 10:15:50:       cardNumber: '3042'
2026-09-28 10:15:50:     },
2026-09-28 10:15:50:     {
2026-09-28 10:15:50:       employeeId: '01345',
2026-09-28 10:15:50:       timestamp: '2026-09-17T09:04:06',
2026-09-28 10:15:50:       serialNumber: '30537',
2026-09-28 10:15:50:       cardNumber: '01345'
2026-09-28 10:15:50:     },
2026-09-28 10:15:50:     {
2026-09-28 10:15:50:       employeeId: '01345',
2026-09-28 10:15:50:       timestamp: '2026-09-17T09:04:04',
2026-09-28 10:15:50:       serialNumber: '30536',
2026-09-28 10:15:50:       cardNumber: '01345'
2026-09-28 10:15:50:     },
2026-09-28 10:15:50:     {
2026-09-28 10:15:50:       employeeId: '3043',
2026-09-28 10:15:50:       timestamp: '2026-09-17T09:01:20',
2026-09-28 10:15:50:       serialNumber: '30533',
2026-09-28 10:15:50:       cardNumber: '3043'
2026-09-28 10:15:50:     },
2026-09-28 10:15:50:     {
2026-09-28 10:15:50:       employeeId: '3043',
2026-09-28 10:15:50:       timestamp: '2026-09-17T09:01:10',
2026-09-28 10:15:50:       serialNumber: '30530',
2026-09-28 10:15:50:       cardNumber: '3043'
2026-09-28 10:15:50:     },
2026-09-28 10:15:50:     {
2026-09-28 10:15:50:       employeeId: '0121',
2026-09-28 10:15:50:       timestamp: '2026-09-17T08:57:47',
2026-09-28 10:15:50:       serialNumber: '30527',
2026-09-28 10:15:50:       cardNumber: '0121'
2026-09-28 10:15:50:     },
2026-09-28 10:15:50:     {
2026-09-28 10:15:50:       employeeId: '0121',
2026-09-28 10:15:50:       timestamp: '2026-09-17T08:57:44',
2026-09-28 10:15:50:       serialNumber: '30526',
2026-09-28 10:15:50:       cardNumber: '0121'
2026-09-28 10:15:50:     },
2026-09-28 10:15:50:     {
2026-09-28 10:15:50:       employeeId: '3273',
2026-09-28 10:15:50:       timestamp: '2026-09-17T08:38:32',
2026-09-28 10:15:50:       serialNumber: '30523',
2026-09-28 10:15:50:       cardNumber: '3273'
2026-09-28 10:15:50:     },
2026-09-28 10:15:50:     {
2026-09-28 10:15:50:       employeeId: '3273',
2026-09-28 10:15:50:       timestamp: '2026-09-17T08:38:30',
2026-09-28 10:15:50:       serialNumber: '30522',
2026-09-28 10:15:50:       cardNumber: '3273'
2026-09-28 10:15:50:     },
2026-09-28 10:15:50:     {
2026-09-28 10:15:50:       employeeId: '3273',
2026-09-28 10:15:50:       timestamp: '2026-09-17T08:38:28',
2026-09-28 10:15:50:       serialNumber: '30521',
2026-09-28 10:15:50:       cardNumber: '3273'
2026-09-28 10:15:50:     },
2026-09-28 10:15:50:     {
2026-09-28 10:15:50:       employeeId: '3214',
2026-09-28 10:15:50:       timestamp: '2026-09-17T05:41:58',
2026-09-28 10:15:50:       serialNumber: '30518',
2026-09-28 10:15:50:       cardNumber: '3214'
2026-09-28 10:15:50:     },
2026-09-28 10:15:50:     {
2026-09-28 10:15:50:       employeeId: '3214',
2026-09-28 10:15:50:       timestamp: '2026-09-15T14:06:34',
2026-09-28 10:15:50:       serialNumber: '30514',
2026-09-28 10:15:50:       cardNumber: '3214'
2026-09-28 10:15:50:     },
2026-09-28 10:15:50:     {
2026-09-28 10:15:50:       employeeId: '0121',
2026-09-28 10:15:50:       timestamp: '2026-09-15T14:03:17',
2026-09-28 10:15:50:       serialNumber: '30511',
2026-09-28 10:15:50:       cardNumber: '0121'
2026-09-28 10:15:50:     },
2026-09-28 10:15:50:     {
2026-09-28 10:15:50:       employeeId: '0121',
2026-09-28 10:15:50:       timestamp: '2026-09-15T14:03:15',
2026-09-28 10:15:50:       serialNumber: '30510',
2026-09-28 10:15:50:       cardNumber: '0121'
2026-09-28 10:15:50:     },
2026-09-28 10:15:50:     {
2026-09-28 10:15:50:       employeeId: '3273',
2026-09-28 10:15:50:       timestamp: '2026-09-15T14:03:13',
2026-09-28 10:15:50:       serialNumber: '30509',
2026-09-28 10:15:50:       cardNumber: '3273'
2026-09-28 10:15:50:     },
2026-09-28 10:15:50:     {
2026-09-28 10:15:50:       employeeId: '3273',
2026-09-28 10:15:50:       timestamp: '2026-09-15T14:03:11',
2026-09-28 10:15:50:       serialNumber: '30508',
2026-09-28 10:15:50:       cardNumber: '3273'
2026-09-28 10:15:50:     },
2026-09-28 10:15:50:     {
2026-09-28 10:15:50:       employeeId: '3273',
2026-09-28 10:15:50:       timestamp: '2026-09-15T14:03:10',
2026-09-28 10:15:50:       serialNumber: '30507',
2026-09-28 10:15:50:       cardNumber: '3273'
2026-09-28 10:15:50:     },
2026-09-28 10:15:50:     {
2026-09-28 10:15:50:       employeeId: '3042',
2026-09-28 10:15:50:       timestamp: '2026-09-15T14:03:06',
2026-09-28 10:15:50:       serialNumber: '30506',
2026-09-28 10:15:50:       cardNumber: '3042'
2026-09-28 10:15:50:     },
2026-09-28 10:15:50:     {
2026-09-28 10:15:50:       employeeId: '3042',
2026-09-28 10:15:50:       timestamp: '2026-09-15T14:03:05',
2026-09-28 10:15:50:       serialNumber: '30505',
2026-09-28 10:15:50:       cardNumber: '3042'
2026-09-28 10:15:50:     },
2026-09-28 10:15:50:     {
2026-09-28 10:15:50:       employeeId: '01042',
2026-09-28 10:15:50:       timestamp: '2026-09-15T14:03:01',
2026-09-28 10:15:50:       serialNumber: '30503',
2026-09-28 10:15:50:       cardNumber: '01042'
2026-09-28 10:15:50:     },
2026-09-28 10:15:50:     {
2026-09-28 10:15:50:       employeeId: '01042',
2026-09-28 10:15:50:       timestamp: '2026-09-15T14:02:59',
2026-09-28 10:15:50:       serialNumber: '30502',
2026-09-28 10:15:50:       cardNumber: '01042'
2026-09-28 10:15:50:     },
2026-09-28 10:15:50:     {
2026-09-28 10:15:50:       employeeId: '01042',
2026-09-28 10:15:50:       timestamp: '2026-09-15T14:02:58',
2026-09-28 10:15:50:       serialNumber: '30501',
2026-09-28 10:15:50:       cardNumber: '01042'
2026-09-28 10:15:50:     },
2026-09-28 10:15:50:     {
2026-09-28 10:15:50:       employeeId: '01042',
2026-09-28 10:15:50:       timestamp: '2026-09-15T14:02:57',
2026-09-28 10:15:50:       serialNumber: '30500',
2026-09-28 10:15:50:       cardNumber: '01042'
2026-09-28 10:15:50:     },
2026-09-28 10:15:50:     {
2026-09-28 10:15:50:       employeeId: '01042',
2026-09-28 10:15:50:       timestamp: '2026-09-15T14:02:56',
2026-09-28 10:15:50:       serialNumber: '30499',
2026-09-28 10:15:50:       cardNumber: '01042'
2026-09-28 10:15:50:     },
2026-09-28 10:15:50:     {
2026-09-28 10:15:50:       employeeId: '3214',
2026-09-28 10:15:50:       timestamp: '2026-09-15T09:05:38',
2026-09-28 10:15:50:       serialNumber: '30496',
2026-09-28 10:15:50:       cardNumber: '3214'
2026-09-28 10:15:50:     },
2026-09-28 10:15:50:     {
2026-09-28 10:15:50:       employeeId: '01042',
2026-09-28 10:15:50:       timestamp: '2026-09-15T08:59:13',
2026-09-28 10:15:50:       serialNumber: '30493',
2026-09-28 10:15:50:       cardNumber: '01042'
2026-09-28 10:15:50:     },
2026-09-28 10:15:50:     {
2026-09-28 10:15:50:       employeeId: '01042',
2026-09-28 10:15:50:       timestamp: '2026-09-15T08:59:11',
2026-09-28 10:15:50:       serialNumber: '30492',
2026-09-28 10:15:50:       cardNumber: '01042'
2026-09-28 10:15:50:     },
2026-09-28 10:15:50:     {
2026-09-28 10:15:50:       employeeId: '01042',
2026-09-28 10:15:50:       timestamp: '2026-09-15T08:59:06',
2026-09-28 10:15:50:       serialNumber: '30491',
2026-09-28 10:15:50:       cardNumber: '01042'
2026-09-28 10:15:50:     },
2026-09-28 10:15:50:     {
2026-09-28 10:15:50:       employeeId: '01042',
2026-09-28 10:15:50:       timestamp: '2026-09-15T08:59:05',
2026-09-28 10:15:50:       serialNumber: '30490',
2026-09-28 10:15:50:       cardNumber: '01042'
2026-09-28 10:15:50:     },
2026-09-28 10:15:50:     {
2026-09-28 10:15:50:       employeeId: '01042',
2026-09-28 10:15:50:       timestamp: '2026-09-15T08:59:02',
2026-09-28 10:15:50:       serialNumber: '30489',
2026-09-28 10:15:50:       cardNumber: '01042'
2026-09-28 10:15:50:     },
2026-09-28 10:15:50:     {
2026-09-28 10:15:50:       employeeId: '0121',
2026-09-28 10:15:50:       timestamp: '2026-09-15T08:52:48',
2026-09-28 10:15:50:       serialNumber: '30486',
2026-09-28 10:15:50:       cardNumber: '0121'
2026-09-28 10:15:50:     },
2026-09-28 10:15:50:     {
2026-09-28 10:15:50:       employeeId: '0121',
2026-09-28 10:15:50:       timestamp: '2026-09-15T08:52:45',
2026-09-28 10:15:50:       serialNumber: '30485',
2026-09-28 10:15:50:       cardNumber: '0121'
2026-09-28 10:15:50:     },
2026-09-28 10:15:50:     {
2026-09-28 10:15:50:       employeeId: '3042',
2026-09-28 10:15:50:       timestamp: '2026-09-15T08:35:06',
2026-09-28 10:15:50:       serialNumber: '30482',
2026-09-28 10:15:50:       cardNumber: '3042'
2026-09-28 10:15:50:     },
2026-09-28 10:15:50:     {
2026-09-28 10:15:50:       employeeId: '3273',
2026-09-28 10:15:50:       timestamp: '2026-09-15T08:31:20',
2026-09-28 10:15:50:       serialNumber: '30479',
2026-09-28 10:15:50:       cardNumber: '3273'
2026-09-28 10:15:50:     },
2026-09-28 10:15:50:     {
2026-09-28 10:15:50:       employeeId: '3273',
2026-09-28 10:15:50:       timestamp: '2026-09-15T08:31:19',
2026-09-28 10:15:50:       serialNumber: '30478',
2026-09-28 10:15:50:       cardNumber: '3273'
2026-09-28 10:15:50:     },
2026-09-28 10:15:50:     {
2026-09-28 10:15:50:       employeeId: '3273',
2026-09-28 10:15:50:       timestamp: '2026-09-15T08:31:18',
2026-09-28 10:15:50:       serialNumber: '30477',
2026-09-28 10:15:50:       cardNumber: '3273'
2026-09-28 10:15:50:     },
2026-09-28 10:15:50:     {
2026-09-28 10:15:50:       employeeId: '3273',
2026-09-28 10:15:50:       timestamp: '2026-09-15T08:14:50',
2026-09-28 10:15:50:       serialNumber: '30473',
2026-09-28 10:15:50:       cardNumber: '3273'
2026-09-28 10:15:50:     },
2026-09-28 10:15:50:     {
2026-09-28 10:15:50:       employeeId: '01100',
2026-09-28 10:15:50:       timestamp: '2026-09-14T18:22:37',
2026-09-28 10:15:50:       serialNumber: '30470',
2026-09-28 10:15:50:       cardNumber: ''
2026-09-28 10:15:50:     },
2026-09-28 10:15:50:     {
2026-09-28 10:15:50:       employeeId: '01100',
2026-09-28 10:15:50:       timestamp: '2026-09-14T18:22:35',
2026-09-28 10:15:50:       serialNumber: '30469',
2026-09-28 10:15:50:       cardNumber: ''
2026-09-28 10:15:50:     },
2026-09-28 10:15:50:     {
2026-09-28 10:15:50:       employeeId: '01345',
2026-09-28 10:15:50:       timestamp: '2026-09-14T18:19:12',
2026-09-28 10:15:50:       serialNumber: '30466',
2026-09-28 10:15:50:       cardNumber: '01345'
2026-09-28 10:15:50:     },
2026-09-28 10:15:50:     {
2026-09-28 10:15:50:       employeeId: '01345',
2026-09-28 10:15:50:       timestamp: '2026-09-14T18:18:06',
2026-09-28 10:15:50:       serialNumber: '30463',
2026-09-28 10:15:50:       cardNumber: '01345'
2026-09-28 10:15:50:     },
2026-09-28 10:15:50:     {
2026-09-28 10:15:50:       employeeId: '01042',
2026-09-28 10:15:50:       timestamp: '2026-09-14T18:12:06',
2026-09-28 10:15:50:       serialNumber: '30460',
2026-09-28 10:15:50:       cardNumber: '01042'
2026-09-28 10:15:50:     },
2026-09-28 10:15:50:     {
2026-09-28 10:15:50:       employeeId: '01042',
2026-09-28 10:15:50:       timestamp: '2026-09-14T18:12:05',
2026-09-28 10:15:50:       serialNumber: '30459',
2026-09-28 10:15:50:       cardNumber: '01042'
2026-09-28 10:15:50:     },
2026-09-28 10:15:50:     {
2026-09-28 10:15:50:       employeeId: '3214',
2026-09-28 10:15:50:       timestamp: '2026-09-14T18:11:39',
2026-09-28 10:15:50:       serialNumber: '30456',
2026-09-28 10:15:50:       cardNumber: '3214'
2026-09-28 10:15:50:     },
2026-09-28 10:15:50:     {
2026-09-28 10:15:50:       employeeId: '3042',
2026-09-28 10:15:50:       timestamp: '2026-09-14T18:05:53',
2026-09-28 10:15:50:       serialNumber: '30453',
2026-09-28 10:15:50:       cardNumber: '3042'
2026-09-28 10:15:50:     },
2026-09-28 10:15:50:     {
2026-09-28 10:15:50:       employeeId: '3042',
2026-09-28 10:15:50:       timestamp: '2026-09-14T18:05:51',
2026-09-28 10:15:50:       serialNumber: '30452',
2026-09-28 10:15:50:       cardNumber: '3042'
2026-09-28 10:15:50:     },
2026-09-28 10:15:50:     {
2026-09-28 10:15:50:       employeeId: '0121',
2026-09-28 10:15:50:       timestamp: '2026-09-14T18:03:08',
2026-09-28 10:15:50:       serialNumber: '30449',
2026-09-28 10:15:50:       cardNumber: '0121'
2026-09-28 10:15:50:     },
2026-09-28 10:15:50:     {
2026-09-28 10:15:50:       employeeId: '0121',
2026-09-28 10:15:50:       timestamp: '2026-09-14T18:03:04',
2026-09-28 10:15:50:       serialNumber: '30448',
2026-09-28 10:15:50:       cardNumber: '0121'
2026-09-28 10:15:50:     },
2026-09-28 10:15:50:     {
2026-09-28 10:15:50:       employeeId: '3043',
2026-09-28 10:15:50:       timestamp: '2026-09-14T18:02:52',
2026-09-28 10:15:50:       serialNumber: '30445',
2026-09-28 10:15:50:       cardNumber: '3043'
2026-09-28 10:15:50:     },
2026-09-28 10:15:50:     {
2026-09-28 10:15:50:       employeeId: '3043',
2026-09-28 10:15:50:       timestamp: '2026-09-14T18:02:49',
2026-09-28 10:15:50:       serialNumber: '30444',
2026-09-28 10:15:50:       cardNumber: '3043'
2026-09-28 10:15:50:     },
2026-09-28 10:15:50:     {
2026-09-28 10:15:50:       employeeId: '3273',
2026-09-28 10:15:50:       timestamp: '2026-09-14T18:02:47',
2026-09-28 10:15:50:       serialNumber: '30443',
2026-09-28 10:15:50:       cardNumber: '3273'
2026-09-28 10:15:50:     },
2026-09-28 10:15:50:     {
2026-09-28 10:15:50:       employeeId: '3273',
2026-09-28 10:15:50:       timestamp: '2026-09-14T18:02:46',
2026-09-28 10:15:50:       serialNumber: '30442',
2026-09-28 10:15:50:       cardNumber: '3273'
2026-09-28 10:15:50:     },
2026-09-28 10:15:50:     {
2026-09-28 10:15:50:       employeeId: '3273',
2026-09-28 10:15:50:       timestamp: '2026-09-14T18:02:45',
2026-09-28 10:15:50:       serialNumber: '30441',
2026-09-28 10:15:50:       cardNumber: '3273'
2026-09-28 10:15:50:     },
2026-09-28 10:15:50:     {
2026-09-28 10:15:50:       employeeId: '01345',
2026-09-28 10:15:50:       timestamp: '2026-09-14T09:07:11',
2026-09-28 10:15:50:       serialNumber: '30438',
2026-09-28 10:15:50:       cardNumber: '01345'
2026-09-28 10:15:50:     },
2026-09-28 10:15:50:     {
2026-09-28 10:15:50:       employeeId: '01345',
2026-09-28 10:15:50:       timestamp: '2026-09-14T09:07:09',
2026-09-28 10:15:50:       serialNumber: '30437',
2026-09-28 10:15:50:       cardNumber: '01345'
2026-09-28 10:15:50:     },
2026-09-28 10:15:50:     {
2026-09-28 10:15:50:       employeeId: '3043',
2026-09-28 10:15:50:       timestamp: '2026-09-14T09:06:13',
2026-09-28 10:15:50:       serialNumber: '30434',
2026-09-28 10:15:50:       cardNumber: '3043'
2026-09-28 10:15:50:     },
2026-09-28 10:15:50:     {
2026-09-28 10:15:50:       employeeId: '3043',
2026-09-28 10:15:50:       timestamp: '2026-09-14T09:06:00',
2026-09-28 10:15:50:       serialNumber: '30431',
2026-09-28 10:15:50:       cardNumber: '3043'
2026-09-28 10:15:50:     },
2026-09-28 10:15:50:     {
2026-09-28 10:15:50:       employeeId: '3043',
2026-09-28 10:15:50:       timestamp: '2026-09-14T09:05:59',
2026-09-28 10:15:50:       serialNumber: '30430',
2026-09-28 10:15:50:       cardNumber: '3043'
2026-09-28 10:15:50:     },
2026-09-28 10:15:50:     {
2026-09-28 10:15:50:       employeeId: '01100',
2026-09-28 10:15:50:       timestamp: '2026-09-14T09:04:56',
2026-09-28 10:15:50:       serialNumber: '30427',
2026-09-28 10:15:50:       cardNumber: ''
2026-09-28 10:15:50:     },
2026-09-28 10:15:50:     {
2026-09-28 10:15:50:       employeeId: '01100',
2026-09-28 10:15:50:       timestamp: '2026-09-14T09:04:54',
2026-09-28 10:15:50:       serialNumber: '30426',
2026-09-28 10:15:50:       cardNumber: ''
2026-09-28 10:15:50:     },
2026-09-28 10:15:50:     {
2026-09-28 10:15:50:       employeeId: '0121',
2026-09-28 10:15:50:       timestamp: '2026-09-14T08:55:28',
2026-09-28 10:15:50:       serialNumber: '30423',
2026-09-28 10:15:50:       cardNumber: '0121'
2026-09-28 10:15:50:     },
2026-09-28 10:15:50:     {
2026-09-28 10:15:50:       employeeId: '0121',
2026-09-28 10:15:50:       timestamp: '2026-09-14T08:55:25',
2026-09-28 10:15:50:       serialNumber: '30422',
2026-09-28 10:15:50:       cardNumber: '0121'
2026-09-28 10:15:50:     },
2026-09-28 10:15:50:     {
2026-09-28 10:15:50:       employeeId: '3273',
2026-09-28 10:15:50:       timestamp: '2026-09-14T08:48:54',
2026-09-28 10:15:50:       serialNumber: '30419',
2026-09-28 10:15:50:       cardNumber: '3273'
2026-09-28 10:15:50:     },
2026-09-28 10:15:50:     {
2026-09-28 10:15:50:       employeeId: '3273',
2026-09-28 10:15:50:       timestamp: '2026-09-14T08:48:53',
2026-09-28 10:15:50:       serialNumber: '30418',
2026-09-28 10:15:50:       cardNumber: '3273'
2026-09-28 10:15:50:     },
2026-09-28 10:15:50:     {
2026-09-28 10:15:50:       employeeId: '3273',
2026-09-28 10:15:50:       timestamp: '2026-09-14T08:48:52',
2026-09-28 10:15:50:       serialNumber: '30417',
2026-09-28 10:15:50:       cardNumber: '3273'
2026-09-28 10:15:50:     },
2026-09-28 10:15:50:     {
2026-09-28 10:15:50:       employeeId: '3042',
2026-09-28 10:15:50:       timestamp: '2026-09-14T08:41:28',
2026-09-28 10:15:50:       serialNumber: '30414',
2026-09-28 10:15:50:       cardNumber: '3042'
2026-09-28 10:15:50:     },
2026-09-28 10:15:50:     {
2026-09-28 10:15:50:       employeeId: '3214',
2026-09-28 10:15:50:       timestamp: '2026-09-14T07:30:27',
2026-09-28 10:15:50:       serialNumber: '30411',
2026-09-28 10:15:50:       cardNumber: '3214'
2026-09-28 10:15:50:     },
2026-09-28 10:15:50:     {
2026-09-28 10:15:50:       employeeId: '3214',
2026-09-28 10:15:50:       timestamp: '2026-09-11T19:16:44',
2026-09-28 10:15:50:       serialNumber: '30408',
2026-09-28 10:15:50:       cardNumber: '3214'
2026-09-28 10:15:50:     },
2026-09-28 10:15:50:     {
2026-09-28 10:15:50:       employeeId: '01345',
2026-09-28 10:15:50:       timestamp: '2026-09-11T19:01:44',
2026-09-28 10:15:50:       serialNumber: '30405',
2026-09-28 10:15:50:       cardNumber: '01345'
2026-09-28 10:15:50:     }
2026-09-28 10:15:50:   ],
2026-09-28 10:15:50:   source: 'app-manual',
2026-09-28 10:15:50:   clockIp: '172.17.102.31',
2026-09-28 10:15:50:   clockName: 'TECNOLOGIAS',
2026-09-28 10:15:50:   syncDate: '2026-09-28T16:15:50.549Z'
2026-09-28 10:15:50: }
2026-09-28 10:16:00: {
2026-09-28 10:16:00:   records: [
2026-09-28 10:16:00:     {
2026-09-28 10:16:00:       employeeId: '01345',
2026-09-28 10:16:00:       timestamp: '2026-09-11T19:01:42',
2026-09-28 10:16:00:       serialNumber: '30404',
2026-09-28 10:16:00:       cardNumber: '01345'
2026-09-28 10:16:00:     },
2026-09-28 10:16:00:     {
2026-09-28 10:16:00:       employeeId: '3214',
2026-09-28 10:16:00:       timestamp: '2026-09-11T18:48:35',
2026-09-28 10:16:00:       serialNumber: '30401',
2026-09-28 10:16:00:       cardNumber: '3214'
2026-09-28 10:16:00:     },
2026-09-28 10:16:00:     {
2026-09-28 10:16:00:       employeeId: '3043',
2026-09-28 10:16:00:       timestamp: '2026-09-11T18:48:24',
2026-09-28 10:16:00:       serialNumber: '30398',
2026-09-28 10:16:00:       cardNumber: '3043'
2026-09-28 10:16:00:     },
2026-09-28 10:16:00:     {
2026-09-28 10:16:00:       employeeId: '3043',
2026-09-28 10:16:00:       timestamp: '2026-09-11T18:48:22',
2026-09-28 10:16:00:       serialNumber: '30397',
2026-09-28 10:16:00:       cardNumber: '3043'
2026-09-28 10:16:00:     },
2026-09-28 10:16:00:     {
2026-09-28 10:16:00:       employeeId: '01100',
2026-09-28 10:16:00:       timestamp: '2026-09-11T18:25:20',
2026-09-28 10:16:00:       serialNumber: '30394',
2026-09-28 10:16:00:       cardNumber: ''
2026-09-28 10:16:00:     },
2026-09-28 10:16:00:     {
2026-09-28 10:16:00:       employeeId: '01100',
2026-09-28 10:16:00:       timestamp: '2026-09-11T18:25:19',
2026-09-28 10:16:00:       serialNumber: '30393',
2026-09-28 10:16:00:       cardNumber: ''
2026-09-28 10:16:00:     },
2026-09-28 10:16:00:     {
2026-09-28 10:16:00:       employeeId: '01042',
2026-09-28 10:16:00:       timestamp: '2026-09-11T18:04:21',
2026-09-28 10:16:00:       serialNumber: '30390',
2026-09-28 10:16:00:       cardNumber: '01042'
2026-09-28 10:16:00:     },
2026-09-28 10:16:00:     {
2026-09-28 10:16:00:       employeeId: '01042',
2026-09-28 10:16:00:       timestamp: '2026-09-11T18:04:19',
2026-09-28 10:16:00:       serialNumber: '30389',
2026-09-28 10:16:00:       cardNumber: '01042'
2026-09-28 10:16:00:     },
2026-09-28 10:16:00:     {
2026-09-28 10:16:00:       employeeId: '01042',
2026-09-28 10:16:00:       timestamp: '2026-09-11T18:04:18',
2026-09-28 10:16:00:       serialNumber: '30388',
2026-09-28 10:16:00:       cardNumber: '01042'
2026-09-28 10:16:00:     },
2026-09-28 10:16:00:     {
2026-09-28 10:16:00:       employeeId: '01042',
2026-09-28 10:16:00:       timestamp: '2026-09-11T18:04:17',
2026-09-28 10:16:00:       serialNumber: '30387',
2026-09-28 10:16:00:       cardNumber: '01042'
2026-09-28 10:16:00:     },
2026-09-28 10:16:00:     {
2026-09-28 10:16:00:       employeeId: '0121',
2026-09-28 10:16:00:       timestamp: '2026-09-11T18:02:16',
2026-09-28 10:16:00:       serialNumber: '30384',
2026-09-28 10:16:00:       cardNumber: '0121'
2026-09-28 10:16:00:     },
2026-09-28 10:16:00:     {
2026-09-28 10:16:00:       employeeId: '0121',
2026-09-28 10:16:00:       timestamp: '2026-09-11T18:02:12',
2026-09-28 10:16:00:       serialNumber: '30383',
2026-09-28 10:16:00:       cardNumber: '0121'
2026-09-28 10:16:00:     },
2026-09-28 10:16:00:     {
2026-09-28 10:16:00:       employeeId: '3042',
2026-09-28 10:16:00:       timestamp: '2026-09-11T18:02:07',
2026-09-28 10:16:00:       serialNumber: '30380',
2026-09-28 10:16:00:       cardNumber: '3042'
2026-09-28 10:16:00:     },
2026-09-28 10:16:00:     {
2026-09-28 10:16:00:       employeeId: '3042',
2026-09-28 10:16:00:       timestamp: '2026-09-11T18:02:04',
2026-09-28 10:16:00:       serialNumber: '30379',
2026-09-28 10:16:00:       cardNumber: '3042'
2026-09-28 10:16:00:     },
2026-09-28 10:16:00:     {
2026-09-28 10:16:00:       employeeId: '3273',
2026-09-28 10:16:00:       timestamp: '2026-09-11T18:02:02',
2026-09-28 10:16:00:       serialNumber: '30378',
2026-09-28 10:16:00:       cardNumber: '3273'
2026-09-28 10:16:00:     },
2026-09-28 10:16:00:     {
2026-09-28 10:16:00:       employeeId: '3273',
2026-09-28 10:16:00:       timestamp: '2026-09-11T18:02:01',
2026-09-28 10:16:00:       serialNumber: '30377',
2026-09-28 10:16:00:       cardNumber: '3273'
2026-09-28 10:16:00:     },
2026-09-28 10:16:00:     {
2026-09-28 10:16:00:       employeeId: '3273',
2026-09-28 10:16:00:       timestamp: '2026-09-11T18:01:59',
2026-09-28 10:16:00:       serialNumber: '30376',
2026-09-28 10:16:00:       cardNumber: '3273'
2026-09-28 10:16:00:     },
2026-09-28 10:16:00:     {
2026-09-28 10:16:00:       employeeId: '01100',
2026-09-28 10:16:00:       timestamp: '2026-09-11T09:23:25',
2026-09-28 10:16:00:       serialNumber: '30369',
2026-09-28 10:16:00:       cardNumber: ''
2026-09-28 10:16:00:     },
2026-09-28 10:16:00:     {
2026-09-28 10:16:00:       employeeId: '01100',
2026-09-28 10:16:00:       timestamp: '2026-09-11T09:23:23',
2026-09-28 10:16:00:       serialNumber: '30368',
2026-09-28 10:16:00:       cardNumber: ''
2026-09-28 10:16:00:     },
2026-09-28 10:16:00:     {
2026-09-28 10:16:00:       employeeId: '3043',
2026-09-28 10:16:00:       timestamp: '2026-09-11T09:07:49',
2026-09-28 10:16:00:       serialNumber: '30365',
2026-09-28 10:16:00:       cardNumber: '3043'
2026-09-28 10:16:00:     },
2026-09-28 10:16:00:     {
2026-09-28 10:16:00:       employeeId: '3043',
2026-09-28 10:16:00:       timestamp: '2026-09-11T09:07:48',
2026-09-28 10:16:00:       serialNumber: '30364',
2026-09-28 10:16:00:       cardNumber: '3043'
2026-09-28 10:16:00:     },
2026-09-28 10:16:00:     {
2026-09-28 10:16:00:       employeeId: '3043',
2026-09-28 10:16:00:       timestamp: '2026-09-11T09:07:29',
2026-09-28 10:16:00:       serialNumber: '30361',
2026-09-28 10:16:00:       cardNumber: '3043'
2026-09-28 10:16:00:     },
2026-09-28 10:16:00:     {
2026-09-28 10:16:00:       employeeId: '01345',
2026-09-28 10:16:00:       timestamp: '2026-09-11T09:05:44',
2026-09-28 10:16:00:       serialNumber: '30358',
2026-09-28 10:16:00:       cardNumber: '01345'
2026-09-28 10:16:00:     },
2026-09-28 10:16:00:     {
2026-09-28 10:16:00:       employeeId: '01345',
2026-09-28 10:16:00:       timestamp: '2026-09-11T09:05:42',
2026-09-28 10:16:00:       serialNumber: '30357',
2026-09-28 10:16:00:       cardNumber: '01345'
2026-09-28 10:16:00:     },
2026-09-28 10:16:00:     {
2026-09-28 10:16:00:       employeeId: '3214',
2026-09-28 10:16:00:       timestamp: '2026-09-11T09:05:27',
2026-09-28 10:16:00:       serialNumber: '30354',
2026-09-28 10:16:00:       cardNumber: '3214'
2026-09-28 10:16:00:     },
2026-09-28 10:16:00:     {
2026-09-28 10:16:00:       employeeId: '0121',
2026-09-28 10:16:00:       timestamp: '2026-09-11T08:55:32',
2026-09-28 10:16:00:       serialNumber: '30351',
2026-09-28 10:16:00:       cardNumber: '0121'
2026-09-28 10:16:00:     },
2026-09-28 10:16:00:     {
2026-09-28 10:16:00:       employeeId: '0121',
2026-09-28 10:16:00:       timestamp: '2026-09-11T08:55:29',
2026-09-28 10:16:00:       serialNumber: '30350',
2026-09-28 10:16:00:       cardNumber: '0121'
2026-09-28 10:16:00:     },
2026-09-28 10:16:00:     {
2026-09-28 10:16:00:       employeeId: '3042',
2026-09-28 10:16:00:       timestamp: '2026-09-11T08:45:29',
2026-09-28 10:16:00:       serialNumber: '30347',
2026-09-28 10:16:00:       cardNumber: '3042'
2026-09-28 10:16:00:     },
2026-09-28 10:16:00:     {
2026-09-28 10:16:00:       employeeId: '3042',
2026-09-28 10:16:00:       timestamp: '2026-09-11T08:45:26',
2026-09-28 10:16:00:       serialNumber: '30346',
2026-09-28 10:16:00:       cardNumber: '3042'
2026-09-28 10:16:00:     },
2026-09-28 10:16:00:     {
2026-09-28 10:16:00:       employeeId: '3273',
2026-09-28 10:16:00:       timestamp: '2026-09-11T08:34:11',
2026-09-28 10:16:00:       serialNumber: '30343',
2026-09-28 10:16:00:       cardNumber: '3273'
2026-09-28 10:16:00:     },
2026-09-28 10:16:00:     {
2026-09-28 10:16:00:       employeeId: '3273',
2026-09-28 10:16:00:       timestamp: '2026-09-11T08:34:10',
2026-09-28 10:16:00:       serialNumber: '30342',
2026-09-28 10:16:00:       cardNumber: '3273'
2026-09-28 10:16:00:     },
2026-09-28 10:16:00:     {
2026-09-28 10:16:00:       employeeId: '3273',
2026-09-28 10:16:00:       timestamp: '2026-09-11T08:34:08',
2026-09-28 10:16:00:       serialNumber: '30341',
2026-09-28 10:16:00:       cardNumber: '3273'
2026-09-28 10:16:00:     },
2026-09-28 10:16:00:     {
2026-09-28 10:16:00:       employeeId: '3214',
2026-09-28 10:16:00:       timestamp: '2026-09-10T20:07:11',
2026-09-28 10:16:00:       serialNumber: '30338',
2026-09-28 10:16:00:       cardNumber: '3214'
2026-09-28 10:16:00:     },
2026-09-28 10:16:00:     {
2026-09-28 10:16:00:       employeeId: '01100',
2026-09-28 10:16:00:       timestamp: '2026-09-10T18:27:39',
2026-09-28 10:16:00:       serialNumber: '30335',
2026-09-28 10:16:00:       cardNumber: ''
2026-09-28 10:16:00:     },
2026-09-28 10:16:00:     {
2026-09-28 10:16:00:       employeeId: '01100',
2026-09-28 10:16:00:       timestamp: '2026-09-10T18:27:37',
2026-09-28 10:16:00:       serialNumber: '30334',
2026-09-28 10:16:00:       cardNumber: ''
2026-09-28 10:16:00:     },
2026-09-28 10:16:00:     {
2026-09-28 10:16:00:       employeeId: '01100',
2026-09-28 10:16:00:       timestamp: '2026-09-10T18:27:36',
2026-09-28 10:16:00:       serialNumber: '30333',
2026-09-28 10:16:00:       cardNumber: ''
2026-09-28 10:16:00:     },
2026-09-28 10:16:00:     {
2026-09-28 10:16:00:       employeeId: '01345',
2026-09-28 10:16:00:       timestamp: '2026-09-10T18:07:27',
2026-09-28 10:16:00:       serialNumber: '30330',
2026-09-28 10:16:00:       cardNumber: '01345'
2026-09-28 10:16:00:     },
2026-09-28 10:16:00:     {
2026-09-28 10:16:00:       employeeId: '01345',
2026-09-28 10:16:00:       timestamp: '2026-09-10T18:07:25',
2026-09-28 10:16:00:       serialNumber: '30329',
2026-09-28 10:16:00:       cardNumber: '01345'
2026-09-28 10:16:00:     },
2026-09-28 10:16:00:     {
2026-09-28 10:16:00:       employeeId: '3042',
2026-09-28 10:16:00:       timestamp: '2026-09-10T18:06:34',
2026-09-28 10:16:00:       serialNumber: '30326',
2026-09-28 10:16:00:       cardNumber: '3042'
2026-09-28 10:16:00:     },
2026-09-28 10:16:00:     {
2026-09-28 10:16:00:       employeeId: '3273',
2026-09-28 10:16:00:       timestamp: '2026-09-10T18:06:30',
2026-09-28 10:16:00:       serialNumber: '30324',
2026-09-28 10:16:00:       cardNumber: '3273'
2026-09-28 10:16:00:     },
2026-09-28 10:16:00:     {
2026-09-28 10:16:00:       employeeId: '3273',
2026-09-28 10:16:00:       timestamp: '2026-09-10T18:06:29',
2026-09-28 10:16:00:       serialNumber: '30323',
2026-09-28 10:16:00:       cardNumber: '3273'
2026-09-28 10:16:00:     },
2026-09-28 10:16:00:     {
2026-09-28 10:16:00:       employeeId: '3273',
2026-09-28 10:16:00:       timestamp: '2026-09-10T18:06:28',
2026-09-28 10:16:00:       serialNumber: '30322',
2026-09-28 10:16:00:       cardNumber: '3273'
2026-09-28 10:16:00:     },
2026-09-28 10:16:00:     {
2026-09-28 10:16:00:       employeeId: '3042',
2026-09-28 10:16:00:       timestamp: '2026-09-10T18:06:26',
2026-09-28 10:16:00:       serialNumber: '30321',
2026-09-28 10:16:00:       cardNumber: '3042'
2026-09-28 10:16:00:     },
2026-09-28 10:16:00:     {
2026-09-28 10:16:00:       employeeId: '01042',
2026-09-28 10:16:00:       timestamp: '2026-09-10T18:06:24',
2026-09-28 10:16:00:       serialNumber: '30320',
2026-09-28 10:16:00:       cardNumber: '01042'
2026-09-28 10:16:00:     },
2026-09-28 10:16:00:     {
2026-09-28 10:16:00:       employeeId: '01042',
2026-09-28 10:16:00:       timestamp: '2026-09-10T18:06:22',
2026-09-28 10:16:00:       serialNumber: '30319',
2026-09-28 10:16:00:       cardNumber: '01042'
2026-09-28 10:16:00:     },
2026-09-28 10:16:00:     {
2026-09-28 10:16:00:       employeeId: '01042',
2026-09-28 10:16:00:       timestamp: '2026-09-10T18:06:21',
2026-09-28 10:16:00:       serialNumber: '30318',
2026-09-28 10:16:00:       cardNumber: '01042'
2026-09-28 10:16:00:     },
2026-09-28 10:16:00:     {
2026-09-28 10:16:00:       employeeId: '3043',
2026-09-28 10:16:00:       timestamp: '2026-09-10T18:04:47',
2026-09-28 10:16:00:       serialNumber: '30315',
2026-09-28 10:16:00:       cardNumber: '3043'
2026-09-28 10:16:00:     },
2026-09-28 10:16:00:     {
2026-09-28 10:16:00:       employeeId: '3043',
2026-09-28 10:16:00:       timestamp: '2026-09-10T18:04:44',
2026-09-28 10:16:00:       serialNumber: '30314',
2026-09-28 10:16:00:       cardNumber: '3043'
2026-09-28 10:16:00:     },
2026-09-28 10:16:00:     {
2026-09-28 10:16:00:       employeeId: '0121',
2026-09-28 10:16:00:       timestamp: '2026-09-10T18:04:40',
2026-09-28 10:16:00:       serialNumber: '30313',
2026-09-28 10:16:00:       cardNumber: '0121'
2026-09-28 10:16:00:     },
2026-09-28 10:16:00:     {
2026-09-28 10:16:00:       employeeId: '0121',
2026-09-28 10:16:00:       timestamp: '2026-09-10T18:04:37',
2026-09-28 10:16:00:       serialNumber: '30312',
2026-09-28 10:16:00:       cardNumber: '0121'
2026-09-28 10:16:00:     },
2026-09-28 10:16:00:     {
2026-09-28 10:16:00:       employeeId: '01042',
2026-09-28 10:16:00:       timestamp: '2026-09-10T09:11:40',
2026-09-28 10:16:00:       serialNumber: '30305',
2026-09-28 10:16:00:       cardNumber: '01042'
2026-09-28 10:16:00:     },
2026-09-28 10:16:00:     {
2026-09-28 10:16:00:       employeeId: '01042',
2026-09-28 10:16:00:       timestamp: '2026-09-10T09:11:39',
2026-09-28 10:16:00:       serialNumber: '30304',
2026-09-28 10:16:00:       cardNumber: '01042'
2026-09-28 10:16:00:     },
2026-09-28 10:16:00:     {
2026-09-28 10:16:00:       employeeId: '01100',
2026-09-28 10:16:00:       timestamp: '2026-09-10T09:09:13',
2026-09-28 10:16:00:       serialNumber: '30301',
2026-09-28 10:16:00:       cardNumber: ''
2026-09-28 10:16:00:     },
2026-09-28 10:16:00:     {
2026-09-28 10:16:00:       employeeId: '01100',
2026-09-28 10:16:00:       timestamp: '2026-09-10T09:09:12',
2026-09-28 10:16:00:       serialNumber: '30300',
2026-09-28 10:16:00:       cardNumber: ''
2026-09-28 10:16:00:     },
2026-09-28 10:16:00:     {
2026-09-28 10:16:00:       employeeId: '01345',
2026-09-28 10:16:00:       timestamp: '2026-09-10T09:06:26',
2026-09-28 10:16:00:       serialNumber: '30297',
2026-09-28 10:16:00:       cardNumber: '01345'
2026-09-28 10:16:00:     },
2026-09-28 10:16:00:     {
2026-09-28 10:16:00:       employeeId: '01345',
2026-09-28 10:16:00:       timestamp: '2026-09-10T09:06:24',
2026-09-28 10:16:00:       serialNumber: '30296',
2026-09-28 10:16:00:       cardNumber: '01345'
2026-09-28 10:16:00:     },
2026-09-28 10:16:00:     {
2026-09-28 10:16:00:       employeeId: '3214',
2026-09-28 10:16:00:       timestamp: '2026-09-10T09:06:02',
2026-09-28 10:16:00:       serialNumber: '30293',
2026-09-28 10:16:00:       cardNumber: '3214'
2026-09-28 10:16:00:     },
2026-09-28 10:16:00:     {
2026-09-28 10:16:00:       employeeId: '3042',
2026-09-28 10:16:00:       timestamp: '2026-09-10T09:00:04',
2026-09-28 10:16:00:       serialNumber: '30290',
2026-09-28 10:16:00:       cardNumber: '3042'
2026-09-28 10:16:00:     },
2026-09-28 10:16:00:     {
2026-09-28 10:16:00:       employeeId: '0121',
2026-09-28 10:16:00:       timestamp: '2026-09-10T08:59:54',
2026-09-28 10:16:00:       serialNumber: '30287',
2026-09-28 10:16:00:       cardNumber: '0121'
2026-09-28 10:16:00:     },
2026-09-28 10:16:00:     {
2026-09-28 10:16:00:       employeeId: '0121',
2026-09-28 10:16:00:       timestamp: '2026-09-10T08:59:51',
2026-09-28 10:16:00:       serialNumber: '30286',
2026-09-28 10:16:00:       cardNumber: '0121'
2026-09-28 10:16:00:     },
2026-09-28 10:16:00:     {
2026-09-28 10:16:00:       employeeId: '3042',
2026-09-28 10:16:00:       timestamp: '2026-09-10T08:59:48',
2026-09-28 10:16:00:       serialNumber: '30285',
2026-09-28 10:16:00:       cardNumber: '3042'
2026-09-28 10:16:00:     },
2026-09-28 10:16:00:     {
2026-09-28 10:16:00:       employeeId: '3273',
2026-09-28 10:16:00:       timestamp: '2026-09-10T08:32:06',
2026-09-28 10:16:00:       serialNumber: '30282',
2026-09-28 10:16:00:       cardNumber: '3273'
2026-09-28 10:16:00:     },
2026-09-28 10:16:00:     {
2026-09-28 10:16:00:       employeeId: '3273',
2026-09-28 10:16:00:       timestamp: '2026-09-10T08:32:05',
2026-09-28 10:16:00:       serialNumber: '30281',
2026-09-28 10:16:00:       cardNumber: '3273'
2026-09-28 10:16:00:     },
2026-09-28 10:16:00:     {
2026-09-28 10:16:00:       employeeId: '3273',
2026-09-28 10:16:00:       timestamp: '2026-09-10T08:32:04',
2026-09-28 10:16:00:       serialNumber: '30280',
2026-09-28 10:16:00:       cardNumber: '3273'
2026-09-28 10:16:00:     },
2026-09-28 10:16:00:     {
2026-09-28 10:16:00:       employeeId: '01345',
2026-09-28 10:16:00:       timestamp: '2026-09-09T19:04:14',
2026-09-28 10:16:00:       serialNumber: '30277',
2026-09-28 10:16:00:       cardNumber: '01345'
2026-09-28 10:16:00:     },
2026-09-28 10:16:00:     {
2026-09-28 10:16:00:       employeeId: '01345',
2026-09-28 10:16:00:       timestamp: '2026-09-09T19:04:12',
2026-09-28 10:16:00:       serialNumber: '30276',
2026-09-28 10:16:00:       cardNumber: '01345'
2026-09-28 10:16:00:     },
2026-09-28 10:16:00:     {
2026-09-28 10:16:00:       employeeId: '01100',
2026-09-28 10:16:00:       timestamp: '2026-09-09T18:27:06',
2026-09-28 10:16:00:       serialNumber: '30273',
2026-09-28 10:16:00:       cardNumber: ''
2026-09-28 10:16:00:     },
2026-09-28 10:16:00:     {
2026-09-28 10:16:00:       employeeId: '01100',
2026-09-28 10:16:00:       timestamp: '2026-09-09T18:26:57',
2026-09-28 10:16:00:       serialNumber: '30269',
2026-09-28 10:16:00:       cardNumber: ''
2026-09-28 10:16:00:     },
2026-09-28 10:16:00:     {
2026-09-28 10:16:00:       employeeId: '01100',
2026-09-28 10:16:00:       timestamp: '2026-09-09T18:26:56',
2026-09-28 10:16:00:       serialNumber: '30268',
2026-09-28 10:16:00:       cardNumber: ''
2026-09-28 10:16:00:     },
2026-09-28 10:16:00:     {
2026-09-28 10:16:00:       employeeId: '3214',
2026-09-28 10:16:00:       timestamp: '2026-09-09T18:12:34',
2026-09-28 10:16:00:       serialNumber: '30265',
2026-09-28 10:16:00:       cardNumber: '3214'
2026-09-28 10:16:00:     },
2026-09-28 10:16:00:     {
2026-09-28 10:16:00:       employeeId: '01042',
2026-09-28 10:16:00:       timestamp: '2026-09-09T18:10:11',
2026-09-28 10:16:00:       serialNumber: '30262',
2026-09-28 10:16:00:       cardNumber: '01042'
2026-09-28 10:16:00:     },
2026-09-28 10:16:00:     {
2026-09-28 10:16:00:       employeeId: '01042',
2026-09-28 10:16:00:       timestamp: '2026-09-09T18:10:10',
2026-09-28 10:16:00:       serialNumber: '30261',
2026-09-28 10:16:00:       cardNumber: '01042'
2026-09-28 10:16:00:     },
2026-09-28 10:16:00:     {
2026-09-28 10:16:00:       employeeId: '01042',
2026-09-28 10:16:00:       timestamp: '2026-09-09T18:10:08',
2026-09-28 10:16:00:       serialNumber: '30260',
2026-09-28 10:16:00:       cardNumber: '01042'
2026-09-28 10:16:00:     },
2026-09-28 10:16:00:     {
2026-09-28 10:16:00:       employeeId: '3042',
2026-09-28 10:16:00:       timestamp: '2026-09-09T18:08:36',
2026-09-28 10:16:00:       serialNumber: '30256',
2026-09-28 10:16:00:       cardNumber: '3042'
2026-09-28 10:16:00:     },
2026-09-28 10:16:00:     {
2026-09-28 10:16:00:       employeeId: '3043',
2026-09-28 10:16:00:       timestamp: '2026-09-09T18:07:23',
2026-09-28 10:16:00:       serialNumber: '30253',
2026-09-28 10:16:00:       cardNumber: '3043'
2026-09-28 10:16:00:     },
2026-09-28 10:16:00:     {
2026-09-28 10:16:00:       employeeId: '3043',
2026-09-28 10:16:00:       timestamp: '2026-09-09T18:07:20',
2026-09-28 10:16:00:       serialNumber: '30252',
2026-09-28 10:16:00:       cardNumber: '3043'
2026-09-28 10:16:00:     },
2026-09-28 10:16:00:     {
2026-09-28 10:16:00:       employeeId: '3043',
2026-09-28 10:16:00:       timestamp: '2026-09-09T18:07:17',
2026-09-28 10:16:00:       serialNumber: '30251',
2026-09-28 10:16:00:       cardNumber: '3043'
2026-09-28 10:16:00:     },
2026-09-28 10:16:00:     {
2026-09-28 10:16:00:       employeeId: '0121',
2026-09-28 10:16:00:       timestamp: '2026-09-09T18:07:12',
2026-09-28 10:16:00:       serialNumber: '30248',
2026-09-28 10:16:00:       cardNumber: '0121'
2026-09-28 10:16:00:     },
2026-09-28 10:16:00:     {
2026-09-28 10:16:00:       employeeId: '0121',
2026-09-28 10:16:00:       timestamp: '2026-09-09T18:07:09',
2026-09-28 10:16:00:       serialNumber: '30247',
2026-09-28 10:16:00:       cardNumber: '0121'
2026-09-28 10:16:00:     },
2026-09-28 10:16:00:     {
2026-09-28 10:16:00:       employeeId: '3273',
2026-09-28 10:16:00:       timestamp: '2026-09-09T18:02:26',
2026-09-28 10:16:00:       serialNumber: '30244',
2026-09-28 10:16:00:       cardNumber: '3273'
2026-09-28 10:16:00:     },
2026-09-28 10:16:00:     {
2026-09-28 10:16:00:       employeeId: '3273',
2026-09-28 10:16:00:       timestamp: '2026-09-09T18:02:25',
2026-09-28 10:16:00:       serialNumber: '30243',
2026-09-28 10:16:00:       cardNumber: '3273'
2026-09-28 10:16:00:     },
2026-09-28 10:16:00:     {
2026-09-28 10:16:00:       employeeId: '3214',
2026-09-28 10:16:00:       timestamp: '2026-09-09T09:10:10',
2026-09-28 10:16:00:       serialNumber: '30240',
2026-09-28 10:16:00:       cardNumber: '3214'
2026-09-28 10:16:00:     },
2026-09-28 10:16:00:     {
2026-09-28 10:16:00:       employeeId: '3043',
2026-09-28 10:16:00:       timestamp: '2026-09-09T09:09:13',
2026-09-28 10:16:00:       serialNumber: '30237',
2026-09-28 10:16:00:       cardNumber: '3043'
2026-09-28 10:16:00:     },
2026-09-28 10:16:00:     {
2026-09-28 10:16:00:       employeeId: '3043',
2026-09-28 10:16:00:       timestamp: '2026-09-09T09:09:12',
2026-09-28 10:16:00:       serialNumber: '30236',
2026-09-28 10:16:00:       cardNumber: '3043'
2026-09-28 10:16:00:     },
2026-09-28 10:16:00:     {
2026-09-28 10:16:00:       employeeId: '3043',
2026-09-28 10:16:00:       timestamp: '2026-09-09T09:09:11',
2026-09-28 10:16:00:       serialNumber: '30235',
2026-09-28 10:16:00:       cardNumber: '3043'
2026-09-28 10:16:00:     },
2026-09-28 10:16:00:     {
2026-09-28 10:16:00:       employeeId: '01345',
2026-09-28 10:16:00:       timestamp: '2026-09-09T09:07:41',
2026-09-28 10:16:00:       serialNumber: '30232',
2026-09-28 10:16:00:       cardNumber: '01345'
2026-09-28 10:16:00:     },
2026-09-28 10:16:00:     {
2026-09-28 10:16:00:       employeeId: '01345',
2026-09-28 10:16:00:       timestamp: '2026-09-09T09:07:39',
2026-09-28 10:16:00:       serialNumber: '30231',
2026-09-28 10:16:00:       cardNumber: '01345'
2026-09-28 10:16:00:     },
2026-09-28 10:16:00:     {
2026-09-28 10:16:00:       employeeId: '0121',
2026-09-28 10:16:00:       timestamp: '2026-09-09T08:55:40',
2026-09-28 10:16:00:       serialNumber: '30228',
2026-09-28 10:16:00:       cardNumber: '0121'
2026-09-28 10:16:00:     },
2026-09-28 10:16:00:     {
2026-09-28 10:16:00:       employeeId: '0121',
2026-09-28 10:16:00:       timestamp: '2026-09-09T08:55:37',
2026-09-28 10:16:00:       serialNumber: '30227',
2026-09-28 10:16:00:       cardNumber: '0121'
2026-09-28 10:16:00:     },
2026-09-28 10:16:00:     {
2026-09-28 10:16:00:       employeeId: '01042',
2026-09-28 10:16:00:       timestamp: '2026-09-09T08:49:28',
2026-09-28 10:16:00:       serialNumber: '30224',
2026-09-28 10:16:00:       cardNumber: '01042'
2026-09-28 10:16:00:     },
2026-09-28 10:16:00:     {
2026-09-28 10:16:00:       employeeId: '01042',
2026-09-28 10:16:00:       timestamp: '2026-09-09T08:49:27',
2026-09-28 10:16:00:       serialNumber: '30223',
2026-09-28 10:16:00:       cardNumber: '01042'
2026-09-28 10:16:00:     },
2026-09-28 10:16:00:     {
2026-09-28 10:16:00:       employeeId: '01042',
2026-09-28 10:16:00:       timestamp: '2026-09-09T08:49:26',
2026-09-28 10:16:00:       serialNumber: '30222',
2026-09-28 10:16:00:       cardNumber: '01042'
2026-09-28 10:16:00:     },
2026-09-28 10:16:00:     {
2026-09-28 10:16:00:       employeeId: '01042',
2026-09-28 10:16:00:       timestamp: '2026-09-09T08:47:27',
2026-09-28 10:16:00:       serialNumber: '30219',
2026-09-28 10:16:00:       cardNumber: '01042'
2026-09-28 10:16:00:     },
2026-09-28 10:16:00:     {
2026-09-28 10:16:00:       employeeId: '01042',
2026-09-28 10:16:00:       timestamp: '2026-09-09T08:47:26',
2026-09-28 10:16:00:       serialNumber: '30218',
2026-09-28 10:16:00:       cardNumber: '01042'
2026-09-28 10:16:00:     },
2026-09-28 10:16:00:     {
2026-09-28 10:16:00:       employeeId: '01042',
2026-09-28 10:16:00:       timestamp: '2026-09-09T08:47:25',
2026-09-28 10:16:00:       serialNumber: '30217',
2026-09-28 10:16:00:       cardNumber: '01042'
2026-09-28 10:16:00:     },
2026-09-28 10:16:00:     {
2026-09-28 10:16:00:       employeeId: '3042',
2026-09-28 10:16:00:       timestamp: '2026-09-09T08:42:00',
2026-09-28 10:16:00:       serialNumber: '30214',
2026-09-28 10:16:00:       cardNumber: '3042'
2026-09-28 10:16:00:     },
2026-09-28 10:16:00:     {
2026-09-28 10:16:00:       employeeId: '3273',
2026-09-28 10:16:00:       timestamp: '2026-09-09T08:32:41',
2026-09-28 10:16:00:       serialNumber: '30211',
2026-09-28 10:16:00:       cardNumber: '3273'
2026-09-28 10:16:00:     },
2026-09-28 10:16:00:     {
2026-09-28 10:16:00:       employeeId: '3273',
2026-09-28 10:16:00:       timestamp: '2026-09-09T08:32:39',
2026-09-28 10:16:00:       serialNumber: '30210',
2026-09-28 10:16:00:       cardNumber: '3273'
2026-09-28 10:16:00:     },
2026-09-28 10:16:00:     {
2026-09-28 10:16:00:       employeeId: '3273',
2026-09-28 10:16:00:       timestamp: '2026-09-09T08:32:38',
2026-09-28 10:16:00:       serialNumber: '30209',
2026-09-28 10:16:00:       cardNumber: '3273'
2026-09-28 10:16:00:     },
2026-09-28 10:16:00:     {
2026-09-28 10:16:00:       employeeId: '3214',
2026-09-28 10:16:00:       timestamp: '2026-09-08T19:35:38',
2026-09-28 10:16:00:       serialNumber: '30206',
2026-09-28 10:16:00:       cardNumber: '3214'
2026-09-28 10:16:00:     }
2026-09-28 10:16:00:   ],
2026-09-28 10:16:00:   source: 'app-manual',
2026-09-28 10:16:00:   clockIp: '172.17.102.31',
2026-09-28 10:16:00:   clockName: 'TECNOLOGIAS',
2026-09-28 10:16:00:   syncDate: '2026-09-28T16:16:00.134Z'
2026-09-28 10:16:00: }
2026-09-28 10:16:08: {
2026-09-28 10:16:08:   records: [
2026-09-28 10:16:08:     {
2026-09-28 10:16:08:       employeeId: '01100',
2026-09-28 10:16:08:       timestamp: '2026-09-08T18:20:54',
2026-09-28 10:16:08:       serialNumber: '30203',
2026-09-28 10:16:08:       cardNumber: ''
2026-09-28 10:16:08:     },
2026-09-28 10:16:08:     {
2026-09-28 10:16:08:       employeeId: '01100',
2026-09-28 10:16:08:       timestamp: '2026-09-08T18:20:52',
2026-09-28 10:16:08:       serialNumber: '30202',
2026-09-28 10:16:08:       cardNumber: ''
2026-09-28 10:16:08:     },
2026-09-28 10:16:08:     {
2026-09-28 10:16:08:       employeeId: '01100',
2026-09-28 10:16:08:       timestamp: '2026-09-08T18:18:52',
2026-09-28 10:16:08:       serialNumber: '30199',
2026-09-28 10:16:08:       cardNumber: ''
2026-09-28 10:16:08:     },
2026-09-28 10:16:08:     {
2026-09-28 10:16:08:       employeeId: '01100',
2026-09-28 10:16:08:       timestamp: '2026-09-08T18:18:51',
2026-09-28 10:16:08:       serialNumber: '30198',
2026-09-28 10:16:08:       cardNumber: ''
2026-09-28 10:16:08:     },
2026-09-28 10:16:08:     {
2026-09-28 10:16:08:       employeeId: '01100',
2026-09-28 10:16:08:       timestamp: '2026-09-08T18:18:50',
2026-09-28 10:16:08:       serialNumber: '30197',
2026-09-28 10:16:08:       cardNumber: ''
2026-09-28 10:16:08:     },
2026-09-28 10:16:08:     {
2026-09-28 10:16:08:       employeeId: '01345',
2026-09-28 10:16:08:       timestamp: '2026-09-08T18:10:22',
2026-09-28 10:16:08:       serialNumber: '30194',
2026-09-28 10:16:08:       cardNumber: '01345'
2026-09-28 10:16:08:     },
2026-09-28 10:16:08:     {
2026-09-28 10:16:08:       employeeId: '01345',
2026-09-28 10:16:08:       timestamp: '2026-09-08T18:10:19',
2026-09-28 10:16:08:       serialNumber: '30193',
2026-09-28 10:16:08:       cardNumber: '01345'
2026-09-28 10:16:08:     },
2026-09-28 10:16:08:     {
2026-09-28 10:16:08:       employeeId: '3042',
2026-09-28 10:16:08:       timestamp: '2026-09-08T18:10:17',
2026-09-28 10:16:08:       serialNumber: '30192',
2026-09-28 10:16:08:       cardNumber: '3042'
2026-09-28 10:16:08:     },
2026-09-28 10:16:08:     {
2026-09-28 10:16:08:       employeeId: '3042',
2026-09-28 10:16:08:       timestamp: '2026-09-08T18:10:15',
2026-09-28 10:16:08:       serialNumber: '30191',
2026-09-28 10:16:08:       cardNumber: '3042'
2026-09-28 10:16:08:     },
2026-09-28 10:16:08:     {
2026-09-28 10:16:08:       employeeId: '3043',
2026-09-28 10:16:08:       timestamp: '2026-09-08T18:10:12',
2026-09-28 10:16:08:       serialNumber: '30189',
2026-09-28 10:16:08:       cardNumber: '3043'
2026-09-28 10:16:08:     },
2026-09-28 10:16:08:     {
2026-09-28 10:16:08:       employeeId: '3043',
2026-09-28 10:16:08:       timestamp: '2026-09-08T18:10:10',
2026-09-28 10:16:08:       serialNumber: '30188',
2026-09-28 10:16:08:       cardNumber: '3043'
2026-09-28 10:16:08:     },
2026-09-28 10:16:08:     {
2026-09-28 10:16:08:       employeeId: '3043',
2026-09-28 10:16:08:       timestamp: '2026-09-08T18:10:08',
2026-09-28 10:16:08:       serialNumber: '30187',
2026-09-28 10:16:08:       cardNumber: '3043'
2026-09-28 10:16:08:     },
2026-09-28 10:16:08:     {
2026-09-28 10:16:08:       employeeId: '01042',
2026-09-28 10:16:08:       timestamp: '2026-09-08T18:09:34',
2026-09-28 10:16:08:       serialNumber: '30184',
2026-09-28 10:16:08:       cardNumber: '01042'
2026-09-28 10:16:08:     },
2026-09-28 10:16:08:     {
2026-09-28 10:16:08:       employeeId: '01042',
2026-09-28 10:16:08:       timestamp: '2026-09-08T18:09:32',
2026-09-28 10:16:08:       serialNumber: '30183',
2026-09-28 10:16:08:       cardNumber: '01042'
2026-09-28 10:16:08:     },
2026-09-28 10:16:08:     {
2026-09-28 10:16:08:       employeeId: '0121',
2026-09-28 10:16:08:       timestamp: '2026-09-08T18:08:45',
2026-09-28 10:16:08:       serialNumber: '30180',
2026-09-28 10:16:08:       cardNumber: '0121'
2026-09-28 10:16:08:     },
2026-09-28 10:16:08:     {
2026-09-28 10:16:08:       employeeId: '0121',
2026-09-28 10:16:08:       timestamp: '2026-09-08T18:08:42',
2026-09-28 10:16:08:       serialNumber: '30179',
2026-09-28 10:16:08:       cardNumber: '0121'
2026-09-28 10:16:08:     },
2026-09-28 10:16:08:     {
2026-09-28 10:16:08:       employeeId: '3273',
2026-09-28 10:16:08:       timestamp: '2026-09-08T18:06:15',
2026-09-28 10:16:08:       serialNumber: '30176',
2026-09-28 10:16:08:       cardNumber: '3273'
2026-09-28 10:16:08:     },
2026-09-28 10:16:08:     {
2026-09-28 10:16:08:       employeeId: '3273',
2026-09-28 10:16:08:       timestamp: '2026-09-08T18:06:13',
2026-09-28 10:16:08:       serialNumber: '30175',
2026-09-28 10:16:08:       cardNumber: '3273'
2026-09-28 10:16:08:     },
2026-09-28 10:16:08:     {
2026-09-28 10:16:08:       employeeId: '3273',
2026-09-28 10:16:08:       timestamp: '2026-09-08T18:06:11',
2026-09-28 10:16:08:       serialNumber: '30174',
2026-09-28 10:16:08:       cardNumber: '3273'
2026-09-28 10:16:08:     },
2026-09-28 10:16:08:     {
2026-09-28 10:16:08:       employeeId: '01345',
2026-09-28 10:16:08:       timestamp: '2026-09-08T09:15:58',
2026-09-28 10:16:08:       serialNumber: '30168',
2026-09-28 10:16:08:       cardNumber: '01345'
2026-09-28 10:16:08:     },
2026-09-28 10:16:08:     {
2026-09-28 10:16:08:       employeeId: '01345',
2026-09-28 10:16:08:       timestamp: '2026-09-08T09:15:57',
2026-09-28 10:16:08:       serialNumber: '30167',
2026-09-28 10:16:08:       cardNumber: '01345'
2026-09-28 10:16:08:     },
2026-09-28 10:16:08:     {
2026-09-28 10:16:08:       employeeId: '01042',
2026-09-28 10:16:08:       timestamp: '2026-09-08T09:09:49',
2026-09-28 10:16:08:       serialNumber: '30164',
2026-09-28 10:16:08:       cardNumber: '01042'
2026-09-28 10:16:08:     },
2026-09-28 10:16:08:     {
2026-09-28 10:16:08:       employeeId: '01042',
2026-09-28 10:16:08:       timestamp: '2026-09-08T09:09:48',
2026-09-28 10:16:08:       serialNumber: '30163',
2026-09-28 10:16:08:       cardNumber: '01042'
2026-09-28 10:16:08:     },
2026-09-28 10:16:08:     {
2026-09-28 10:16:08:       employeeId: '01042',
2026-09-28 10:16:08:       timestamp: '2026-09-08T09:09:47',
2026-09-28 10:16:08:       serialNumber: '30162',
2026-09-28 10:16:08:       cardNumber: '01042'
2026-09-28 10:16:08:     },
2026-09-28 10:16:08:     {
2026-09-28 10:16:08:       employeeId: '01042',
2026-09-28 10:16:08:       timestamp: '2026-09-08T09:09:46',
2026-09-28 10:16:08:       serialNumber: '30161',
2026-09-28 10:16:08:       cardNumber: '01042'
2026-09-28 10:16:08:     },
2026-09-28 10:16:08:     {
2026-09-28 10:16:08:       employeeId: '01042',
2026-09-28 10:16:08:       timestamp: '2026-09-08T09:09:44',
2026-09-28 10:16:08:       serialNumber: '30160',
2026-09-28 10:16:08:       cardNumber: '01042'
2026-09-28 10:16:08:     },
2026-09-28 10:16:08:     {
2026-09-28 10:16:08:       employeeId: '3043',
2026-09-28 10:16:08:       timestamp: '2026-09-08T09:09:06',
2026-09-28 10:16:08:       serialNumber: '30157',
2026-09-28 10:16:08:       cardNumber: '3043'
2026-09-28 10:16:08:     },
2026-09-28 10:16:08:     {
2026-09-28 10:16:08:       employeeId: '3043',
2026-09-28 10:16:08:       timestamp: '2026-09-08T09:09:05',
2026-09-28 10:16:08:       serialNumber: '30156',
2026-09-28 10:16:08:       cardNumber: '3043'
2026-09-28 10:16:08:     },
2026-09-28 10:16:08:     {
2026-09-28 10:16:08:       employeeId: '3043',
2026-09-28 10:16:08:       timestamp: '2026-09-08T09:09:03',
2026-09-28 10:16:08:       serialNumber: '30155',
2026-09-28 10:16:08:       cardNumber: '3043'
2026-09-28 10:16:08:     },
2026-09-28 10:16:08:     {
2026-09-28 10:16:08:       employeeId: '01100',
2026-09-28 10:16:08:       timestamp: '2026-09-08T09:04:33',
2026-09-28 10:16:08:       serialNumber: '30152',
2026-09-28 10:16:08:       cardNumber: ''
2026-09-28 10:16:08:     },
2026-09-28 10:16:08:     {
2026-09-28 10:16:08:       employeeId: '01100',
2026-09-28 10:16:08:       timestamp: '2026-09-08T09:04:32',
2026-09-28 10:16:08:       serialNumber: '30151',
2026-09-28 10:16:08:       cardNumber: ''
2026-09-28 10:16:08:     },
2026-09-28 10:16:08:     {
2026-09-28 10:16:08:       employeeId: '0121',
2026-09-28 10:16:08:       timestamp: '2026-09-08T08:56:02',
2026-09-28 10:16:08:       serialNumber: '30148',
2026-09-28 10:16:08:       cardNumber: '0121'
2026-09-28 10:16:08:     },
2026-09-28 10:16:08:     {
2026-09-28 10:16:08:       employeeId: '0121',
2026-09-28 10:16:08:       timestamp: '2026-09-08T08:55:58',
2026-09-28 10:16:08:       serialNumber: '30147',
2026-09-28 10:16:08:       cardNumber: '0121'
2026-09-28 10:16:08:     },
2026-09-28 10:16:08:     {
2026-09-28 10:16:08:       employeeId: '3042',
2026-09-28 10:16:08:       timestamp: '2026-09-08T08:50:43',
2026-09-28 10:16:08:       serialNumber: '30144',
2026-09-28 10:16:08:       cardNumber: '3042'
2026-09-28 10:16:08:     },
2026-09-28 10:16:08:     {
2026-09-28 10:16:08:       employeeId: '3273',
2026-09-28 10:16:08:       timestamp: '2026-09-08T08:34:20',
2026-09-28 10:16:08:       serialNumber: '30141',
2026-09-28 10:16:08:       cardNumber: '3273'
2026-09-28 10:16:08:     },
2026-09-28 10:16:08:     {
2026-09-28 10:16:08:       employeeId: '3273',
2026-09-28 10:16:08:       timestamp: '2026-09-08T08:34:19',
2026-09-28 10:16:08:       serialNumber: '30140',
2026-09-28 10:16:08:       cardNumber: '3273'
2026-09-28 10:16:08:     },
2026-09-28 10:16:08:     {
2026-09-28 10:16:08:       employeeId: '3273',
2026-09-28 10:16:08:       timestamp: '2026-09-08T08:34:18',
2026-09-28 10:16:08:       serialNumber: '30139',
2026-09-28 10:16:08:       cardNumber: '3273'
2026-09-28 10:16:08:     },
2026-09-28 10:16:08:     {
2026-09-28 10:16:08:       employeeId: '3214',
2026-09-28 10:16:08:       timestamp: '2026-09-07T20:50:04',
2026-09-28 10:16:08:       serialNumber: '30136',
2026-09-28 10:16:08:       cardNumber: '3214'
2026-09-28 10:16:08:     },
2026-09-28 10:16:08:     {
2026-09-28 10:16:08:       employeeId: '01100',
2026-09-28 10:16:08:       timestamp: '2026-09-07T18:37:32',
2026-09-28 10:16:08:       serialNumber: '30133',
2026-09-28 10:16:08:       cardNumber: ''
2026-09-28 10:16:08:     },
2026-09-28 10:16:08:     {
2026-09-28 10:16:08:       employeeId: '01100',
2026-09-28 10:16:08:       timestamp: '2026-09-07T18:36:06',
2026-09-28 10:16:08:       serialNumber: '30130',
2026-09-28 10:16:08:       cardNumber: ''
2026-09-28 10:16:08:     },
2026-09-28 10:16:08:     {
2026-09-28 10:16:08:       employeeId: '01100',
2026-09-28 10:16:08:       timestamp: '2026-09-07T18:36:05',
2026-09-28 10:16:08:       serialNumber: '30129',
2026-09-28 10:16:08:       cardNumber: ''
2026-09-28 10:16:08:     },
2026-09-28 10:16:08:     {
2026-09-28 10:16:08:       employeeId: '01345',
2026-09-28 10:16:08:       timestamp: '2026-09-07T18:35:54',
2026-09-28 10:16:08:       serialNumber: '30126',
2026-09-28 10:16:08:       cardNumber: '01345'
2026-09-28 10:16:08:     },
2026-09-28 10:16:08:     {
2026-09-28 10:16:08:       employeeId: '3043',
2026-09-28 10:16:08:       timestamp: '2026-09-07T18:35:49',
2026-09-28 10:16:08:       serialNumber: '30123',
2026-09-28 10:16:08:       cardNumber: '3043'
2026-09-28 10:16:08:     },
2026-09-28 10:16:08:     {
2026-09-28 10:16:08:       employeeId: '3043',
2026-09-28 10:16:08:       timestamp: '2026-09-07T18:35:46',
2026-09-28 10:16:08:       serialNumber: '30122',
2026-09-28 10:16:08:       cardNumber: '3043'
2026-09-28 10:16:08:     },
2026-09-28 10:16:08:     {
2026-09-28 10:16:08:       employeeId: '3043',
2026-09-28 10:16:08:       timestamp: '2026-09-07T18:35:45',
2026-09-28 10:16:08:       serialNumber: '30121',
2026-09-28 10:16:08:       cardNumber: '3043'
2026-09-28 10:16:08:     },
2026-09-28 10:16:08:     {
2026-09-28 10:16:08:       employeeId: '01345',
2026-09-28 10:16:08:       timestamp: '2026-09-07T18:35:41',
2026-09-28 10:16:08:       serialNumber: '30120',
2026-09-28 10:16:08:       cardNumber: '01345'
2026-09-28 10:16:08:     },
2026-09-28 10:16:08:     {
2026-09-28 10:16:08:       employeeId: '3042',
2026-09-28 10:16:08:       timestamp: '2026-09-07T18:23:09',
2026-09-28 10:16:08:       serialNumber: '30117',
2026-09-28 10:16:08:       cardNumber: '3042'
2026-09-28 10:16:08:     },
2026-09-28 10:16:08:     {
2026-09-28 10:16:08:       employeeId: '3042',
2026-09-28 10:16:08:       timestamp: '2026-09-07T18:23:06',
2026-09-28 10:16:08:       serialNumber: '30116',
2026-09-28 10:16:08:       cardNumber: '3042'
2026-09-28 10:16:08:     },
2026-09-28 10:16:08:     {
2026-09-28 10:16:08:       employeeId: '0121',
2026-09-28 10:16:08:       timestamp: '2026-09-07T18:21:53',
2026-09-28 10:16:08:       serialNumber: '30113',
2026-09-28 10:16:08:       cardNumber: '0121'
2026-09-28 10:16:08:     },
2026-09-28 10:16:08:     {
2026-09-28 10:16:08:       employeeId: '0121',
2026-09-28 10:16:08:       timestamp: '2026-09-07T18:21:51',
2026-09-28 10:16:08:       serialNumber: '30112',
2026-09-28 10:16:08:       cardNumber: '0121'
2026-09-28 10:16:08:     },
2026-09-28 10:16:08:     {
2026-09-28 10:16:08:       employeeId: '01042',
2026-09-28 10:16:08:       timestamp: '2026-09-07T18:05:04',
2026-09-28 10:16:08:       serialNumber: '30109',
2026-09-28 10:16:08:       cardNumber: '01042'
2026-09-28 10:16:08:     },
2026-09-28 10:16:08:     {
2026-09-28 10:16:08:       employeeId: '01042',
2026-09-28 10:16:08:       timestamp: '2026-09-07T18:05:02',
2026-09-28 10:16:08:       serialNumber: '30108',
2026-09-28 10:16:08:       cardNumber: '01042'
2026-09-28 10:16:08:     },
2026-09-28 10:16:08:     {
2026-09-28 10:16:08:       employeeId: '3273',
2026-09-28 10:16:08:       timestamp: '2026-09-07T18:04:59',
2026-09-28 10:16:08:       serialNumber: '30107',
2026-09-28 10:16:08:       cardNumber: '3273'
2026-09-28 10:16:08:     },
2026-09-28 10:16:08:     {
2026-09-28 10:16:08:       employeeId: '3273',
2026-09-28 10:16:08:       timestamp: '2026-09-07T18:04:57',
2026-09-28 10:16:08:       serialNumber: '30106',
2026-09-28 10:16:08:       cardNumber: '3273'
2026-09-28 10:16:08:     },
2026-09-28 10:16:08:     {
2026-09-28 10:16:08:       employeeId: '3214',
2026-09-28 10:16:08:       timestamp: '2026-09-07T09:15:27',
2026-09-28 10:16:08:       serialNumber: '30096',
2026-09-28 10:16:08:       cardNumber: '3214'
2026-09-28 10:16:08:     },
2026-09-28 10:16:08:     {
2026-09-28 10:16:08:       employeeId: '01042',
2026-09-28 10:16:08:       timestamp: '2026-09-07T09:09:57',
2026-09-28 10:16:08:       serialNumber: '30093',
2026-09-28 10:16:08:       cardNumber: '01042'
2026-09-28 10:16:08:     },
2026-09-28 10:16:08:     {
2026-09-28 10:16:08:       employeeId: '01042',
2026-09-28 10:16:08:       timestamp: '2026-09-07T09:09:55',
2026-09-28 10:16:08:       serialNumber: '30092',
2026-09-28 10:16:08:       cardNumber: '01042'
2026-09-28 10:16:08:     },
2026-09-28 10:16:08:     {
2026-09-28 10:16:08:       employeeId: '01042',
2026-09-28 10:16:08:       timestamp: '2026-09-07T09:09:54',
2026-09-28 10:16:08:       serialNumber: '30091',
2026-09-28 10:16:08:       cardNumber: '01042'
2026-09-28 10:16:08:     },
2026-09-28 10:16:08:     {
2026-09-28 10:16:08:       employeeId: '01042',
2026-09-28 10:16:08:       timestamp: '2026-09-07T09:09:52',
2026-09-28 10:16:08:       serialNumber: '30090',
2026-09-28 10:16:08:       cardNumber: '01042'
2026-09-28 10:16:08:     },
2026-09-28 10:16:08:     {
2026-09-28 10:16:08:       employeeId: '3043',
2026-09-28 10:16:08:       timestamp: '2026-09-07T09:09:22',
2026-09-28 10:16:08:       serialNumber: '30087',
2026-09-28 10:16:08:       cardNumber: '3043'
2026-09-28 10:16:08:     },
2026-09-28 10:16:08:     {
2026-09-28 10:16:08:       employeeId: '3043',
2026-09-28 10:16:08:       timestamp: '2026-09-07T09:09:19',
2026-09-28 10:16:08:       serialNumber: '30086',
2026-09-28 10:16:08:       cardNumber: '3043'
2026-09-28 10:16:08:     },
2026-09-28 10:16:08:     {
2026-09-28 10:16:08:       employeeId: '3043',
2026-09-28 10:16:08:       timestamp: '2026-09-07T09:09:16',
2026-09-28 10:16:08:       serialNumber: '30085',
2026-09-28 10:16:08:       cardNumber: '3043'
2026-09-28 10:16:08:     },
2026-09-28 10:16:08:     {
2026-09-28 10:16:08:       employeeId: '01100',
2026-09-28 10:16:08:       timestamp: '2026-09-07T09:09:07',
2026-09-28 10:16:08:       serialNumber: '30082',
2026-09-28 10:16:08:       cardNumber: ''
2026-09-28 10:16:08:     },
2026-09-28 10:16:08:     {
2026-09-28 10:16:08:       employeeId: '01100',
2026-09-28 10:16:08:       timestamp: '2026-09-07T09:09:05',
2026-09-28 10:16:08:       serialNumber: '30081',
2026-09-28 10:16:08:       cardNumber: ''
2026-09-28 10:16:08:     },
2026-09-28 10:16:08:     {
2026-09-28 10:16:08:       employeeId: '0121',
2026-09-28 10:16:08:       timestamp: '2026-09-07T09:03:41',
2026-09-28 10:16:08:       serialNumber: '30078',
2026-09-28 10:16:08:       cardNumber: '0121'
2026-09-28 10:16:08:     },
2026-09-28 10:16:08:     {
2026-09-28 10:16:08:       employeeId: '0121',
2026-09-28 10:16:08:       timestamp: '2026-09-07T09:03:38',
2026-09-28 10:16:08:       serialNumber: '30077',
2026-09-28 10:16:08:       cardNumber: '0121'
2026-09-28 10:16:08:     },
2026-09-28 10:16:08:     {
2026-09-28 10:16:08:       employeeId: '01345',
2026-09-28 10:16:08:       timestamp: '2026-09-07T09:02:11',
2026-09-28 10:16:08:       serialNumber: '30074',
2026-09-28 10:16:08:       cardNumber: '01345'
2026-09-28 10:16:08:     },
2026-09-28 10:16:08:     {
2026-09-28 10:16:08:       employeeId: '01345',
2026-09-28 10:16:08:       timestamp: '2026-09-07T09:02:08',
2026-09-28 10:16:08:       serialNumber: '30073',
2026-09-28 10:16:08:       cardNumber: '01345'
2026-09-28 10:16:08:     },
2026-09-28 10:16:08:     {
2026-09-28 10:16:08:       employeeId: '3042',
2026-09-28 10:16:08:       timestamp: '2026-09-07T08:44:01',
2026-09-28 10:16:08:       serialNumber: '30070',
2026-09-28 10:16:08:       cardNumber: '3042'
2026-09-28 10:16:08:     },
2026-09-28 10:16:08:     {
2026-09-28 10:16:08:       employeeId: '3042',
2026-09-28 10:16:08:       timestamp: '2026-09-07T08:43:58',
2026-09-28 10:16:08:       serialNumber: '30069',
2026-09-28 10:16:08:       cardNumber: '3042'
2026-09-28 10:16:08:     },
2026-09-28 10:16:08:     {
2026-09-28 10:16:08:       employeeId: '3273',
2026-09-28 10:16:08:       timestamp: '2026-09-07T08:40:00',
2026-09-28 10:16:08:       serialNumber: '30065',
2026-09-28 10:16:08:       cardNumber: '3273'
2026-09-28 10:16:08:     },
2026-09-28 10:16:08:     {
2026-09-28 10:16:08:       employeeId: '3273',
2026-09-28 10:16:08:       timestamp: '2026-09-07T08:39:58',
2026-09-28 10:16:08:       serialNumber: '30064',
2026-09-28 10:16:08:       cardNumber: '3273'
2026-09-28 10:16:08:     },
2026-09-28 10:16:08:     {
2026-09-28 10:16:08:       employeeId: '3214',
2026-09-28 10:16:08:       timestamp: '2026-09-04T18:32:48',
2026-09-28 10:16:08:       serialNumber: '30061',
2026-09-28 10:16:08:       cardNumber: '3214'
2026-09-28 10:16:08:     },
2026-09-28 10:16:08:     {
2026-09-28 10:16:08:       employeeId: '3043',
2026-09-28 10:16:08:       timestamp: '2026-09-04T18:08:17',
2026-09-28 10:16:08:       serialNumber: '30058',
2026-09-28 10:16:08:       cardNumber: '3043'
2026-09-28 10:16:08:     },
2026-09-28 10:16:08:     {
2026-09-28 10:16:08:       employeeId: '01345',
2026-09-28 10:16:08:       timestamp: '2026-09-04T18:08:13',
2026-09-28 10:16:08:       serialNumber: '30057',
2026-09-28 10:16:08:       cardNumber: '01345'
2026-09-28 10:16:08:     },
2026-09-28 10:16:08:     {
2026-09-28 10:16:08:       employeeId: '3043',
2026-09-28 10:16:08:       timestamp: '2026-09-04T18:08:06',
2026-09-28 10:16:08:       serialNumber: '30054',
2026-09-28 10:16:08:       cardNumber: '3043'
2026-09-28 10:16:08:     },
2026-09-28 10:16:08:     {
2026-09-28 10:16:08:       employeeId: '3043',
2026-09-28 10:16:08:       timestamp: '2026-09-04T18:08:03',
2026-09-28 10:16:08:       serialNumber: '30053',
2026-09-28 10:16:08:       cardNumber: '3043'
2026-09-28 10:16:08:     },
2026-09-28 10:16:08:     {
2026-09-28 10:16:08:       employeeId: '01345',
2026-09-28 10:16:08:       timestamp: '2026-09-04T18:07:55',
2026-09-28 10:16:08:       serialNumber: '30050',
2026-09-28 10:16:08:       cardNumber: '01345'
2026-09-28 10:16:08:     },
2026-09-28 10:16:08:     {
2026-09-28 10:16:08:       employeeId: '3042',
2026-09-28 10:16:08:       timestamp: '2026-09-04T18:05:06',
2026-09-28 10:16:08:       serialNumber: '30047',
2026-09-28 10:16:08:       cardNumber: '3042'
2026-09-28 10:16:08:     },
2026-09-28 10:16:08:     {
2026-09-28 10:16:08:       employeeId: '3042',
2026-09-28 10:16:08:       timestamp: '2026-09-04T18:05:04',
2026-09-28 10:16:08:       serialNumber: '30046',
2026-09-28 10:16:08:       cardNumber: '3042'
2026-09-28 10:16:08:     },
2026-09-28 10:16:08:     {
2026-09-28 10:16:08:       employeeId: '0121',
2026-09-28 10:16:08:       timestamp: '2026-09-04T18:04:56',
2026-09-28 10:16:08:       serialNumber: '30042',
2026-09-28 10:16:08:       cardNumber: '0121'
2026-09-28 10:16:08:     },
2026-09-28 10:16:08:     {
2026-09-28 10:16:08:       employeeId: '0121',
2026-09-28 10:16:08:       timestamp: '2026-09-04T18:04:53',
2026-09-28 10:16:08:       serialNumber: '30041',
2026-09-28 10:16:08:       cardNumber: '0121'
2026-09-28 10:16:08:     },
2026-09-28 10:16:08:     {
2026-09-28 10:16:08:       employeeId: '01042',
2026-09-28 10:16:08:       timestamp: '2026-09-04T18:03:53',
2026-09-28 10:16:08:       serialNumber: '30038',
2026-09-28 10:16:08:       cardNumber: '01042'
2026-09-28 10:16:08:     },
2026-09-28 10:16:08:     {
2026-09-28 10:16:08:       employeeId: '01042',
2026-09-28 10:16:08:       timestamp: '2026-09-04T18:03:52',
2026-09-28 10:16:08:       serialNumber: '30037',
2026-09-28 10:16:08:       cardNumber: '01042'
2026-09-28 10:16:08:     },
2026-09-28 10:16:08:     {
2026-09-28 10:16:08:       employeeId: '01042',
2026-09-28 10:16:08:       timestamp: '2026-09-04T18:03:50',
2026-09-28 10:16:08:       serialNumber: '30036',
2026-09-28 10:16:08:       cardNumber: '01042'
2026-09-28 10:16:08:     },
2026-09-28 10:16:08:     {
2026-09-28 10:16:08:       employeeId: '01042',
2026-09-28 10:16:08:       timestamp: '2026-09-04T18:03:49',
2026-09-28 10:16:08:       serialNumber: '30035',
2026-09-28 10:16:08:       cardNumber: '01042'
2026-09-28 10:16:08:     },
2026-09-28 10:16:08:     {
2026-09-28 10:16:08:       employeeId: '3273',
2026-09-28 10:16:08:       timestamp: '2026-09-04T18:01:45',
2026-09-28 10:16:08:       serialNumber: '30032',
2026-09-28 10:16:08:       cardNumber: '3273'
2026-09-28 10:16:08:     },
2026-09-28 10:16:08:     {
2026-09-28 10:16:08:       employeeId: '3273',
2026-09-28 10:16:08:       timestamp: '2026-09-04T18:01:44',
2026-09-28 10:16:08:       serialNumber: '30031',
2026-09-28 10:16:08:       cardNumber: '3273'
2026-09-28 10:16:08:     },
2026-09-28 10:16:08:     {
2026-09-28 10:16:08:       employeeId: '3273',
2026-09-28 10:16:08:       timestamp: '2026-09-04T18:01:42',
2026-09-28 10:16:08:       serialNumber: '30030',
2026-09-28 10:16:08:       cardNumber: '3273'
2026-09-28 10:16:08:     },
2026-09-28 10:16:08:     {
2026-09-28 10:16:08:       employeeId: '01100',
2026-09-28 10:16:08:       timestamp: '2026-09-04T09:08:31',
2026-09-28 10:16:08:       serialNumber: '29945',
2026-09-28 10:16:08:       cardNumber: ''
2026-09-28 10:16:08:     },
2026-09-28 10:16:08:     {
2026-09-28 10:16:08:       employeeId: '01100',
2026-09-28 10:16:08:       timestamp: '2026-09-04T09:08:29',
2026-09-28 10:16:08:       serialNumber: '29944',
2026-09-28 10:16:08:       cardNumber: ''
2026-09-28 10:16:08:     },
2026-09-28 10:16:08:     {
2026-09-28 10:16:08:       employeeId: '3043',
2026-09-28 10:16:08:       timestamp: '2026-09-04T09:07:37',
2026-09-28 10:16:08:       serialNumber: '29941',
2026-09-28 10:16:08:       cardNumber: '3043'
2026-09-28 10:16:08:     },
2026-09-28 10:16:08:     {
2026-09-28 10:16:08:       employeeId: '3043',
2026-09-28 10:16:08:       timestamp: '2026-09-04T09:07:04',
2026-09-28 10:16:08:       serialNumber: '29938',
2026-09-28 10:16:08:       cardNumber: '3043'
2026-09-28 10:16:08:     },
2026-09-28 10:16:08:     {
2026-09-28 10:16:08:       employeeId: '3043',
2026-09-28 10:16:08:       timestamp: '2026-09-04T09:07:03',
2026-09-28 10:16:08:       serialNumber: '29937',
2026-09-28 10:16:08:       cardNumber: '3043'
2026-09-28 10:16:08:     },
2026-09-28 10:16:08:     {
2026-09-28 10:16:08:       employeeId: '01345',
2026-09-28 10:16:08:       timestamp: '2026-09-04T09:01:17',
2026-09-28 10:16:08:       serialNumber: '29934',
2026-09-28 10:16:08:       cardNumber: '01345'
2026-09-28 10:16:08:     },
2026-09-28 10:16:08:     {
2026-09-28 10:16:08:       employeeId: '01345',
2026-09-28 10:16:08:       timestamp: '2026-09-04T09:01:15',
2026-09-28 10:16:08:       serialNumber: '29933',
2026-09-28 10:16:08:       cardNumber: '01345'
2026-09-28 10:16:08:     },
2026-09-28 10:16:08:     {
2026-09-28 10:16:08:       employeeId: '3042',
2026-09-28 10:16:08:       timestamp: '2026-09-04T08:58:08',
2026-09-28 10:16:08:       serialNumber: '29930',
2026-09-28 10:16:08:       cardNumber: '3042'
2026-09-28 10:16:08:     },
2026-09-28 10:16:08:     {
2026-09-28 10:16:08:       employeeId: '3042',
2026-09-28 10:16:08:       timestamp: '2026-09-04T08:58:03',
2026-09-28 10:16:08:       serialNumber: '29928',
2026-09-28 10:16:08:       cardNumber: '3042'
2026-09-28 10:16:08:     },
2026-09-28 10:16:08:     {
2026-09-28 10:16:08:       employeeId: '0121',
2026-09-28 10:16:08:       timestamp: '2026-09-04T08:57:59',
2026-09-28 10:16:08:       serialNumber: '29927',
2026-09-28 10:16:08:       cardNumber: '0121'
2026-09-28 10:16:08:     },
2026-09-28 10:16:08:     {
2026-09-28 10:16:08:       employeeId: '0121',
2026-09-28 10:16:08:       timestamp: '2026-09-04T08:57:57',
2026-09-28 10:16:08:       serialNumber: '29926',
2026-09-28 10:16:08:       cardNumber: '0121'
2026-09-28 10:16:08:     }
2026-09-28 10:16:08:   ],
2026-09-28 10:16:08:   source: 'app-manual',
2026-09-28 10:16:08:   clockIp: '172.17.102.31',
2026-09-28 10:16:08:   clockName: 'TECNOLOGIAS',
2026-09-28 10:16:08:   syncDate: '2026-09-28T16:16:07.994Z'
2026-09-28 10:16:08: }
2026-09-28 10:16:14: {
2026-09-28 10:16:14:   records: [
2026-09-28 10:16:14:     {
2026-09-28 10:16:14:       employeeId: '3273',
2026-09-28 10:16:14:       timestamp: '2026-09-04T08:30:53',
2026-09-28 10:16:14:       serialNumber: '29923',
2026-09-28 10:16:14:       cardNumber: '3273'
2026-09-28 10:16:14:     },
2026-09-28 10:16:14:     {
2026-09-28 10:16:14:       employeeId: '3273',
2026-09-28 10:16:14:       timestamp: '2026-09-04T08:30:51',
2026-09-28 10:16:14:       serialNumber: '29922',
2026-09-28 10:16:14:       cardNumber: '3273'
2026-09-28 10:16:14:     },
2026-09-28 10:16:14:     {
2026-09-28 10:16:14:       employeeId: '3273',
2026-09-28 10:16:14:       timestamp: '2026-09-04T08:30:49',
2026-09-28 10:16:14:       serialNumber: '29921',
2026-09-28 10:16:14:       cardNumber: '3273'
2026-09-28 10:16:14:     },
2026-09-28 10:16:14:     {
2026-09-28 10:16:14:       employeeId: '01100',
2026-09-28 10:16:14:       timestamp: '2026-09-03T18:18:08',
2026-09-28 10:16:14:       serialNumber: '29918',
2026-09-28 10:16:14:       cardNumber: ''
2026-09-28 10:16:14:     },
2026-09-28 10:16:14:     {
2026-09-28 10:16:14:       employeeId: '01100',
2026-09-28 10:16:14:       timestamp: '2026-09-03T18:18:06',
2026-09-28 10:16:14:       serialNumber: '29917',
2026-09-28 10:16:14:       cardNumber: ''
2026-09-28 10:16:14:     },
2026-09-28 10:16:14:     {
2026-09-28 10:16:14:       employeeId: '01100',
2026-09-28 10:16:14:       timestamp: '2026-09-03T18:12:56',
2026-09-28 10:16:14:       serialNumber: '29914',
2026-09-28 10:16:14:       cardNumber: ''
2026-09-28 10:16:14:     },
2026-09-28 10:16:14:     {
2026-09-28 10:16:14:       employeeId: '01100',
2026-09-28 10:16:14:       timestamp: '2026-09-03T18:12:55',
2026-09-28 10:16:14:       serialNumber: '29913',
2026-09-28 10:16:14:       cardNumber: ''
2026-09-28 10:16:14:     },
2026-09-28 10:16:14:     {
2026-09-28 10:16:14:       employeeId: '3042',
2026-09-28 10:16:14:       timestamp: '2026-09-03T18:07:45',
2026-09-28 10:16:14:       serialNumber: '29910',
2026-09-28 10:16:14:       cardNumber: '3042'
2026-09-28 10:16:14:     },
2026-09-28 10:16:14:     {
2026-09-28 10:16:14:       employeeId: '3042',
2026-09-28 10:16:14:       timestamp: '2026-09-03T18:07:43',
2026-09-28 10:16:14:       serialNumber: '29909',
2026-09-28 10:16:14:       cardNumber: '3042'
2026-09-28 10:16:14:     },
2026-09-28 10:16:14:     {
2026-09-28 10:16:14:       employeeId: '3043',
2026-09-28 10:16:14:       timestamp: '2026-09-03T18:07:40',
2026-09-28 10:16:14:       serialNumber: '29908',
2026-09-28 10:16:14:       cardNumber: '3043'
2026-09-28 10:16:14:     },
2026-09-28 10:16:14:     {
2026-09-28 10:16:14:       employeeId: '3043',
2026-09-28 10:16:14:       timestamp: '2026-09-03T18:07:38',
2026-09-28 10:16:14:       serialNumber: '29907',
2026-09-28 10:16:14:       cardNumber: '3043'
2026-09-28 10:16:14:     },
2026-09-28 10:16:14:     {
2026-09-28 10:16:14:       employeeId: '01345',
2026-09-28 10:16:14:       timestamp: '2026-09-03T18:07:35',
2026-09-28 10:16:14:       serialNumber: '29906',
2026-09-28 10:16:14:       cardNumber: '01345'
2026-09-28 10:16:14:     },
2026-09-28 10:16:14:     {
2026-09-28 10:16:14:       employeeId: '01345',
2026-09-28 10:16:14:       timestamp: '2026-09-03T18:07:33',
2026-09-28 10:16:14:       serialNumber: '29905',
2026-09-28 10:16:14:       cardNumber: '01345'
2026-09-28 10:16:14:     },
2026-09-28 10:16:14:     {
2026-09-28 10:16:14:       employeeId: '3273',
2026-09-28 10:16:14:       timestamp: '2026-09-03T18:06:01',
2026-09-28 10:16:14:       serialNumber: '29902',
2026-09-28 10:16:14:       cardNumber: '3273'
2026-09-28 10:16:14:     },
2026-09-28 10:16:14:     {
2026-09-28 10:16:14:       employeeId: '3273',
2026-09-28 10:16:14:       timestamp: '2026-09-03T18:06:00',
2026-09-28 10:16:14:       serialNumber: '29901',
2026-09-28 10:16:14:       cardNumber: '3273'
2026-09-28 10:16:14:     },
2026-09-28 10:16:14:     {
2026-09-28 10:16:14:       employeeId: '0121',
2026-09-28 10:16:14:       timestamp: '2026-09-03T18:05:49',
2026-09-28 10:16:14:       serialNumber: '29898',
2026-09-28 10:16:14:       cardNumber: '0121'
2026-09-28 10:16:14:     },
2026-09-28 10:16:14:     {
2026-09-28 10:16:14:       employeeId: '0121',
2026-09-28 10:16:14:       timestamp: '2026-09-03T18:05:47',
2026-09-28 10:16:14:       serialNumber: '29897',
2026-09-28 10:16:14:       cardNumber: '0121'
2026-09-28 10:16:14:     },
2026-09-28 10:16:14:     {
2026-09-28 10:16:14:       employeeId: '01042',
2026-09-28 10:16:14:       timestamp: '2026-09-03T18:05:43',
2026-09-28 10:16:14:       serialNumber: '29896',
2026-09-28 10:16:14:       cardNumber: '01042'
2026-09-28 10:16:14:     },
2026-09-28 10:16:14:     {
2026-09-28 10:16:14:       employeeId: '01042',
2026-09-28 10:16:14:       timestamp: '2026-09-03T18:05:40',
2026-09-28 10:16:14:       serialNumber: '29895',
2026-09-28 10:16:14:       cardNumber: '01042'
2026-09-28 10:16:14:     },
2026-09-28 10:16:14:     {
2026-09-28 10:16:14:       employeeId: '01042',
2026-09-28 10:16:14:       timestamp: '2026-09-03T18:05:39',
2026-09-28 10:16:14:       serialNumber: '29894',
2026-09-28 10:16:14:       cardNumber: '01042'
2026-09-28 10:16:14:     },
2026-09-28 10:16:14:     {
2026-09-28 10:16:14:       employeeId: '01042',
2026-09-28 10:16:14:       timestamp: '2026-09-03T18:05:38',
2026-09-28 10:16:14:       serialNumber: '29893',
2026-09-28 10:16:14:       cardNumber: '01042'
2026-09-28 10:16:14:     },
2026-09-28 10:16:14:     {
2026-09-28 10:16:14:       employeeId: '01100',
2026-09-28 10:16:14:       timestamp: '2026-09-03T09:10:29',
2026-09-28 10:16:14:       serialNumber: '29857',
2026-09-28 10:16:14:       cardNumber: ''
2026-09-28 10:16:14:     },
2026-09-28 10:16:14:     {
2026-09-28 10:16:14:       employeeId: '3043',
2026-09-28 10:16:14:       timestamp: '2026-09-03T09:09:36',
2026-09-28 10:16:14:       serialNumber: '29854',
2026-09-28 10:16:14:       cardNumber: '3043'
2026-09-28 10:16:14:     },
2026-09-28 10:16:14:     {
2026-09-28 10:16:14:       employeeId: '3043',
2026-09-28 10:16:14:       timestamp: '2026-09-03T09:09:33',
2026-09-28 10:16:14:       serialNumber: '29853',
2026-09-28 10:16:14:       cardNumber: '3043'
2026-09-28 10:16:14:     },
2026-09-28 10:16:14:     {
2026-09-28 10:16:14:       employeeId: '3043',
2026-09-28 10:16:14:       timestamp: '2026-09-03T09:09:31',
2026-09-28 10:16:14:       serialNumber: '29852',
2026-09-28 10:16:14:       cardNumber: '3043'
2026-09-28 10:16:14:     },
2026-09-28 10:16:14:     {
2026-09-28 10:16:14:       employeeId: '3214',
2026-09-28 10:16:14:       timestamp: '2026-09-03T09:08:17',
2026-09-28 10:16:14:       serialNumber: '29849',
2026-09-28 10:16:14:       cardNumber: '3214'
2026-09-28 10:16:14:     },
2026-09-28 10:16:14:     {
2026-09-28 10:16:14:       employeeId: '0121',
2026-09-28 10:16:14:       timestamp: '2026-09-03T09:07:32',
2026-09-28 10:16:14:       serialNumber: '29846',
2026-09-28 10:16:14:       cardNumber: '0121'
2026-09-28 10:16:14:     },
2026-09-28 10:16:14:     {
2026-09-28 10:16:14:       employeeId: '0121',
2026-09-28 10:16:14:       timestamp: '2026-09-03T09:07:28',
2026-09-28 10:16:14:       serialNumber: '29845',
2026-09-28 10:16:14:       cardNumber: '0121'
2026-09-28 10:16:14:     },
2026-09-28 10:16:14:     {
2026-09-28 10:16:14:       employeeId: '0121',
2026-09-28 10:16:14:       timestamp: '2026-09-03T09:07:25',
2026-09-28 10:16:14:       serialNumber: '29844',
2026-09-28 10:16:14:       cardNumber: '0121'
2026-09-28 10:16:14:     },
2026-09-28 10:16:14:     {
2026-09-28 10:16:14:       employeeId: '01042',
2026-09-28 10:16:14:       timestamp: '2026-09-03T09:06:34',
2026-09-28 10:16:14:       serialNumber: '29841',
2026-09-28 10:16:14:       cardNumber: '01042'
2026-09-28 10:16:14:     },
2026-09-28 10:16:14:     {
2026-09-28 10:16:14:       employeeId: '01042',
2026-09-28 10:16:14:       timestamp: '2026-09-03T09:06:32',
2026-09-28 10:16:14:       serialNumber: '29840',
2026-09-28 10:16:14:       cardNumber: '01042'
2026-09-28 10:16:14:     },
2026-09-28 10:16:14:     {
2026-09-28 10:16:14:       employeeId: '01042',
2026-09-28 10:16:14:       timestamp: '2026-09-03T09:06:31',
2026-09-28 10:16:14:       serialNumber: '29839',
2026-09-28 10:16:14:       cardNumber: '01042'
2026-09-28 10:16:14:     },
2026-09-28 10:16:14:     {
2026-09-28 10:16:14:       employeeId: '01042',
2026-09-28 10:16:14:       timestamp: '2026-09-03T09:06:29',
2026-09-28 10:16:14:       serialNumber: '29838',
2026-09-28 10:16:14:       cardNumber: '01042'
2026-09-28 10:16:14:     },
2026-09-28 10:16:14:     {
2026-09-28 10:16:14:       employeeId: '01042',
2026-09-28 10:16:14:       timestamp: '2026-09-03T09:06:28',
2026-09-28 10:16:14:       serialNumber: '29837',
2026-09-28 10:16:14:       cardNumber: '01042'
2026-09-28 10:16:14:     },
2026-09-28 10:16:14:     {
2026-09-28 10:16:14:       employeeId: '01042',
2026-09-28 10:16:14:       timestamp: '2026-09-03T09:06:27',
2026-09-28 10:16:14:       serialNumber: '29836',
2026-09-28 10:16:14:       cardNumber: '01042'
2026-09-28 10:16:14:     },
2026-09-28 10:16:14:     {
2026-09-28 10:16:14:       employeeId: '01345',
2026-09-28 10:16:14:       timestamp: '2026-09-03T08:59:50',
2026-09-28 10:16:14:       serialNumber: '29833',
2026-09-28 10:16:14:       cardNumber: '01345'
2026-09-28 10:16:14:     },
2026-09-28 10:16:14:     {
2026-09-28 10:16:14:       employeeId: '01345',
2026-09-28 10:16:14:       timestamp: '2026-09-03T08:59:48',
2026-09-28 10:16:14:       serialNumber: '29832',
2026-09-28 10:16:14:       cardNumber: '01345'
2026-09-28 10:16:14:     },
2026-09-28 10:16:14:     {
2026-09-28 10:16:14:       employeeId: '3042',
2026-09-28 10:16:14:       timestamp: '2026-09-03T08:45:49',
2026-09-28 10:16:14:       serialNumber: '29829',
2026-09-28 10:16:14:       cardNumber: '3042'
2026-09-28 10:16:14:     },
2026-09-28 10:16:14:     {
2026-09-28 10:16:14:       employeeId: '3042',
2026-09-28 10:16:14:       timestamp: '2026-09-03T08:45:47',
2026-09-28 10:16:14:       serialNumber: '29828',
2026-09-28 10:16:14:       cardNumber: '3042'
2026-09-28 10:16:14:     },
2026-09-28 10:16:14:     {
2026-09-28 10:16:14:       employeeId: '3273',
2026-09-28 10:16:14:       timestamp: '2026-09-03T08:31:35',
2026-09-28 10:16:14:       serialNumber: '29825',
2026-09-28 10:16:14:       cardNumber: '3273'
2026-09-28 10:16:14:     },
2026-09-28 10:16:14:     {
2026-09-28 10:16:14:       employeeId: '3273',
2026-09-28 10:16:14:       timestamp: '2026-09-03T08:31:33',
2026-09-28 10:16:14:       serialNumber: '29824',
2026-09-28 10:16:14:       cardNumber: '3273'
2026-09-28 10:16:14:     },
2026-09-28 10:16:14:     {
2026-09-28 10:16:14:       employeeId: '3273',
2026-09-28 10:16:14:       timestamp: '2026-09-03T08:31:32',
2026-09-28 10:16:14:       serialNumber: '29823',
2026-09-28 10:16:14:       cardNumber: '3273'
2026-09-28 10:16:14:     },
2026-09-28 10:16:14:     {
2026-09-28 10:16:14:       employeeId: '3214',
2026-09-28 10:16:14:       timestamp: '2026-09-02T18:06:22',
2026-09-28 10:16:14:       serialNumber: '29820',
2026-09-28 10:16:14:       cardNumber: '3214'
2026-09-28 10:16:14:     },
2026-09-28 10:16:14:     {
2026-09-28 10:16:14:       employeeId: '01042',
2026-09-28 10:16:14:       timestamp: '2026-09-02T18:06:12',
2026-09-28 10:16:14:       serialNumber: '29817',
2026-09-28 10:16:14:       cardNumber: '01042'
2026-09-28 10:16:14:     },
2026-09-28 10:16:14:     {
2026-09-28 10:16:14:       employeeId: '01042',
2026-09-28 10:16:14:       timestamp: '2026-09-02T18:06:11',
2026-09-28 10:16:14:       serialNumber: '29816',
2026-09-28 10:16:14:       cardNumber: '01042'
2026-09-28 10:16:14:     },
2026-09-28 10:16:14:     {
2026-09-28 10:16:14:       employeeId: '01042',
2026-09-28 10:16:14:       timestamp: '2026-09-02T18:06:09',
2026-09-28 10:16:14:       serialNumber: '29815',
2026-09-28 10:16:14:       cardNumber: '01042'
2026-09-28 10:16:14:     },
2026-09-28 10:16:14:     {
2026-09-28 10:16:14:       employeeId: '3042',
2026-09-28 10:16:14:       timestamp: '2026-09-02T18:06:06',
2026-09-28 10:16:14:       serialNumber: '29814',
2026-09-28 10:16:14:       cardNumber: '3042'
2026-09-28 10:16:14:     },
2026-09-28 10:16:14:     {
2026-09-28 10:16:14:       employeeId: '3042',
2026-09-28 10:16:14:       timestamp: '2026-09-02T18:06:03',
2026-09-28 10:16:14:       serialNumber: '29813',
2026-09-28 10:16:14:       cardNumber: '3042'
2026-09-28 10:16:14:     },
2026-09-28 10:16:14:     {
2026-09-28 10:16:14:       employeeId: '3043',
2026-09-28 10:16:14:       timestamp: '2026-09-02T18:05:59',
2026-09-28 10:16:14:       serialNumber: '29812',
2026-09-28 10:16:14:       cardNumber: '3043'
2026-09-28 10:16:14:     },
2026-09-28 10:16:14:     {
2026-09-28 10:16:14:       employeeId: '3043',
2026-09-28 10:16:14:       timestamp: '2026-09-02T18:05:56',
2026-09-28 10:16:14:       serialNumber: '29811',
2026-09-28 10:16:14:       cardNumber: '3043'
2026-09-28 10:16:14:     },
2026-09-28 10:16:14:     {
2026-09-28 10:16:14:       employeeId: '0121',
2026-09-28 10:16:14:       timestamp: '2026-09-02T18:04:18',
2026-09-28 10:16:14:       serialNumber: '29808',
2026-09-28 10:16:14:       cardNumber: '0121'
2026-09-28 10:16:14:     },
2026-09-28 10:16:14:     {
2026-09-28 10:16:14:       employeeId: '0121',
2026-09-28 10:16:14:       timestamp: '2026-09-02T18:04:14',
2026-09-28 10:16:14:       serialNumber: '29807',
2026-09-28 10:16:14:       cardNumber: '0121'
2026-09-28 10:16:14:     },
2026-09-28 10:16:14:     {
2026-09-28 10:16:14:       employeeId: '3273',
2026-09-28 10:16:14:       timestamp: '2026-09-02T18:04:08',
2026-09-28 10:16:14:       serialNumber: '29804',
2026-09-28 10:16:14:       cardNumber: '3273'
2026-09-28 10:16:14:     },
2026-09-28 10:16:14:     {
2026-09-28 10:16:14:       employeeId: '3273',
2026-09-28 10:16:14:       timestamp: '2026-09-02T18:04:06',
2026-09-28 10:16:14:       serialNumber: '29803',
2026-09-28 10:16:14:       cardNumber: '3273'
2026-09-28 10:16:14:     },
2026-09-28 10:16:14:     {
2026-09-28 10:16:14:       employeeId: '01042',
2026-09-28 10:16:14:       timestamp: '2026-09-02T09:16:19',
2026-09-28 10:16:14:       serialNumber: '29772',
2026-09-28 10:16:14:       cardNumber: '01042'
2026-09-28 10:16:14:     },
2026-09-28 10:16:14:     {
2026-09-28 10:16:14:       employeeId: '01042',
2026-09-28 10:16:14:       timestamp: '2026-09-02T09:16:16',
2026-09-28 10:16:14:       serialNumber: '29771',
2026-09-28 10:16:14:       cardNumber: '01042'
2026-09-28 10:16:14:     },
2026-09-28 10:16:14:     {
2026-09-28 10:16:14:       employeeId: '01042',
2026-09-28 10:16:14:       timestamp: '2026-09-02T09:16:15',
2026-09-28 10:16:14:       serialNumber: '29770',
2026-09-28 10:16:14:       cardNumber: '01042'
2026-09-28 10:16:14:     },
2026-09-28 10:16:14:     {
2026-09-28 10:16:14:       employeeId: '3214',
2026-09-28 10:16:14:       timestamp: '2026-09-02T09:09:11',
2026-09-28 10:16:14:       serialNumber: '29767',
2026-09-28 10:16:14:       cardNumber: '3214'
2026-09-28 10:16:14:     },
2026-09-28 10:16:14:     {
2026-09-28 10:16:14:       employeeId: '3043',
2026-09-28 10:16:14:       timestamp: '2026-09-02T09:08:11',
2026-09-28 10:16:14:       serialNumber: '29764',
2026-09-28 10:16:14:       cardNumber: '3043'
2026-09-28 10:16:14:     },
2026-09-28 10:16:14:     {
2026-09-28 10:16:14:       employeeId: '3043',
2026-09-28 10:16:14:       timestamp: '2026-09-02T09:08:06',
2026-09-28 10:16:14:       serialNumber: '29761',
2026-09-28 10:16:14:       cardNumber: '3043'
2026-09-28 10:16:14:     },
2026-09-28 10:16:14:     {
2026-09-28 10:16:14:       employeeId: '3043',
2026-09-28 10:16:14:       timestamp: '2026-09-02T09:07:41',
2026-09-28 10:16:14:       serialNumber: '29758',
2026-09-28 10:16:14:       cardNumber: '3043'
2026-09-28 10:16:14:     },
2026-09-28 10:16:14:     {
2026-09-28 10:16:14:       employeeId: '0121',
2026-09-28 10:16:14:       timestamp: '2026-09-02T09:01:36',
2026-09-28 10:16:14:       serialNumber: '29755',
2026-09-28 10:16:14:       cardNumber: '0121'
2026-09-28 10:16:14:     },
2026-09-28 10:16:14:     {
2026-09-28 10:16:14:       employeeId: '0121',
2026-09-28 10:16:14:       timestamp: '2026-09-02T09:01:29',
2026-09-28 10:16:14:       serialNumber: '29751',
2026-09-28 10:16:14:       cardNumber: '0121'
2026-09-28 10:16:14:     },
2026-09-28 10:16:14:     {
2026-09-28 10:16:14:       employeeId: '3042',
2026-09-28 10:16:14:       timestamp: '2026-09-02T08:47:50',
2026-09-28 10:16:14:       serialNumber: '29748',
2026-09-28 10:16:14:       cardNumber: '3042'
2026-09-28 10:16:14:     },
2026-09-28 10:16:14:     {
2026-09-28 10:16:14:       employeeId: '3273',
2026-09-28 10:16:14:       timestamp: '2026-09-02T08:32:31',
2026-09-28 10:16:14:       serialNumber: '29745',
2026-09-28 10:16:14:       cardNumber: '3273'
2026-09-28 10:16:14:     },
2026-09-28 10:16:14:     {
2026-09-28 10:16:14:       employeeId: '3273',
2026-09-28 10:16:14:       timestamp: '2026-09-02T08:32:30',
2026-09-28 10:16:14:       serialNumber: '29744',
2026-09-28 10:16:14:       cardNumber: '3273'
2026-09-28 10:16:14:     },
2026-09-28 10:16:14:     {
2026-09-28 10:16:14:       employeeId: '3273',
2026-09-28 10:16:14:       timestamp: '2026-09-02T08:32:29',
2026-09-28 10:16:14:       serialNumber: '29743',
2026-09-28 10:16:14:       cardNumber: '3273'
2026-09-28 10:16:14:     },
2026-09-28 10:16:14:     {
2026-09-28 10:16:14:       employeeId: '3214',
2026-09-28 10:16:14:       timestamp: '2026-09-01T18:16:29',
2026-09-28 10:16:14:       serialNumber: '29740',
2026-09-28 10:16:14:       cardNumber: '3214'
2026-09-28 10:16:14:     },
2026-09-28 10:16:14:     {
2026-09-28 10:16:14:       employeeId: '01100',
2026-09-28 10:16:14:       timestamp: '2026-09-01T18:11:55',
2026-09-28 10:16:14:       serialNumber: '29737',
2026-09-28 10:16:14:       cardNumber: ''
2026-09-28 10:16:14:     },
2026-09-28 10:16:14:     {
2026-09-28 10:16:14:       employeeId: '01100',
2026-09-28 10:16:14:       timestamp: '2026-09-01T18:11:54',
2026-09-28 10:16:14:       serialNumber: '29736',
2026-09-28 10:16:14:       cardNumber: ''
2026-09-28 10:16:14:     },
2026-09-28 10:16:14:     {
2026-09-28 10:16:14:       employeeId: '3043',
2026-09-28 10:16:14:       timestamp: '2026-09-01T18:08:02',
2026-09-28 10:16:14:       serialNumber: '29733',
2026-09-28 10:16:14:       cardNumber: '3043'
2026-09-28 10:16:14:     },
2026-09-28 10:16:14:     {
2026-09-28 10:16:14:       employeeId: '01345',
2026-09-28 10:16:14:       timestamp: '2026-09-01T18:07:25',
2026-09-28 10:16:14:       serialNumber: '29730',
2026-09-28 10:16:14:       cardNumber: '01345'
2026-09-28 10:16:14:     },
2026-09-28 10:16:14:     {
2026-09-28 10:16:14:       employeeId: '01345',
2026-09-28 10:16:14:       timestamp: '2026-09-01T18:07:23',
2026-09-28 10:16:14:       serialNumber: '29729',
2026-09-28 10:16:14:       cardNumber: '01345'
2026-09-28 10:16:14:     },
2026-09-28 10:16:14:     {
2026-09-28 10:16:14:       employeeId: '3043',
2026-09-28 10:16:14:       timestamp: '2026-09-01T18:07:17',
2026-09-28 10:16:14:       serialNumber: '29726',
2026-09-28 10:16:14:       cardNumber: '3043'
2026-09-28 10:16:14:     },
2026-09-28 10:16:14:     {
2026-09-28 10:16:14:       employeeId: '3043',
2026-09-28 10:16:14:       timestamp: '2026-09-01T18:07:15',
2026-09-28 10:16:14:       serialNumber: '29725',
2026-09-28 10:16:14:       cardNumber: '3043'
2026-09-28 10:16:14:     },
2026-09-28 10:16:14:     {
2026-09-28 10:16:14:       employeeId: '01100',
2026-09-28 10:16:14:       timestamp: '2026-09-01T18:07:10',
2026-09-28 10:16:14:       serialNumber: '29724',
2026-09-28 10:16:14:       cardNumber: ''
2026-09-28 10:16:14:     },
2026-09-28 10:16:14:     {
2026-09-28 10:16:14:       employeeId: '01100',
2026-09-28 10:16:14:       timestamp: '2026-09-01T18:07:09',
2026-09-28 10:16:14:       serialNumber: '29723',
2026-09-28 10:16:14:       cardNumber: ''
2026-09-28 10:16:14:     },
2026-09-28 10:16:14:     {
2026-09-28 10:16:14:       employeeId: '01042',
2026-09-28 10:16:14:       timestamp: '2026-09-01T18:06:06',
2026-09-28 10:16:14:       serialNumber: '29720',
2026-09-28 10:16:14:       cardNumber: '01042'
2026-09-28 10:16:14:     },
2026-09-28 10:16:14:     {
2026-09-28 10:16:14:       employeeId: '01042',
2026-09-28 10:16:14:       timestamp: '2026-09-01T18:06:04',
2026-09-28 10:16:14:       serialNumber: '29719',
2026-09-28 10:16:14:       cardNumber: '01042'
2026-09-28 10:16:14:     },
2026-09-28 10:16:14:     {
2026-09-28 10:16:14:       employeeId: '01042',
2026-09-28 10:16:14:       timestamp: '2026-09-01T18:06:03',
2026-09-28 10:16:14:       serialNumber: '29718',
2026-09-28 10:16:14:       cardNumber: '01042'
2026-09-28 10:16:14:     },
2026-09-28 10:16:14:     {
2026-09-28 10:16:14:       employeeId: '01042',
2026-09-28 10:16:14:       timestamp: '2026-09-01T18:06:02',
2026-09-28 10:16:14:       serialNumber: '29717',
2026-09-28 10:16:14:       cardNumber: '01042'
2026-09-28 10:16:14:     },
2026-09-28 10:16:14:     {
2026-09-28 10:16:14:       employeeId: '01042',
2026-09-28 10:16:14:       timestamp: '2026-09-01T18:06:00',
2026-09-28 10:16:14:       serialNumber: '29716',
2026-09-28 10:16:14:       cardNumber: '01042'
2026-09-28 10:16:14:     },
2026-09-28 10:16:14:     {
2026-09-28 10:16:14:       employeeId: '3042',
2026-09-28 10:16:14:       timestamp: '2026-09-01T18:05:53',
2026-09-28 10:16:14:       serialNumber: '29713',
2026-09-28 10:16:14:       cardNumber: '3042'
2026-09-28 10:16:14:     },
2026-09-28 10:16:14:     {
2026-09-28 10:16:14:       employeeId: '3042',
2026-09-28 10:16:14:       timestamp: '2026-09-01T18:05:51',
2026-09-28 10:16:14:       serialNumber: '29712',
2026-09-28 10:16:14:       cardNumber: '3042'
2026-09-28 10:16:14:     },
2026-09-28 10:16:14:     {
2026-09-28 10:16:14:       employeeId: '3273',
2026-09-28 10:16:14:       timestamp: '2026-09-01T18:05:38',
2026-09-28 10:16:14:       serialNumber: '29709',
2026-09-28 10:16:14:       cardNumber: '3273'
2026-09-28 10:16:14:     },
2026-09-28 10:16:14:     {
2026-09-28 10:16:14:       employeeId: '3273',
2026-09-28 10:16:14:       timestamp: '2026-09-01T18:05:36',
2026-09-28 10:16:14:       serialNumber: '29708',
2026-09-28 10:16:14:       cardNumber: '3273'
2026-09-28 10:16:14:     },
2026-09-28 10:16:14:     {
2026-09-28 10:16:14:       employeeId: '3273',
2026-09-28 10:16:14:       timestamp: '2026-09-01T18:05:35',
2026-09-28 10:16:14:       serialNumber: '29707',
2026-09-28 10:16:14:       cardNumber: '3273'
2026-09-28 10:16:14:     },
2026-09-28 10:16:14:     {
2026-09-28 10:16:14:       employeeId: '0121',
2026-09-28 10:16:14:       timestamp: '2026-09-01T18:05:32',
2026-09-28 10:16:14:       serialNumber: '29706',
2026-09-28 10:16:14:       cardNumber: '0121'
2026-09-28 10:16:14:     },
2026-09-28 10:16:14:     {
2026-09-28 10:16:14:       employeeId: '0121',
2026-09-28 10:16:14:       timestamp: '2026-09-01T18:05:30',
2026-09-28 10:16:14:       serialNumber: '29705',
2026-09-28 10:16:14:       cardNumber: '0121'
2026-09-28 10:16:14:     },
2026-09-28 10:16:14:     {
2026-09-28 10:16:14:       employeeId: '01100',
2026-09-28 10:16:14:       timestamp: '2026-09-01T09:09:42',
2026-09-28 10:16:14:       serialNumber: '29680',
2026-09-28 10:16:14:       cardNumber: ''
2026-09-28 10:16:14:     },
2026-09-28 10:16:14:     {
2026-09-28 10:16:14:       employeeId: '01100',
2026-09-28 10:16:14:       timestamp: '2026-09-01T09:09:41',
2026-09-28 10:16:14:       serialNumber: '29679',
2026-09-28 10:16:14:       cardNumber: ''
2026-09-28 10:16:14:     },
2026-09-28 10:16:14:     {
2026-09-28 10:16:14:       employeeId: '3214',
2026-09-28 10:16:14:       timestamp: '2026-09-01T09:08:18',
2026-09-28 10:16:14:       serialNumber: '29676',
2026-09-28 10:16:14:       cardNumber: '3214'
2026-09-28 10:16:14:     },
2026-09-28 10:16:14:     {
2026-09-28 10:16:14:       employeeId: '3043',
2026-09-28 10:16:14:       timestamp: '2026-09-01T09:03:57',
2026-09-28 10:16:14:       serialNumber: '29673',
2026-09-28 10:16:14:       cardNumber: '3043'
2026-09-28 10:16:14:     },
2026-09-28 10:16:14:     {
2026-09-28 10:16:14:       employeeId: '3043',
2026-09-28 10:16:14:       timestamp: '2026-09-01T09:03:55',
2026-09-28 10:16:14:       serialNumber: '29672',
2026-09-28 10:16:14:       cardNumber: '3043'
2026-09-28 10:16:14:     },
2026-09-28 10:16:14:     {
2026-09-28 10:16:14:       employeeId: '3043',
2026-09-28 10:16:14:       timestamp: '2026-09-01T09:03:53',
2026-09-28 10:16:14:       serialNumber: '29671',
2026-09-28 10:16:14:       cardNumber: '3043'
2026-09-28 10:16:14:     },
2026-09-28 10:16:14:     {
2026-09-28 10:16:14:       employeeId: '01345',
2026-09-28 10:16:14:       timestamp: '2026-09-01T09:03:41',
2026-09-28 10:16:14:       serialNumber: '29668',
2026-09-28 10:16:14:       cardNumber: '01345'
2026-09-28 10:16:14:     },
2026-09-28 10:16:14:     {
2026-09-28 10:16:14:       employeeId: '01345',
2026-09-28 10:16:14:       timestamp: '2026-09-01T09:03:39',
2026-09-28 10:16:14:       serialNumber: '29667',
2026-09-28 10:16:14:       cardNumber: '01345'
2026-09-28 10:16:14:     },
2026-09-28 10:16:14:     {
2026-09-28 10:16:14:       employeeId: '01042',
2026-09-28 10:16:14:       timestamp: '2026-09-01T09:00:16',
2026-09-28 10:16:14:       serialNumber: '29664',
2026-09-28 10:16:14:       cardNumber: '01042'
2026-09-28 10:16:14:     },
2026-09-28 10:16:14:     {
2026-09-28 10:16:14:       employeeId: '01042',
2026-09-28 10:16:14:       timestamp: '2026-09-01T09:00:15',
2026-09-28 10:16:14:       serialNumber: '29663',
2026-09-28 10:16:14:       cardNumber: '01042'
2026-09-28 10:16:14:     },
2026-09-28 10:16:14:     {
2026-09-28 10:16:14:       employeeId: '01042',
2026-09-28 10:16:14:       timestamp: '2026-09-01T09:00:13',
2026-09-28 10:16:14:       serialNumber: '29662',
2026-09-28 10:16:14:       cardNumber: '01042'
2026-09-28 10:16:14:     }
2026-09-28 10:16:14:   ],
2026-09-28 10:16:14:   source: 'app-manual',
2026-09-28 10:16:14:   clockIp: '172.17.102.31',
2026-09-28 10:16:14:   clockName: 'TECNOLOGIAS',
2026-09-28 10:16:14:   syncDate: '2026-09-28T16:16:14.426Z'
2026-09-28 10:16:14: }
2026-09-28 10:16:20: {
2026-09-28 10:16:20:   records: [
2026-09-28 10:16:20:     {
2026-09-28 10:16:20:       employeeId: '01042',
2026-09-28 10:16:20:       timestamp: '2026-09-01T09:00:12',
2026-09-28 10:16:20:       serialNumber: '29661',
2026-09-28 10:16:20:       cardNumber: '01042'
2026-09-28 10:16:20:     },
2026-09-28 10:16:20:     {
2026-09-28 10:16:20:       employeeId: '01042',
2026-09-28 10:16:20:       timestamp: '2026-09-01T09:00:10',
2026-09-28 10:16:20:       serialNumber: '29660',
2026-09-28 10:16:20:       cardNumber: '01042'
2026-09-28 10:16:20:     },
2026-09-28 10:16:20:     {
2026-09-28 10:16:20:       employeeId: '0121',
2026-09-28 10:16:20:       timestamp: '2026-09-01T08:58:08',
2026-09-28 10:16:20:       serialNumber: '29657',
2026-09-28 10:16:20:       cardNumber: '0121'
2026-09-28 10:16:20:     },
2026-09-28 10:16:20:     {
2026-09-28 10:16:20:       employeeId: '0121',
2026-09-28 10:16:20:       timestamp: '2026-09-01T08:58:05',
2026-09-28 10:16:20:       serialNumber: '29656',
2026-09-28 10:16:20:       cardNumber: '0121'
2026-09-28 10:16:20:     },
2026-09-28 10:16:20:     {
2026-09-28 10:16:20:       employeeId: '3042',
2026-09-28 10:16:20:       timestamp: '2026-09-01T08:47:46',
2026-09-28 10:16:20:       serialNumber: '29653',
2026-09-28 10:16:20:       cardNumber: '3042'
2026-09-28 10:16:20:     },
2026-09-28 10:16:20:     {
2026-09-28 10:16:20:       employeeId: '3042',
2026-09-28 10:16:20:       timestamp: '2026-09-01T08:47:44',
2026-09-28 10:16:20:       serialNumber: '29652',
2026-09-28 10:16:20:       cardNumber: '3042'
2026-09-28 10:16:20:     },
2026-09-28 10:16:20:     {
2026-09-28 10:16:20:       employeeId: '3273',
2026-09-28 10:16:20:       timestamp: '2026-09-01T08:37:31',
2026-09-28 10:16:20:       serialNumber: '29649',
2026-09-28 10:16:20:       cardNumber: '3273'
2026-09-28 10:16:20:     },
2026-09-28 10:16:20:     {
2026-09-28 10:16:20:       employeeId: '3273',
2026-09-28 10:16:20:       timestamp: '2026-09-01T08:37:30',
2026-09-28 10:16:20:       serialNumber: '29648',
2026-09-28 10:16:20:       cardNumber: '3273'
2026-09-28 10:16:20:     },
2026-09-28 10:16:20:     {
2026-09-28 10:16:20:       employeeId: '3273',
2026-09-28 10:16:20:       timestamp: '2026-09-01T08:37:29',
2026-09-28 10:16:20:       serialNumber: '29647',
2026-09-28 10:16:20:       cardNumber: '3273'
2026-09-28 10:16:20:     }
2026-09-28 10:16:20:   ],
2026-09-28 10:16:20:   source: 'app-manual',
2026-09-28 10:16:20:   clockIp: '172.17.102.31',
2026-09-28 10:16:20:   clockName: 'TECNOLOGIAS',
2026-09-28 10:16:20:   syncDate: '2026-09-28T16:16:20.154Z'
2026-09-28 10:16:20: }
2026-09-30 12:26:06: ◇ injected env (3) from .env // tip: ⌘ override existing { override: true }
2026-09-30 12:26:08: Servidor corriendo sin problemas en el puerto 5176
2026-09-30 13:00:46: ◇ injected env (3) from .env // tip: ◈ encrypted .env [www.dotenvx.com]
2026-09-30 13:00:47: Servidor corriendo sin problemas en el puerto 5176
2026-09-30 13:02:38: ◇ injected env (3) from .env // tip: ⌘ suppress logs { quiet: true }
2026-09-30 13:02:39: Servidor corriendo sin problemas en el puerto 5176
